16-Jul-2026 16:48:59.222 SEVERE [main] org.apache.catalina.startup.Catalina.stopServer Could not contact [localhost:18005] (base port [18005] and offset [0]). Tomcat may not be running.
16-Jul-2026 16:50:21.324 INFO [main] org.apache.catalina.startup.VersionLoggerListener.log Server version name:   Apache Tomcat/9.0.120
16-Jul-2026 16:50:21.333 INFO [main] org.apache.catalina.startup.VersionLoggerListener.log Server built:          Jul 3 2026 07:49:53 UTC
16-Jul-2026 16:50:21.333 INFO [main] org.apache.catalina.startup.VersionLoggerListener.log Server version number: 9.0.120.0
16-Jul-2026 16:50:21.335 INFO [main] org.apache.catalina.startup.VersionLoggerListener.log OS Name:               Windows 11
16-Jul-2026 16:50:21.335 INFO [main] org.apache.catalina.startup.VersionLoggerListener.log OS Version:            10.0
16-Jul-2026 16:50:21.335 INFO [main] org.apache.catalina.startup.VersionLoggerListener.log Architecture:          amd64
16-Jul-2026 16:50:21.337 INFO [main] org.apache.catalina.startup.VersionLoggerListener.log Java Home:             C:\Program Files\Microsoft\jdk-17.0.19.10-hotspot
16-Jul-2026 16:50:21.337 INFO [main] org.apache.catalina.startup.VersionLoggerListener.log JVM Version:           17.0.19+10-LTS
16-Jul-2026 16:50:21.337 INFO [main] org.apache.catalina.startup.VersionLoggerListener.log JVM Vendor:            Microsoft
16-Jul-2026 16:50:21.337 INFO [main] org.apache.catalina.startup.VersionLoggerListener.log CATALINA_BASE:         C:\Users\sjay8\Downloads\yamuna_fina_project\patratu_fina_project\newwork\newwork\JAVA_2512\JAVA_2512\dist\client\FingerprintClient_IDSL_DEVICEFIX\app\tomcat
16-Jul-2026 16:50:21.339 INFO [main] org.apache.catalina.startup.VersionLoggerListener.log CATALINA_HOME:         C:\Users\sjay8\Downloads\yamuna_fina_project\patratu_fina_project\newwork\newwork\JAVA_2512\JAVA_2512\dist\client\FingerprintClient_IDSL_DEVICEFIX\app\tomcat
16-Jul-2026 16:50:21.365 INFO [main] org.apache.catalina.startup.VersionLoggerListener.log Command line argument: --add-opens=java.base/java.lang=ALL-UNNAMED
16-Jul-2026 16:50:21.365 INFO [main] org.apache.catalina.startup.VersionLoggerListener.log Command line argument: --add-opens=java.base/java.lang.invoke=ALL-UNNAMED
16-Jul-2026 16:50:21.365 INFO [main] org.apache.catalina.startup.VersionLoggerListener.log Command line argument: --add-opens=java.base/java.lang.reflect=ALL-UNNAMED
16-Jul-2026 16:50:21.365 INFO [main] org.apache.catalina.startup.VersionLoggerListener.log Command line argument: --add-opens=java.base/java.io=ALL-UNNAMED
16-Jul-2026 16:50:21.367 INFO [main] org.apache.catalina.startup.VersionLoggerListener.log Command line argument: --add-opens=java.base/java.util=ALL-UNNAMED
16-Jul-2026 16:50:21.367 INFO [main] org.apache.catalina.startup.VersionLoggerListener.log Command line argument: --add-opens=java.base/java.util.concurrent=ALL-UNNAMED
16-Jul-2026 16:50:21.367 INFO [main] org.apache.catalina.startup.VersionLoggerListener.log Command line argument: --add-opens=java.rmi/sun.rmi.transport=ALL-UNNAMED
16-Jul-2026 16:50:21.367 INFO [main] org.apache.catalina.startup.VersionLoggerListener.log Command line argument: -Djava.util.logging.config.file=C:\Users\sjay8\Downloads\yamuna_fina_project\patratu_fina_project\newwork\newwork\JAVA_2512\JAVA_2512\dist\client\FingerprintClient_IDSL_DEVICEFIX\app\tomcat\conf\logging.properties
16-Jul-2026 16:50:21.368 INFO [main] org.apache.catalina.startup.VersionLoggerListener.log Command line argument: -Djava.util.logging.manager=org.apache.juli.ClassLoaderLogManager
16-Jul-2026 16:50:21.368 INFO [main] org.apache.catalina.startup.VersionLoggerListener.log Command line argument: -Djdk.tls.ephemeralDHKeySize=2048
16-Jul-2026 16:50:21.368 INFO [main] org.apache.catalina.startup.VersionLoggerListener.log Command line argument: -Djava.protocol.handler.pkgs=org.apache.catalina.webresources
16-Jul-2026 16:50:21.369 INFO [main] org.apache.catalina.startup.VersionLoggerListener.log Command line argument: -Dsun.io.useCanonCaches=false
16-Jul-2026 16:50:21.369 INFO [main] org.apache.catalina.startup.VersionLoggerListener.log Command line argument: -Dignore.endorsed.dirs=
16-Jul-2026 16:50:21.369 INFO [main] org.apache.catalina.startup.VersionLoggerListener.log Command line argument: -Dcatalina.base=C:\Users\sjay8\Downloads\yamuna_fina_project\patratu_fina_project\newwork\newwork\JAVA_2512\JAVA_2512\dist\client\FingerprintClient_IDSL_DEVICEFIX\app\tomcat
16-Jul-2026 16:50:21.369 INFO [main] org.apache.catalina.startup.VersionLoggerListener.log Command line argument: -Dcatalina.home=C:\Users\sjay8\Downloads\yamuna_fina_project\patratu_fina_project\newwork\newwork\JAVA_2512\JAVA_2512\dist\client\FingerprintClient_IDSL_DEVICEFIX\app\tomcat
16-Jul-2026 16:50:21.370 INFO [main] org.apache.catalina.startup.VersionLoggerListener.log Command line argument: -Djava.io.tmpdir=C:\Users\sjay8\Downloads\yamuna_fina_project\patratu_fina_project\newwork\newwork\JAVA_2512\JAVA_2512\dist\client\FingerprintClient_IDSL_DEVICEFIX\app\tomcat\temp
16-Jul-2026 16:50:21.402 INFO [main] org.apache.catalina.core.AprLifecycleListener.lifecycleEvent The Apache Tomcat Native library which allows using OpenSSL was not found on the java.library.path: [C:\Program Files\Microsoft\jdk-17.0.19.10-hotspot\bin;C:\WINDOWS\Sun\Java\bin;C:\WINDOWS\system32;C:\WINDOWS;C:\Program Files\Microsoft MPI\Bin\;C:\Program Files\Microsoft\jdk-17.0.19.10-hotspot\bin;C:\WINDOWS\system32;C:\WINDOWS;C:\WINDOWS\System32\Wbem;C:\WINDOWS\System32\WindowsPowerShell\v1.0\;C:\WINDOWS\System32\OpenSSH\;C:\Program Files\nodejs\;C:\Program Files\Git\cmd;C:\Program Files\Docker\Docker\resources\bin;C:\Program Files\PuTTY\;C:\Program Files\CMake\bin;C:\Program Files (x86)\Microsoft SQL Server\170\Tools\Binn\;C:\Program Files\Microsoft SQL Server\170\Tools\Binn\;C:\Program Files\Microsoft SQL Server\Client SDK\ODBC\180\Tools\Binn\;C:\Program Files\Microsoft SQL Server\170\DTS\Binn\;C:\Program Files (x86)\Microsoft SQL Server\170\DTS\Binn\;C:\Program Files (x86)\Arm GNU Toolchain arm-none-eabi\14.2 rel1\bin;C:\Users\sjay8\.espressif\eim_gui;C:\Users\sjay8\AppData\Local\Programs\Python\Python311\Scripts\;C:\Users\sjay8\AppData\Local\Programs\Python\Python311\;C:\Users\sjay8\AppData\Local\Programs\Python\Python314\Scripts\;C:\Users\sjay8\AppData\Local\Programs\Python\Python314\;C:\Users\sjay8\AppData\Local\Microsoft\WindowsApps;C:\Users\sjay8\AppData\Roaming\npm;C:\Users\sjay8\AppData\Local\Programs\Microsoft VS Code\bin;C:\src\flutter\bin;C:\Users\sjay8\AppData\Local\Microsoft\WinGet\Packages\Ninja-build.Ninja_Microsoft.Winget.Source_8wekyb3d8bbwe;C:\Users\sjay8\AppData\Local\Microsoft\WinGet\Packages\Gyan.FFmpeg_Microsoft.Winget.Source_8wekyb3d8bbwe\ffmpeg-8.1.2-full_build\bin;C:\Users\sjay8\AppData\Local\Microsoft\WinGet\Packages\taizod1024.redis-windows-fork_Microsoft.Winget.Source_8wekyb3d8bbwe\Redis-8.8.0-Windows-x64-msys2;C:\Users\sjay8\AppData\Local\Microsoft\WinGet\Packages\NSSM.NSSM_Microsoft.Winget.Source_8wekyb3d8bbwe\nssm-2.24-101-g897c7ad\win64;.]
16-Jul-2026 16:50:22.032 INFO [main] org.apache.coyote.AbstractProtocol.init Initializing ProtocolHandler ["http-nio-8081"]
16-Jul-2026 16:50:22.090 INFO [main] org.apache.catalina.startup.Catalina.load Server initialization in [1221] milliseconds
16-Jul-2026 16:50:22.207 INFO [main] org.apache.catalina.core.StandardService.startInternal Starting service [Catalina]
16-Jul-2026 16:50:22.207 INFO [main] org.apache.catalina.core.StandardEngine.startInternal Starting Servlet engine: [Apache Tomcat/9.0.120]
16-Jul-2026 16:50:22.232 INFO [main] org.apache.catalina.startup.HostConfig.deployDirectory Deploying web application directory [C:\Users\sjay8\Downloads\yamuna_fina_project\patratu_fina_project\newwork\newwork\JAVA_2512\JAVA_2512\dist\client\FingerprintClient_IDSL_DEVICEFIX\app\tomcat\webapps\demo]
16-Jul-2026 16:50:27.162 INFO [main] org.apache.jasper.servlet.TldScanner.scanJars At least one JAR was scanned for TLDs yet contained no TLDs. Enable debug logging for this logger for a complete list of JARs that were scanned but no TLDs were found in them. Skipping unneeded JARs during scanning can improve startup time and JSP compilation time.
16-Jul-2026 16:50:27.279 SEVERE [main] org.apache.catalina.startup.HostConfig.deployDirectory Error deploying web application directory [C:\Users\sjay8\Downloads\yamuna_fina_project\patratu_fina_project\newwork\newwork\JAVA_2512\JAVA_2512\dist\client\FingerprintClient_IDSL_DEVICEFIX\app\tomcat\webapps\demo]
	java.lang.IllegalStateException: Error starting child
		at org.apache.catalina.core.ContainerBase.addChildInternal(ContainerBase.java:619)
		at org.apache.catalina.core.ContainerBase.addChild(ContainerBase.java:588)
		at org.apache.catalina.core.StandardHost.addChild(StandardHost.java:622)
		at org.apache.catalina.startup.HostConfig.deployDirectory(HostConfig.java:1180)
		at org.apache.catalina.startup.HostConfig$DeployDirectory.run(HostConfig.java:1904)
		at java.base/java.util.concurrent.Executors$RunnableAdapter.call(Executors.java:539)
		at java.base/java.util.concurrent.FutureTask.run(FutureTask.java:264)
		at org.apache.tomcat.util.threads.InlineExecutorService.execute(InlineExecutorService.java:82)
		at java.base/java.util.concurrent.AbstractExecutorService.submit(AbstractExecutorService.java:123)
		at org.apache.catalina.startup.HostConfig.deployDirectories(HostConfig.java:1084)
		at org.apache.catalina.startup.HostConfig.deployApps(HostConfig.java:499)
		at org.apache.catalina.startup.HostConfig.start(HostConfig.java:1594)
		at org.apache.catalina.startup.HostConfig.lifecycleEvent(HostConfig.java:333)
		at org.apache.catalina.util.LifecycleBase.fireLifecycleEvent(LifecycleBase.java:115)
		at org.apache.catalina.util.LifecycleBase.setStateInternal(LifecycleBase.java:395)
		at org.apache.catalina.util.LifecycleBase.setState(LifecycleBase.java:342)
		at org.apache.catalina.core.ContainerBase.startInternal(ContainerBase.java:792)
		at org.apache.catalina.core.StandardHost.startInternal(StandardHost.java:740)
		at org.apache.catalina.util.LifecycleBase.start(LifecycleBase.java:170)
		at org.apache.catalina.core.ContainerBase$StartChild.call(ContainerBase.java:1243)
		at org.apache.catalina.core.ContainerBase$StartChild.call(ContainerBase.java:1233)
		at java.base/java.util.concurrent.FutureTask.run(FutureTask.java:264)
		at org.apache.tomcat.util.threads.InlineExecutorService.execute(InlineExecutorService.java:82)
		at java.base/java.util.concurrent.AbstractExecutorService.submit(AbstractExecutorService.java:145)
		at org.apache.catalina.core.ContainerBase.startInternal(ContainerBase.java:765)
		at org.apache.catalina.core.StandardEngine.startInternal(StandardEngine.java:209)
		at org.apache.catalina.util.LifecycleBase.start(LifecycleBase.java:170)
		at org.apache.catalina.core.StandardService.startInternal(StandardService.java:433)
		at org.apache.catalina.util.LifecycleBase.start(LifecycleBase.java:170)
		at org.apache.catalina.core.StandardServer.startInternal(StandardServer.java:879)
		at org.apache.catalina.util.LifecycleBase.start(LifecycleBase.java:170)
		at org.apache.catalina.startup.Catalina.start(Catalina.java:861)
		at java.base/jdk.internal.reflect.NativeMethodAccessorImpl.invoke0(Native Method)
		at java.base/jdk.internal.reflect.NativeMethodAccessorImpl.invoke(NativeMethodAccessorImpl.java:77)
		at java.base/jdk.internal.reflect.DelegatingMethodAccessorImpl.invoke(DelegatingMethodAccessorImpl.java:43)
		at java.base/java.lang.reflect.Method.invoke(Method.java:569)
		at org.apache.catalina.startup.Bootstrap.start(Bootstrap.java:348)
		at org.apache.catalina.startup.Bootstrap.main(Bootstrap.java:485)
	Caused by: org.apache.catalina.LifecycleException: Failed to start component [StandardEngine[Catalina].StandardHost[localhost].StandardContext[/demo]]
		at org.apache.catalina.util.LifecycleBase.handleSubClassException(LifecycleBase.java:410)
		at org.apache.catalina.util.LifecycleBase.start(LifecycleBase.java:185)
		at org.apache.catalina.core.ContainerBase.addChildInternal(ContainerBase.java:616)
		... 37 more
	Caused by: java.lang.NoClassDefFoundError: websocket/snake/Location
		at java.base/java.lang.Class.getDeclaredMethods0(Native Method)
		at java.base/java.lang.Class.privateGetDeclaredMethods(Class.java:3404)
		at java.base/java.lang.Class.getDeclaredMethods(Class.java:2506)
		at org.apache.tomcat.websocket.pojo.PojoMethodMapping.<init>(PojoMethodMapping.java:112)
		at org.apache.tomcat.websocket.server.WsServerContainer.addEndpoint(WsServerContainer.java:145)
		at org.apache.tomcat.websocket.server.WsServerContainer.addEndpoint(WsServerContainer.java:255)
		at org.apache.tomcat.websocket.server.WsSci.onStartup(WsSci.java:122)
		at org.apache.catalina.core.StandardContext.startInternal(StandardContext.java:4636)
		at org.apache.catalina.util.LifecycleBase.start(LifecycleBase.java:170)
		... 38 more
	Caused by: java.lang.ClassNotFoundException: websocket.snake.Location
		at org.apache.catalina.loader.WebappClassLoaderBase.loadClass(WebappClassLoaderBase.java:1441)
		at org.apache.catalina.loader.WebappClassLoaderBase.loadClass(WebappClassLoaderBase.java:1250)
		... 47 more
16-Jul-2026 16:50:27.287 INFO [main] org.apache.catalina.startup.HostConfig.deployDirectory Deployment of web application directory [C:\Users\sjay8\Downloads\yamuna_fina_project\patratu_fina_project\newwork\newwork\JAVA_2512\JAVA_2512\dist\client\FingerprintClient_IDSL_DEVICEFIX\app\tomcat\webapps\demo] has finished in [5,057] ms
16-Jul-2026 16:50:27.288 INFO [main] org.apache.catalina.startup.HostConfig.deployDirectory Deploying web application directory [C:\Users\sjay8\Downloads\yamuna_fina_project\patratu_fina_project\newwork\newwork\JAVA_2512\JAVA_2512\dist\client\FingerprintClient_IDSL_DEVICEFIX\app\tomcat\webapps\docs]
16-Jul-2026 16:50:27.835 WARNING [main] org.apache.catalina.util.SessionIdGeneratorBase.createSecureRandom Creation of SecureRandom instance for session ID generation using [SHA1PRNG] took [432] milliseconds.
16-Jul-2026 16:50:27.884 INFO [main] org.apache.catalina.startup.HostConfig.deployDirectory Deployment of web application directory [C:\Users\sjay8\Downloads\yamuna_fina_project\patratu_fina_project\newwork\newwork\JAVA_2512\JAVA_2512\dist\client\FingerprintClient_IDSL_DEVICEFIX\app\tomcat\webapps\docs] has finished in [596] ms
16-Jul-2026 16:50:27.885 INFO [main] org.apache.catalina.startup.HostConfig.deployDirectory Deploying web application directory [C:\Users\sjay8\Downloads\yamuna_fina_project\patratu_fina_project\newwork\newwork\JAVA_2512\JAVA_2512\dist\client\FingerprintClient_IDSL_DEVICEFIX\app\tomcat\webapps\examples]
16-Jul-2026 16:50:28.492 WARNING [main] org.apache.jasper.servlet.TldScanner.scanJspConfig Failed to process TLD with path [/WEB-INF/jsp/debug-taglib.tld] and URI [http://tomcat.apache.org/debug-taglib]. The specified path does not exist.
16-Jul-2026 16:50:28.581 SEVERE [main] org.apache.catalina.core.StandardContext.startInternal One or more listeners failed to start. Full details will be found in the appropriate container log file
16-Jul-2026 16:50:28.581 SEVERE [main] org.apache.catalina.core.StandardContext.startInternal Context [/examples] startup failed due to previous errors
16-Jul-2026 16:50:28.601 INFO [main] org.apache.catalina.startup.HostConfig.deployDirectory Deployment of web application directory [C:\Users\sjay8\Downloads\yamuna_fina_project\patratu_fina_project\newwork\newwork\JAVA_2512\JAVA_2512\dist\client\FingerprintClient_IDSL_DEVICEFIX\app\tomcat\webapps\examples] has finished in [715] ms
16-Jul-2026 16:50:28.601 INFO [main] org.apache.catalina.startup.HostConfig.deployDirectory Deploying web application directory [C:\Users\sjay8\Downloads\yamuna_fina_project\patratu_fina_project\newwork\newwork\JAVA_2512\JAVA_2512\dist\client\FingerprintClient_IDSL_DEVICEFIX\app\tomcat\webapps\host-manager]
16-Jul-2026 16:50:28.710 INFO [main] org.apache.catalina.startup.HostConfig.deployDirectory Deployment of web application directory [C:\Users\sjay8\Downloads\yamuna_fina_project\patratu_fina_project\newwork\newwork\JAVA_2512\JAVA_2512\dist\client\FingerprintClient_IDSL_DEVICEFIX\app\tomcat\webapps\host-manager] has finished in [109] ms
16-Jul-2026 16:50:28.710 INFO [main] org.apache.catalina.startup.HostConfig.deployDirectory Deploying web application directory [C:\Users\sjay8\Downloads\yamuna_fina_project\patratu_fina_project\newwork\newwork\JAVA_2512\JAVA_2512\dist\client\FingerprintClient_IDSL_DEVICEFIX\app\tomcat\webapps\manager]
16-Jul-2026 16:50:28.819 INFO [main] org.apache.catalina.startup.HostConfig.deployDirectory Deployment of web application directory [C:\Users\sjay8\Downloads\yamuna_fina_project\patratu_fina_project\newwork\newwork\JAVA_2512\JAVA_2512\dist\client\FingerprintClient_IDSL_DEVICEFIX\app\tomcat\webapps\manager] has finished in [109] ms
16-Jul-2026 16:50:28.819 INFO [main] org.apache.catalina.startup.HostConfig.deployDirectory Deploying web application directory [C:\Users\sjay8\Downloads\yamuna_fina_project\patratu_fina_project\newwork\newwork\JAVA_2512\JAVA_2512\dist\client\FingerprintClient_IDSL_DEVICEFIX\app\tomcat\webapps\ROOT]
16-Jul-2026 16:50:28.907 INFO [main] org.apache.catalina.startup.HostConfig.deployDirectory Deployment of web application directory [C:\Users\sjay8\Downloads\yamuna_fina_project\patratu_fina_project\newwork\newwork\JAVA_2512\JAVA_2512\dist\client\FingerprintClient_IDSL_DEVICEFIX\app\tomcat\webapps\ROOT] has finished in [85] ms
16-Jul-2026 16:50:28.914 INFO [main] org.apache.coyote.AbstractProtocol.start Starting ProtocolHandler ["http-nio-8081"]
16-Jul-2026 16:50:29.242 INFO [main] org.apache.catalina.startup.Catalina.start Server startup in [7150] milliseconds
16-Jul-2026 16:52:43.705 INFO [main] org.apache.catalina.startup.VersionLoggerListener.log Server version name:   Apache Tomcat/9.0.120
16-Jul-2026 16:52:43.715 INFO [main] org.apache.catalina.startup.VersionLoggerListener.log Server built:          Jul 3 2026 07:49:53 UTC
16-Jul-2026 16:52:43.715 INFO [main] org.apache.catalina.startup.VersionLoggerListener.log Server version number: 9.0.120.0
16-Jul-2026 16:52:43.715 INFO [main] org.apache.catalina.startup.VersionLoggerListener.log OS Name:               Windows 11
16-Jul-2026 16:52:43.716 INFO [main] org.apache.catalina.startup.VersionLoggerListener.log OS Version:            10.0
16-Jul-2026 16:52:43.716 INFO [main] org.apache.catalina.startup.VersionLoggerListener.log Architecture:          amd64
16-Jul-2026 16:52:43.716 INFO [main] org.apache.catalina.startup.VersionLoggerListener.log Java Home:             C:\Program Files\Microsoft\jdk-17.0.19.10-hotspot
16-Jul-2026 16:52:43.716 INFO [main] org.apache.catalina.startup.VersionLoggerListener.log JVM Version:           17.0.19+10-LTS
16-Jul-2026 16:52:43.717 INFO [main] org.apache.catalina.startup.VersionLoggerListener.log JVM Vendor:            Microsoft
16-Jul-2026 16:52:43.718 INFO [main] org.apache.catalina.startup.VersionLoggerListener.log CATALINA_BASE:         C:\Users\sjay8\Downloads\yamuna_fina_project\patratu_fina_project\newwork\newwork\JAVA_2512\JAVA_2512\dist\client\FingerprintClient_IDSL_DEVICEFIX\app\tomcat
16-Jul-2026 16:52:43.718 INFO [main] org.apache.catalina.startup.VersionLoggerListener.log CATALINA_HOME:         C:\Users\sjay8\Downloads\yamuna_fina_project\patratu_fina_project\newwork\newwork\JAVA_2512\JAVA_2512\dist\client\FingerprintClient_IDSL_DEVICEFIX\app\tomcat
16-Jul-2026 16:52:43.745 INFO [main] org.apache.catalina.startup.VersionLoggerListener.log Command line argument: --add-opens=java.base/java.lang=ALL-UNNAMED
16-Jul-2026 16:52:43.745 INFO [main] org.apache.catalina.startup.VersionLoggerListener.log Command line argument: --add-opens=java.base/java.lang.invoke=ALL-UNNAMED
16-Jul-2026 16:52:43.746 INFO [main] org.apache.catalina.startup.VersionLoggerListener.log Command line argument: --add-opens=java.base/java.lang.reflect=ALL-UNNAMED
16-Jul-2026 16:52:43.746 INFO [main] org.apache.catalina.startup.VersionLoggerListener.log Command line argument: --add-opens=java.base/java.io=ALL-UNNAMED
16-Jul-2026 16:52:43.746 INFO [main] org.apache.catalina.startup.VersionLoggerListener.log Command line argument: --add-opens=java.base/java.util=ALL-UNNAMED
16-Jul-2026 16:52:43.746 INFO [main] org.apache.catalina.startup.VersionLoggerListener.log Command line argument: --add-opens=java.base/java.util.concurrent=ALL-UNNAMED
16-Jul-2026 16:52:43.746 INFO [main] org.apache.catalina.startup.VersionLoggerListener.log Command line argument: --add-opens=java.rmi/sun.rmi.transport=ALL-UNNAMED
16-Jul-2026 16:52:43.747 INFO [main] org.apache.catalina.startup.VersionLoggerListener.log Command line argument: -Djava.util.logging.config.file=C:\Users\sjay8\Downloads\yamuna_fina_project\patratu_fina_project\newwork\newwork\JAVA_2512\JAVA_2512\dist\client\FingerprintClient_IDSL_DEVICEFIX\app\tomcat\conf\logging.properties
16-Jul-2026 16:52:43.747 INFO [main] org.apache.catalina.startup.VersionLoggerListener.log Command line argument: -Djava.util.logging.manager=org.apache.juli.ClassLoaderLogManager
16-Jul-2026 16:52:43.747 INFO [main] org.apache.catalina.startup.VersionLoggerListener.log Command line argument: -Djdk.tls.ephemeralDHKeySize=2048
16-Jul-2026 16:52:43.747 INFO [main] org.apache.catalina.startup.VersionLoggerListener.log Command line argument: -Djava.protocol.handler.pkgs=org.apache.catalina.webresources
16-Jul-2026 16:52:43.747 INFO [main] org.apache.catalina.startup.VersionLoggerListener.log Command line argument: -Dsun.io.useCanonCaches=false
16-Jul-2026 16:52:43.747 INFO [main] org.apache.catalina.startup.VersionLoggerListener.log Command line argument: -Dignore.endorsed.dirs=
16-Jul-2026 16:52:43.748 INFO [main] org.apache.catalina.startup.VersionLoggerListener.log Command line argument: -Dcatalina.base=C:\Users\sjay8\Downloads\yamuna_fina_project\patratu_fina_project\newwork\newwork\JAVA_2512\JAVA_2512\dist\client\FingerprintClient_IDSL_DEVICEFIX\app\tomcat
16-Jul-2026 16:52:43.748 INFO [main] org.apache.catalina.startup.VersionLoggerListener.log Command line argument: -Dcatalina.home=C:\Users\sjay8\Downloads\yamuna_fina_project\patratu_fina_project\newwork\newwork\JAVA_2512\JAVA_2512\dist\client\FingerprintClient_IDSL_DEVICEFIX\app\tomcat
16-Jul-2026 16:52:43.748 INFO [main] org.apache.catalina.startup.VersionLoggerListener.log Command line argument: -Djava.io.tmpdir=C:\Users\sjay8\Downloads\yamuna_fina_project\patratu_fina_project\newwork\newwork\JAVA_2512\JAVA_2512\dist\client\FingerprintClient_IDSL_DEVICEFIX\app\tomcat\temp
16-Jul-2026 16:52:43.778 INFO [main] org.apache.catalina.core.AprLifecycleListener.lifecycleEvent The Apache Tomcat Native library which allows using OpenSSL was not found on the java.library.path: [C:\Program Files\Microsoft\jdk-17.0.19.10-hotspot\bin;C:\WINDOWS\Sun\Java\bin;C:\WINDOWS\system32;C:\WINDOWS;C:\Program Files\Microsoft MPI\Bin\;C:\Program Files\Microsoft\jdk-17.0.19.10-hotspot\bin;C:\WINDOWS\system32;C:\WINDOWS;C:\WINDOWS\System32\Wbem;C:\WINDOWS\System32\WindowsPowerShell\v1.0\;C:\WINDOWS\System32\OpenSSH\;C:\Program Files\nodejs\;C:\Program Files\Git\cmd;C:\Program Files\Docker\Docker\resources\bin;C:\Program Files\PuTTY\;C:\Program Files\CMake\bin;C:\Program Files (x86)\Microsoft SQL Server\170\Tools\Binn\;C:\Program Files\Microsoft SQL Server\170\Tools\Binn\;C:\Program Files\Microsoft SQL Server\Client SDK\ODBC\180\Tools\Binn\;C:\Program Files\Microsoft SQL Server\170\DTS\Binn\;C:\Program Files (x86)\Microsoft SQL Server\170\DTS\Binn\;C:\Program Files (x86)\Arm GNU Toolchain arm-none-eabi\14.2 rel1\bin;C:\Users\sjay8\.espressif\eim_gui;C:\Users\sjay8\AppData\Local\Programs\Python\Python311\Scripts\;C:\Users\sjay8\AppData\Local\Programs\Python\Python311\;C:\Users\sjay8\AppData\Local\Programs\Python\Python314\Scripts\;C:\Users\sjay8\AppData\Local\Programs\Python\Python314\;C:\Users\sjay8\AppData\Local\Microsoft\WindowsApps;C:\Users\sjay8\AppData\Roaming\npm;C:\Users\sjay8\AppData\Local\Programs\Microsoft VS Code\bin;C:\src\flutter\bin;C:\Users\sjay8\AppData\Local\Microsoft\WinGet\Packages\Ninja-build.Ninja_Microsoft.Winget.Source_8wekyb3d8bbwe;C:\Users\sjay8\AppData\Local\Microsoft\WinGet\Packages\Gyan.FFmpeg_Microsoft.Winget.Source_8wekyb3d8bbwe\ffmpeg-8.1.2-full_build\bin;C:\Users\sjay8\AppData\Local\Microsoft\WinGet\Packages\taizod1024.redis-windows-fork_Microsoft.Winget.Source_8wekyb3d8bbwe\Redis-8.8.0-Windows-x64-msys2;C:\Users\sjay8\AppData\Local\Microsoft\WinGet\Packages\NSSM.NSSM_Microsoft.Winget.Source_8wekyb3d8bbwe\nssm-2.24-101-g897c7ad\win64;.]
16-Jul-2026 16:52:44.374 INFO [main] org.apache.coyote.AbstractProtocol.init Initializing ProtocolHandler ["http-nio-8081"]
16-Jul-2026 16:52:44.424 INFO [main] org.apache.catalina.startup.Catalina.load Server initialization in [1143] milliseconds
16-Jul-2026 16:52:44.534 INFO [main] org.apache.catalina.core.StandardService.startInternal Starting service [Catalina]
16-Jul-2026 16:52:44.534 INFO [main] org.apache.catalina.core.StandardEngine.startInternal Starting Servlet engine: [Apache Tomcat/9.0.120]
16-Jul-2026 16:52:44.571 INFO [main] org.apache.catalina.startup.HostConfig.deployDirectory Deploying web application directory [C:\Users\sjay8\Downloads\yamuna_fina_project\patratu_fina_project\newwork\newwork\JAVA_2512\JAVA_2512\dist\client\FingerprintClient_IDSL_DEVICEFIX\app\tomcat\webapps\demo]
16-Jul-2026 16:52:48.233 INFO [main] org.apache.jasper.servlet.TldScanner.scanJars At least one JAR was scanned for TLDs yet contained no TLDs. Enable debug logging for this logger for a complete list of JARs that were scanned but no TLDs were found in them. Skipping unneeded JARs during scanning can improve startup time and JSP compilation time.
16-Jul-2026 16:52:48.308 SEVERE [main] org.apache.catalina.core.StandardContext.startInternal One or more listeners failed to start. Full details will be found in the appropriate container log file
16-Jul-2026 16:52:48.656 WARNING [main] org.apache.catalina.util.SessionIdGeneratorBase.createSecureRandom Creation of SecureRandom instance for session ID generation using [SHA1PRNG] took [345] milliseconds.
16-Jul-2026 16:52:48.656 SEVERE [main] org.apache.catalina.core.StandardContext.startInternal Context [/demo] startup failed due to previous errors
16-Jul-2026 16:52:48.674 INFO [main] org.apache.catalina.startup.HostConfig.deployDirectory Deployment of web application directory [C:\Users\sjay8\Downloads\yamuna_fina_project\patratu_fina_project\newwork\newwork\JAVA_2512\JAVA_2512\dist\client\FingerprintClient_IDSL_DEVICEFIX\app\tomcat\webapps\demo] has finished in [4,103] ms
16-Jul-2026 16:52:48.675 INFO [main] org.apache.catalina.startup.HostConfig.deployDirectory Deploying web application directory [C:\Users\sjay8\Downloads\yamuna_fina_project\patratu_fina_project\newwork\newwork\JAVA_2512\JAVA_2512\dist\client\FingerprintClient_IDSL_DEVICEFIX\app\tomcat\webapps\docs]
16-Jul-2026 16:52:48.777 INFO [main] org.apache.catalina.startup.HostConfig.deployDirectory Deployment of web application directory [C:\Users\sjay8\Downloads\yamuna_fina_project\patratu_fina_project\newwork\newwork\JAVA_2512\JAVA_2512\dist\client\FingerprintClient_IDSL_DEVICEFIX\app\tomcat\webapps\docs] has finished in [103] ms
16-Jul-2026 16:52:48.777 INFO [main] org.apache.catalina.startup.HostConfig.deployDirectory Deploying web application directory [C:\Users\sjay8\Downloads\yamuna_fina_project\patratu_fina_project\newwork\newwork\JAVA_2512\JAVA_2512\dist\client\FingerprintClient_IDSL_DEVICEFIX\app\tomcat\webapps\examples]
16-Jul-2026 16:52:49.255 WARNING [main] org.apache.jasper.servlet.TldScanner.scanJspConfig Failed to process TLD with path [/WEB-INF/jsp/debug-taglib.tld] and URI [http://tomcat.apache.org/debug-taglib]. The specified path does not exist.
16-Jul-2026 16:52:49.356 SEVERE [main] org.apache.catalina.core.StandardContext.startInternal One or more listeners failed to start. Full details will be found in the appropriate container log file
16-Jul-2026 16:52:49.358 SEVERE [main] org.apache.catalina.core.StandardContext.startInternal Context [/examples] startup failed due to previous errors
16-Jul-2026 16:52:49.368 INFO [main] org.apache.catalina.startup.HostConfig.deployDirectory Deployment of web application directory [C:\Users\sjay8\Downloads\yamuna_fina_project\patratu_fina_project\newwork\newwork\JAVA_2512\JAVA_2512\dist\client\FingerprintClient_IDSL_DEVICEFIX\app\tomcat\webapps\examples] has finished in [589] ms
16-Jul-2026 16:52:49.368 INFO [main] org.apache.catalina.startup.HostConfig.deployDirectory Deploying web application directory [C:\Users\sjay8\Downloads\yamuna_fina_project\patratu_fina_project\newwork\newwork\JAVA_2512\JAVA_2512\dist\client\FingerprintClient_IDSL_DEVICEFIX\app\tomcat\webapps\host-manager]
16-Jul-2026 16:52:49.500 INFO [main] org.apache.catalina.startup.HostConfig.deployDirectory Deployment of web application directory [C:\Users\sjay8\Downloads\yamuna_fina_project\patratu_fina_project\newwork\newwork\JAVA_2512\JAVA_2512\dist\client\FingerprintClient_IDSL_DEVICEFIX\app\tomcat\webapps\host-manager] has finished in [132] ms
16-Jul-2026 16:52:49.502 INFO [main] org.apache.catalina.startup.HostConfig.deployDirectory Deploying web application directory [C:\Users\sjay8\Downloads\yamuna_fina_project\patratu_fina_project\newwork\newwork\JAVA_2512\JAVA_2512\dist\client\FingerprintClient_IDSL_DEVICEFIX\app\tomcat\webapps\manager]
16-Jul-2026 16:52:49.610 INFO [main] org.apache.catalina.startup.HostConfig.deployDirectory Deployment of web application directory [C:\Users\sjay8\Downloads\yamuna_fina_project\patratu_fina_project\newwork\newwork\JAVA_2512\JAVA_2512\dist\client\FingerprintClient_IDSL_DEVICEFIX\app\tomcat\webapps\manager] has finished in [108] ms
16-Jul-2026 16:52:49.612 INFO [main] org.apache.catalina.startup.HostConfig.deployDirectory Deploying web application directory [C:\Users\sjay8\Downloads\yamuna_fina_project\patratu_fina_project\newwork\newwork\JAVA_2512\JAVA_2512\dist\client\FingerprintClient_IDSL_DEVICEFIX\app\tomcat\webapps\ROOT]
16-Jul-2026 16:52:49.708 INFO [main] org.apache.catalina.startup.HostConfig.deployDirectory Deployment of web application directory [C:\Users\sjay8\Downloads\yamuna_fina_project\patratu_fina_project\newwork\newwork\JAVA_2512\JAVA_2512\dist\client\FingerprintClient_IDSL_DEVICEFIX\app\tomcat\webapps\ROOT] has finished in [98] ms
16-Jul-2026 16:52:49.723 INFO [main] org.apache.coyote.AbstractProtocol.start Starting ProtocolHandler ["http-nio-8081"]
16-Jul-2026 16:52:50.127 INFO [main] org.apache.catalina.startup.Catalina.start Server startup in [5701] milliseconds
16-Jul-2026 17:01:49.771 INFO [main] org.apache.catalina.startup.VersionLoggerListener.log Server version name:   Apache Tomcat/9.0.120
16-Jul-2026 17:01:49.780 INFO [main] org.apache.catalina.startup.VersionLoggerListener.log Server built:          Jul 3 2026 07:49:53 UTC
16-Jul-2026 17:01:49.781 INFO [main] org.apache.catalina.startup.VersionLoggerListener.log Server version number: 9.0.120.0
16-Jul-2026 17:01:49.781 INFO [main] org.apache.catalina.startup.VersionLoggerListener.log OS Name:               Windows 11
16-Jul-2026 17:01:49.781 INFO [main] org.apache.catalina.startup.VersionLoggerListener.log OS Version:            10.0
16-Jul-2026 17:01:49.781 INFO [main] org.apache.catalina.startup.VersionLoggerListener.log Architecture:          amd64
16-Jul-2026 17:01:49.782 INFO [main] org.apache.catalina.startup.VersionLoggerListener.log Java Home:             C:\Program Files\Microsoft\jdk-17.0.19.10-hotspot
16-Jul-2026 17:01:49.791 INFO [main] org.apache.catalina.startup.VersionLoggerListener.log JVM Version:           17.0.19+10-LTS
16-Jul-2026 17:01:49.791 INFO [main] org.apache.catalina.startup.VersionLoggerListener.log JVM Vendor:            Microsoft
16-Jul-2026 17:01:49.791 INFO [main] org.apache.catalina.startup.VersionLoggerListener.log CATALINA_BASE:         C:\Users\sjay8\Downloads\yamuna_fina_project\patratu_fina_project\newwork\newwork\JAVA_2512\JAVA_2512\dist\client\FingerprintClient_IDSL_DEVICEFIX\app\tomcat
16-Jul-2026 17:01:49.791 INFO [main] org.apache.catalina.startup.VersionLoggerListener.log CATALINA_HOME:         C:\Users\sjay8\Downloads\yamuna_fina_project\patratu_fina_project\newwork\newwork\JAVA_2512\JAVA_2512\dist\client\FingerprintClient_IDSL_DEVICEFIX\app\tomcat
16-Jul-2026 17:01:49.808 INFO [main] org.apache.catalina.startup.VersionLoggerListener.log Command line argument: --add-opens=java.base/java.lang=ALL-UNNAMED
16-Jul-2026 17:01:49.808 INFO [main] org.apache.catalina.startup.VersionLoggerListener.log Command line argument: --add-opens=java.base/java.lang.invoke=ALL-UNNAMED
16-Jul-2026 17:01:49.808 INFO [main] org.apache.catalina.startup.VersionLoggerListener.log Command line argument: --add-opens=java.base/java.lang.reflect=ALL-UNNAMED
16-Jul-2026 17:01:49.808 INFO [main] org.apache.catalina.startup.VersionLoggerListener.log Command line argument: --add-opens=java.base/java.io=ALL-UNNAMED
16-Jul-2026 17:01:49.808 INFO [main] org.apache.catalina.startup.VersionLoggerListener.log Command line argument: --add-opens=java.base/java.util=ALL-UNNAMED
16-Jul-2026 17:01:49.810 INFO [main] org.apache.catalina.startup.VersionLoggerListener.log Command line argument: --add-opens=java.base/java.util.concurrent=ALL-UNNAMED
16-Jul-2026 17:01:49.810 INFO [main] org.apache.catalina.startup.VersionLoggerListener.log Command line argument: --add-opens=java.rmi/sun.rmi.transport=ALL-UNNAMED
16-Jul-2026 17:01:49.810 INFO [main] org.apache.catalina.startup.VersionLoggerListener.log Command line argument: -Djava.util.logging.config.file=C:\Users\sjay8\Downloads\yamuna_fina_project\patratu_fina_project\newwork\newwork\JAVA_2512\JAVA_2512\dist\client\FingerprintClient_IDSL_DEVICEFIX\app\tomcat\conf\logging.properties
16-Jul-2026 17:01:49.810 INFO [main] org.apache.catalina.startup.VersionLoggerListener.log Command line argument: -Djava.util.logging.manager=org.apache.juli.ClassLoaderLogManager
16-Jul-2026 17:01:49.810 INFO [main] org.apache.catalina.startup.VersionLoggerListener.log Command line argument: -Djdk.tls.ephemeralDHKeySize=2048
16-Jul-2026 17:01:49.811 INFO [main] org.apache.catalina.startup.VersionLoggerListener.log Command line argument: -Djava.protocol.handler.pkgs=org.apache.catalina.webresources
16-Jul-2026 17:01:49.811 INFO [main] org.apache.catalina.startup.VersionLoggerListener.log Command line argument: -Dsun.io.useCanonCaches=false
16-Jul-2026 17:01:49.811 INFO [main] org.apache.catalina.startup.VersionLoggerListener.log Command line argument: -Dignore.endorsed.dirs=
16-Jul-2026 17:01:49.811 INFO [main] org.apache.catalina.startup.VersionLoggerListener.log Command line argument: -Dcatalina.base=C:\Users\sjay8\Downloads\yamuna_fina_project\patratu_fina_project\newwork\newwork\JAVA_2512\JAVA_2512\dist\client\FingerprintClient_IDSL_DEVICEFIX\app\tomcat
16-Jul-2026 17:01:49.811 INFO [main] org.apache.catalina.startup.VersionLoggerListener.log Command line argument: -Dcatalina.home=C:\Users\sjay8\Downloads\yamuna_fina_project\patratu_fina_project\newwork\newwork\JAVA_2512\JAVA_2512\dist\client\FingerprintClient_IDSL_DEVICEFIX\app\tomcat
16-Jul-2026 17:01:49.811 INFO [main] org.apache.catalina.startup.VersionLoggerListener.log Command line argument: -Djava.io.tmpdir=C:\Users\sjay8\Downloads\yamuna_fina_project\patratu_fina_project\newwork\newwork\JAVA_2512\JAVA_2512\dist\client\FingerprintClient_IDSL_DEVICEFIX\app\tomcat\temp
16-Jul-2026 17:01:49.836 INFO [main] org.apache.catalina.core.AprLifecycleListener.lifecycleEvent The Apache Tomcat Native library which allows using OpenSSL was not found on the java.library.path: [C:\Program Files\Microsoft\jdk-17.0.19.10-hotspot\bin;C:\WINDOWS\Sun\Java\bin;C:\WINDOWS\system32;C:\WINDOWS;C:\Program Files\Microsoft MPI\Bin\;C:\Program Files\Microsoft\jdk-17.0.19.10-hotspot\bin;C:\WINDOWS\system32;C:\WINDOWS;C:\WINDOWS\System32\Wbem;C:\WINDOWS\System32\WindowsPowerShell\v1.0\;C:\WINDOWS\System32\OpenSSH\;C:\Program Files\nodejs\;C:\Program Files\Git\cmd;C:\Program Files\Docker\Docker\resources\bin;C:\Program Files\PuTTY\;C:\Program Files\CMake\bin;C:\Program Files (x86)\Microsoft SQL Server\170\Tools\Binn\;C:\Program Files\Microsoft SQL Server\170\Tools\Binn\;C:\Program Files\Microsoft SQL Server\Client SDK\ODBC\180\Tools\Binn\;C:\Program Files\Microsoft SQL Server\170\DTS\Binn\;C:\Program Files (x86)\Microsoft SQL Server\170\DTS\Binn\;C:\Program Files (x86)\Arm GNU Toolchain arm-none-eabi\14.2 rel1\bin;C:\Users\sjay8\.espressif\eim_gui;C:\Users\sjay8\AppData\Local\Programs\Python\Python311\Scripts\;C:\Users\sjay8\AppData\Local\Programs\Python\Python311\;C:\Users\sjay8\AppData\Local\Programs\Python\Python314\Scripts\;C:\Users\sjay8\AppData\Local\Programs\Python\Python314\;C:\Users\sjay8\AppData\Local\Microsoft\WindowsApps;C:\Users\sjay8\AppData\Roaming\npm;C:\Users\sjay8\AppData\Local\Programs\Microsoft VS Code\bin;C:\src\flutter\bin;C:\Users\sjay8\AppData\Local\Microsoft\WinGet\Packages\Ninja-build.Ninja_Microsoft.Winget.Source_8wekyb3d8bbwe;C:\Users\sjay8\AppData\Local\Microsoft\WinGet\Packages\Gyan.FFmpeg_Microsoft.Winget.Source_8wekyb3d8bbwe\ffmpeg-8.1.2-full_build\bin;C:\Users\sjay8\AppData\Local\Microsoft\WinGet\Packages\taizod1024.redis-windows-fork_Microsoft.Winget.Source_8wekyb3d8bbwe\Redis-8.8.0-Windows-x64-msys2;C:\Users\sjay8\AppData\Local\Microsoft\WinGet\Packages\NSSM.NSSM_Microsoft.Winget.Source_8wekyb3d8bbwe\nssm-2.24-101-g897c7ad\win64;.]
16-Jul-2026 17:01:50.569 INFO [main] org.apache.coyote.AbstractProtocol.init Initializing ProtocolHandler ["http-nio-8081"]
16-Jul-2026 17:01:50.647 INFO [main] org.apache.catalina.startup.Catalina.load Server initialization in [1304] milliseconds
16-Jul-2026 17:01:50.801 INFO [main] org.apache.catalina.core.StandardService.startInternal Starting service [Catalina]
16-Jul-2026 17:01:50.801 INFO [main] org.apache.catalina.core.StandardEngine.startInternal Starting Servlet engine: [Apache Tomcat/9.0.120]
16-Jul-2026 17:01:50.825 INFO [main] org.apache.catalina.startup.HostConfig.deployDirectory Deploying web application directory [C:\Users\sjay8\Downloads\yamuna_fina_project\patratu_fina_project\newwork\newwork\JAVA_2512\JAVA_2512\dist\client\FingerprintClient_IDSL_DEVICEFIX\app\tomcat\webapps\demo]
16-Jul-2026 17:01:59.451 INFO [main] org.apache.jasper.servlet.TldScanner.scanJars At least one JAR was scanned for TLDs yet contained no TLDs. Enable debug logging for this logger for a complete list of JARs that were scanned but no TLDs were found in them. Skipping unneeded JARs during scanning can improve startup time and JSP compilation time.
16-Jul-2026 17:01:59.739 INFO [main] org.springframework.web.context.ContextLoader.initWebApplicationContext Root WebApplicationContext: initialization started
16-Jul-2026 17:02:00.276 INFO [main] org.springframework.web.context.support.XmlWebApplicationContext.prepareRefresh Refreshing Root WebApplicationContext: startup date [Thu Jul 16 17:02:00 IST 2026]; root of context hierarchy
16-Jul-2026 17:02:00.482 INFO [main] org.springframework.beans.factory.xml.XmlBeanDefinitionReader.loadBeanDefinitions Loading XML bean definitions from class path resource [spring-mybatis.xml]
16-Jul-2026 17:02:02.031 SEVERE [main] org.springframework.web.context.ContextLoader.initWebApplicationContext Context initialization failed
	org.springframework.beans.factory.BeanDefinitionStoreException: Failed to load bean class: com.timmy.controller.AllController; nested exception is java.io.FileNotFoundException: class path resource [com/timmy/controller/AllController$ProfileImagePayload.class] cannot be opened because it does not exist
		at org.springframework.context.annotation.ConfigurationClassParser.parse(ConfigurationClassParser.java:159)
		at org.springframework.context.annotation.ConfigurationClassPostProcessor.processConfigBeanDefinitions(ConfigurationClassPostProcessor.java:299)
		at org.springframework.context.annotation.ConfigurationClassPostProcessor.postProcessBeanDefinitionRegistry(ConfigurationClassPostProcessor.java:243)
		at org.springframework.context.support.PostProcessorRegistrationDelegate.invokeBeanDefinitionRegistryPostProcessors(PostProcessorRegistrationDelegate.java:254)
		at org.springframework.context.support.PostProcessorRegistrationDelegate.invokeBeanFactoryPostProcessors(PostProcessorRegistrationDelegate.java:94)
		at org.springframework.context.support.AbstractApplicationContext.invokeBeanFactoryPostProcessors(AbstractApplicationContext.java:609)
		at org.springframework.context.support.AbstractApplicationContext.refresh(AbstractApplicationContext.java:464)
		at org.springframework.web.context.ContextLoader.configureAndRefreshWebApplicationContext(ContextLoader.java:403)
		at org.springframework.web.context.ContextLoader.initWebApplicationContext(ContextLoader.java:306)
		at org.springframework.web.context.ContextLoaderListener.contextInitialized(ContextLoaderListener.java:106)
		at org.apache.catalina.core.StandardContext.listenerStart(StandardContext.java:4204)
		at org.apache.catalina.core.StandardContext.startInternal(StandardContext.java:4646)
		at org.apache.catalina.util.LifecycleBase.start(LifecycleBase.java:170)
		at org.apache.catalina.core.ContainerBase.addChildInternal(ContainerBase.java:616)
		at org.apache.catalina.core.ContainerBase.addChild(ContainerBase.java:588)
		at org.apache.catalina.core.StandardHost.addChild(StandardHost.java:622)
		at org.apache.catalina.startup.HostConfig.deployDirectory(HostConfig.java:1180)
		at org.apache.catalina.startup.HostConfig$DeployDirectory.run(HostConfig.java:1904)
		at java.base/java.util.concurrent.Executors$RunnableAdapter.call(Executors.java:539)
		at java.base/java.util.concurrent.FutureTask.run(FutureTask.java:264)
		at org.apache.tomcat.util.threads.InlineExecutorService.execute(InlineExecutorService.java:82)
		at java.base/java.util.concurrent.AbstractExecutorService.submit(AbstractExecutorService.java:123)
		at org.apache.catalina.startup.HostConfig.deployDirectories(HostConfig.java:1084)
		at org.apache.catalina.startup.HostConfig.deployApps(HostConfig.java:499)
		at org.apache.catalina.startup.HostConfig.start(HostConfig.java:1594)
		at org.apache.catalina.startup.HostConfig.lifecycleEvent(HostConfig.java:333)
		at org.apache.catalina.util.LifecycleBase.fireLifecycleEvent(LifecycleBase.java:115)
		at org.apache.catalina.util.LifecycleBase.setStateInternal(LifecycleBase.java:395)
		at org.apache.catalina.util.LifecycleBase.setState(LifecycleBase.java:342)
		at org.apache.catalina.core.ContainerBase.startInternal(ContainerBase.java:792)
		at org.apache.catalina.core.StandardHost.startInternal(StandardHost.java:740)
		at org.apache.catalina.util.LifecycleBase.start(LifecycleBase.java:170)
		at org.apache.catalina.core.ContainerBase$StartChild.call(ContainerBase.java:1243)
		at org.apache.catalina.core.ContainerBase$StartChild.call(ContainerBase.java:1233)
		at java.base/java.util.concurrent.FutureTask.run(FutureTask.java:264)
		at org.apache.tomcat.util.threads.InlineExecutorService.execute(InlineExecutorService.java:82)
		at java.base/java.util.concurrent.AbstractExecutorService.submit(AbstractExecutorService.java:145)
		at org.apache.catalina.core.ContainerBase.startInternal(ContainerBase.java:765)
		at org.apache.catalina.core.StandardEngine.startInternal(StandardEngine.java:209)
		at org.apache.catalina.util.LifecycleBase.start(LifecycleBase.java:170)
		at org.apache.catalina.core.StandardService.startInternal(StandardService.java:433)
		at org.apache.catalina.util.LifecycleBase.start(LifecycleBase.java:170)
		at org.apache.catalina.core.StandardServer.startInternal(StandardServer.java:879)
		at org.apache.catalina.util.LifecycleBase.start(LifecycleBase.java:170)
		at org.apache.catalina.startup.Catalina.start(Catalina.java:861)
		at java.base/jdk.internal.reflect.NativeMethodAccessorImpl.invoke0(Native Method)
		at java.base/jdk.internal.reflect.NativeMethodAccessorImpl.invoke(NativeMethodAccessorImpl.java:77)
		at java.base/jdk.internal.reflect.DelegatingMethodAccessorImpl.invoke(DelegatingMethodAccessorImpl.java:43)
		at java.base/java.lang.reflect.Method.invoke(Method.java:569)
		at org.apache.catalina.startup.Bootstrap.start(Bootstrap.java:348)
		at org.apache.catalina.startup.Bootstrap.main(Bootstrap.java:485)
	Caused by: java.io.FileNotFoundException: class path resource [com/timmy/controller/AllController$ProfileImagePayload.class] cannot be opened because it does not exist
		at org.springframework.core.io.ClassPathResource.getInputStream(ClassPathResource.java:158)
		at org.springframework.core.type.classreading.SimpleMetadataReader.<init>(SimpleMetadataReader.java:50)
		at org.springframework.core.type.classreading.SimpleMetadataReaderFactory.getMetadataReader(SimpleMetadataReaderFactory.java:82)
		at org.springframework.core.type.classreading.CachingMetadataReaderFactory.getMetadataReader(CachingMetadataReaderFactory.java:102)
		at org.springframework.core.type.classreading.SimpleMetadataReaderFactory.getMetadataReader(SimpleMetadataReaderFactory.java:77)
		at org.springframework.context.annotation.ConfigurationClassParser.asSourceClass(ConfigurationClassParser.java:551)
		at org.springframework.context.annotation.ConfigurationClassParser$SourceClass.getMemberClasses(ConfigurationClassParser.java:700)
		at org.springframework.context.annotation.ConfigurationClassParser.processMemberClasses(ConfigurationClassParser.java:292)
		at org.springframework.context.annotation.ConfigurationClassParser.doProcessConfigurationClass(ConfigurationClassParser.java:222)
		at org.springframework.context.annotation.ConfigurationClassParser.processConfigurationClass(ConfigurationClassParser.java:205)
		at org.springframework.context.annotation.ConfigurationClassParser.parse(ConfigurationClassParser.java:173)
		at org.springframework.context.annotation.ConfigurationClassParser.parse(ConfigurationClassParser.java:155)
		... 50 more
16-Jul-2026 17:02:02.035 SEVERE [main] org.apache.catalina.core.StandardContext.startInternal One or more listeners failed to start. Full details will be found in the appropriate container log file
16-Jul-2026 17:02:02.350 WARNING [main] org.apache.catalina.util.SessionIdGeneratorBase.createSecureRandom Creation of SecureRandom instance for session ID generation using [SHA1PRNG] took [314] milliseconds.
16-Jul-2026 17:02:02.351 SEVERE [main] org.apache.catalina.core.StandardContext.startInternal Context [/demo] startup failed due to previous errors
16-Jul-2026 17:02:02.401 INFO [main] org.apache.catalina.startup.HostConfig.deployDirectory Deployment of web application directory [C:\Users\sjay8\Downloads\yamuna_fina_project\patratu_fina_project\newwork\newwork\JAVA_2512\JAVA_2512\dist\client\FingerprintClient_IDSL_DEVICEFIX\app\tomcat\webapps\demo] has finished in [11,576] ms
16-Jul-2026 17:02:02.401 INFO [main] org.apache.catalina.startup.HostConfig.deployDirectory Deploying web application directory [C:\Users\sjay8\Downloads\yamuna_fina_project\patratu_fina_project\newwork\newwork\JAVA_2512\JAVA_2512\dist\client\FingerprintClient_IDSL_DEVICEFIX\app\tomcat\webapps\docs]
16-Jul-2026 17:02:02.503 INFO [main] org.apache.catalina.startup.HostConfig.deployDirectory Deployment of web application directory [C:\Users\sjay8\Downloads\yamuna_fina_project\patratu_fina_project\newwork\newwork\JAVA_2512\JAVA_2512\dist\client\FingerprintClient_IDSL_DEVICEFIX\app\tomcat\webapps\docs] has finished in [102] ms
16-Jul-2026 17:02:02.503 INFO [main] org.apache.catalina.startup.HostConfig.deployDirectory Deploying web application directory [C:\Users\sjay8\Downloads\yamuna_fina_project\patratu_fina_project\newwork\newwork\JAVA_2512\JAVA_2512\dist\client\FingerprintClient_IDSL_DEVICEFIX\app\tomcat\webapps\examples]
16-Jul-2026 17:02:02.954 WARNING [main] org.apache.jasper.servlet.TldScanner.scanJspConfig Failed to process TLD with path [/WEB-INF/jsp/debug-taglib.tld] and URI [http://tomcat.apache.org/debug-taglib]. The specified path does not exist.
16-Jul-2026 17:02:03.028 SEVERE [main] org.apache.catalina.core.StandardContext.startInternal One or more listeners failed to start. Full details will be found in the appropriate container log file
16-Jul-2026 17:02:03.030 SEVERE [main] org.apache.catalina.core.StandardContext.startInternal Context [/examples] startup failed due to previous errors
16-Jul-2026 17:02:03.043 INFO [main] org.apache.catalina.startup.HostConfig.deployDirectory Deployment of web application directory [C:\Users\sjay8\Downloads\yamuna_fina_project\patratu_fina_project\newwork\newwork\JAVA_2512\JAVA_2512\dist\client\FingerprintClient_IDSL_DEVICEFIX\app\tomcat\webapps\examples] has finished in [539] ms
16-Jul-2026 17:02:03.044 INFO [main] org.apache.catalina.startup.HostConfig.deployDirectory Deploying web application directory [C:\Users\sjay8\Downloads\yamuna_fina_project\patratu_fina_project\newwork\newwork\JAVA_2512\JAVA_2512\dist\client\FingerprintClient_IDSL_DEVICEFIX\app\tomcat\webapps\host-manager]
16-Jul-2026 17:02:03.135 INFO [main] org.apache.catalina.startup.HostConfig.deployDirectory Deployment of web application directory [C:\Users\sjay8\Downloads\yamuna_fina_project\patratu_fina_project\newwork\newwork\JAVA_2512\JAVA_2512\dist\client\FingerprintClient_IDSL_DEVICEFIX\app\tomcat\webapps\host-manager] has finished in [91] ms
16-Jul-2026 17:02:03.135 INFO [main] org.apache.catalina.startup.HostConfig.deployDirectory Deploying web application directory [C:\Users\sjay8\Downloads\yamuna_fina_project\patratu_fina_project\newwork\newwork\JAVA_2512\JAVA_2512\dist\client\FingerprintClient_IDSL_DEVICEFIX\app\tomcat\webapps\manager]
16-Jul-2026 17:02:03.223 INFO [main] org.apache.catalina.startup.HostConfig.deployDirectory Deployment of web application directory [C:\Users\sjay8\Downloads\yamuna_fina_project\patratu_fina_project\newwork\newwork\JAVA_2512\JAVA_2512\dist\client\FingerprintClient_IDSL_DEVICEFIX\app\tomcat\webapps\manager] has finished in [88] ms
16-Jul-2026 17:02:03.226 INFO [main] org.apache.catalina.startup.HostConfig.deployDirectory Deploying web application directory [C:\Users\sjay8\Downloads\yamuna_fina_project\patratu_fina_project\newwork\newwork\JAVA_2512\JAVA_2512\dist\client\FingerprintClient_IDSL_DEVICEFIX\app\tomcat\webapps\ROOT]
16-Jul-2026 17:02:03.305 INFO [main] org.apache.catalina.startup.HostConfig.deployDirectory Deployment of web application directory [C:\Users\sjay8\Downloads\yamuna_fina_project\patratu_fina_project\newwork\newwork\JAVA_2512\JAVA_2512\dist\client\FingerprintClient_IDSL_DEVICEFIX\app\tomcat\webapps\ROOT] has finished in [82] ms
16-Jul-2026 17:02:03.312 INFO [main] org.apache.coyote.AbstractProtocol.start Starting ProtocolHandler ["http-nio-8081"]
16-Jul-2026 17:02:03.651 INFO [main] org.apache.catalina.startup.Catalina.start Server startup in [13004] milliseconds
16-Jul-2026 17:03:32.751 INFO [main] org.apache.catalina.startup.VersionLoggerListener.log Server version name:   Apache Tomcat/9.0.120
16-Jul-2026 17:03:32.763 INFO [main] org.apache.catalina.startup.VersionLoggerListener.log Server built:          Jul 3 2026 07:49:53 UTC
16-Jul-2026 17:03:32.763 INFO [main] org.apache.catalina.startup.VersionLoggerListener.log Server version number: 9.0.120.0
16-Jul-2026 17:03:32.763 INFO [main] org.apache.catalina.startup.VersionLoggerListener.log OS Name:               Windows 11
16-Jul-2026 17:03:32.764 INFO [main] org.apache.catalina.startup.VersionLoggerListener.log OS Version:            10.0
16-Jul-2026 17:03:32.764 INFO [main] org.apache.catalina.startup.VersionLoggerListener.log Architecture:          amd64
16-Jul-2026 17:03:32.765 INFO [main] org.apache.catalina.startup.VersionLoggerListener.log Java Home:             C:\Program Files\Microsoft\jdk-17.0.19.10-hotspot
16-Jul-2026 17:03:32.765 INFO [main] org.apache.catalina.startup.VersionLoggerListener.log JVM Version:           17.0.19+10-LTS
16-Jul-2026 17:03:32.765 INFO [main] org.apache.catalina.startup.VersionLoggerListener.log JVM Vendor:            Microsoft
16-Jul-2026 17:03:32.765 INFO [main] org.apache.catalina.startup.VersionLoggerListener.log CATALINA_BASE:         C:\Users\sjay8\Downloads\yamuna_fina_project\patratu_fina_project\newwork\newwork\JAVA_2512\JAVA_2512\dist\client\FingerprintClient_IDSL_DEVICEFIX\app\tomcat
16-Jul-2026 17:03:32.768 INFO [main] org.apache.catalina.startup.VersionLoggerListener.log CATALINA_HOME:         C:\Users\sjay8\Downloads\yamuna_fina_project\patratu_fina_project\newwork\newwork\JAVA_2512\JAVA_2512\dist\client\FingerprintClient_IDSL_DEVICEFIX\app\tomcat
16-Jul-2026 17:03:32.816 INFO [main] org.apache.catalina.startup.VersionLoggerListener.log Command line argument: --add-opens=java.base/java.lang=ALL-UNNAMED
16-Jul-2026 17:03:32.816 INFO [main] org.apache.catalina.startup.VersionLoggerListener.log Command line argument: --add-opens=java.base/java.lang.invoke=ALL-UNNAMED
16-Jul-2026 17:03:32.817 INFO [main] org.apache.catalina.startup.VersionLoggerListener.log Command line argument: --add-opens=java.base/java.lang.reflect=ALL-UNNAMED
16-Jul-2026 17:03:32.817 INFO [main] org.apache.catalina.startup.VersionLoggerListener.log Command line argument: --add-opens=java.base/java.io=ALL-UNNAMED
16-Jul-2026 17:03:32.818 INFO [main] org.apache.catalina.startup.VersionLoggerListener.log Command line argument: --add-opens=java.base/java.util=ALL-UNNAMED
16-Jul-2026 17:03:32.818 INFO [main] org.apache.catalina.startup.VersionLoggerListener.log Command line argument: --add-opens=java.base/java.util.concurrent=ALL-UNNAMED
16-Jul-2026 17:03:32.818 INFO [main] org.apache.catalina.startup.VersionLoggerListener.log Command line argument: --add-opens=java.rmi/sun.rmi.transport=ALL-UNNAMED
16-Jul-2026 17:03:32.819 INFO [main] org.apache.catalina.startup.VersionLoggerListener.log Command line argument: -Djava.util.logging.config.file=C:\Users\sjay8\Downloads\yamuna_fina_project\patratu_fina_project\newwork\newwork\JAVA_2512\JAVA_2512\dist\client\FingerprintClient_IDSL_DEVICEFIX\app\tomcat\conf\logging.properties
16-Jul-2026 17:03:32.819 INFO [main] org.apache.catalina.startup.VersionLoggerListener.log Command line argument: -Djava.util.logging.manager=org.apache.juli.ClassLoaderLogManager
16-Jul-2026 17:03:32.819 INFO [main] org.apache.catalina.startup.VersionLoggerListener.log Command line argument: -Djdk.tls.ephemeralDHKeySize=2048
16-Jul-2026 17:03:32.819 INFO [main] org.apache.catalina.startup.VersionLoggerListener.log Command line argument: -Djava.protocol.handler.pkgs=org.apache.catalina.webresources
16-Jul-2026 17:03:32.819 INFO [main] org.apache.catalina.startup.VersionLoggerListener.log Command line argument: -Dsun.io.useCanonCaches=false
16-Jul-2026 17:03:32.820 INFO [main] org.apache.catalina.startup.VersionLoggerListener.log Command line argument: -Dignore.endorsed.dirs=
16-Jul-2026 17:03:32.820 INFO [main] org.apache.catalina.startup.VersionLoggerListener.log Command line argument: -Dcatalina.base=C:\Users\sjay8\Downloads\yamuna_fina_project\patratu_fina_project\newwork\newwork\JAVA_2512\JAVA_2512\dist\client\FingerprintClient_IDSL_DEVICEFIX\app\tomcat
16-Jul-2026 17:03:32.820 INFO [main] org.apache.catalina.startup.VersionLoggerListener.log Command line argument: -Dcatalina.home=C:\Users\sjay8\Downloads\yamuna_fina_project\patratu_fina_project\newwork\newwork\JAVA_2512\JAVA_2512\dist\client\FingerprintClient_IDSL_DEVICEFIX\app\tomcat
16-Jul-2026 17:03:32.821 INFO [main] org.apache.catalina.startup.VersionLoggerListener.log Command line argument: -Djava.io.tmpdir=C:\Users\sjay8\Downloads\yamuna_fina_project\patratu_fina_project\newwork\newwork\JAVA_2512\JAVA_2512\dist\client\FingerprintClient_IDSL_DEVICEFIX\app\tomcat\temp
16-Jul-2026 17:03:32.853 INFO [main] org.apache.catalina.core.AprLifecycleListener.lifecycleEvent The Apache Tomcat Native library which allows using OpenSSL was not found on the java.library.path: [C:\Program Files\Microsoft\jdk-17.0.19.10-hotspot\bin;C:\WINDOWS\Sun\Java\bin;C:\WINDOWS\system32;C:\WINDOWS;C:\Program Files\Microsoft MPI\Bin\;C:\Program Files\Microsoft\jdk-17.0.19.10-hotspot\bin;C:\WINDOWS\system32;C:\WINDOWS;C:\WINDOWS\System32\Wbem;C:\WINDOWS\System32\WindowsPowerShell\v1.0\;C:\WINDOWS\System32\OpenSSH\;C:\Program Files\nodejs\;C:\Program Files\Git\cmd;C:\Program Files\Docker\Docker\resources\bin;C:\Program Files\PuTTY\;C:\Program Files\CMake\bin;C:\Program Files (x86)\Microsoft SQL Server\170\Tools\Binn\;C:\Program Files\Microsoft SQL Server\170\Tools\Binn\;C:\Program Files\Microsoft SQL Server\Client SDK\ODBC\180\Tools\Binn\;C:\Program Files\Microsoft SQL Server\170\DTS\Binn\;C:\Program Files (x86)\Microsoft SQL Server\170\DTS\Binn\;C:\Program Files (x86)\Arm GNU Toolchain arm-none-eabi\14.2 rel1\bin;C:\Users\sjay8\.espressif\eim_gui;C:\Users\sjay8\AppData\Local\Programs\Python\Python311\Scripts\;C:\Users\sjay8\AppData\Local\Programs\Python\Python311\;C:\Users\sjay8\AppData\Local\Programs\Python\Python314\Scripts\;C:\Users\sjay8\AppData\Local\Programs\Python\Python314\;C:\Users\sjay8\AppData\Local\Microsoft\WindowsApps;C:\Users\sjay8\AppData\Roaming\npm;C:\Users\sjay8\AppData\Local\Programs\Microsoft VS Code\bin;C:\src\flutter\bin;C:\Users\sjay8\AppData\Local\Microsoft\WinGet\Packages\Ninja-build.Ninja_Microsoft.Winget.Source_8wekyb3d8bbwe;C:\Users\sjay8\AppData\Local\Microsoft\WinGet\Packages\Gyan.FFmpeg_Microsoft.Winget.Source_8wekyb3d8bbwe\ffmpeg-8.1.2-full_build\bin;C:\Users\sjay8\AppData\Local\Microsoft\WinGet\Packages\taizod1024.redis-windows-fork_Microsoft.Winget.Source_8wekyb3d8bbwe\Redis-8.8.0-Windows-x64-msys2;C:\Users\sjay8\AppData\Local\Microsoft\WinGet\Packages\NSSM.NSSM_Microsoft.Winget.Source_8wekyb3d8bbwe\nssm-2.24-101-g897c7ad\win64;.]
16-Jul-2026 17:03:33.607 INFO [main] org.apache.coyote.AbstractProtocol.init Initializing ProtocolHandler ["http-nio-8081"]
16-Jul-2026 17:03:33.666 INFO [main] org.apache.catalina.startup.Catalina.load Server initialization in [1353] milliseconds
16-Jul-2026 17:03:33.775 INFO [main] org.apache.catalina.core.StandardService.startInternal Starting service [Catalina]
16-Jul-2026 17:03:33.775 INFO [main] org.apache.catalina.core.StandardEngine.startInternal Starting Servlet engine: [Apache Tomcat/9.0.120]
16-Jul-2026 17:03:33.809 INFO [main] org.apache.catalina.startup.HostConfig.deployDirectory Deploying web application directory [C:\Users\sjay8\Downloads\yamuna_fina_project\patratu_fina_project\newwork\newwork\JAVA_2512\JAVA_2512\dist\client\FingerprintClient_IDSL_DEVICEFIX\app\tomcat\webapps\demo]
16-Jul-2026 17:03:42.110 INFO [main] org.apache.jasper.servlet.TldScanner.scanJars At least one JAR was scanned for TLDs yet contained no TLDs. Enable debug logging for this logger for a complete list of JARs that were scanned but no TLDs were found in them. Skipping unneeded JARs during scanning can improve startup time and JSP compilation time.
16-Jul-2026 17:03:42.374 INFO [main] org.springframework.web.context.ContextLoader.initWebApplicationContext Root WebApplicationContext: initialization started
16-Jul-2026 17:03:42.843 INFO [main] org.springframework.web.context.support.XmlWebApplicationContext.prepareRefresh Refreshing Root WebApplicationContext: startup date [Thu Jul 16 17:03:42 IST 2026]; root of context hierarchy
16-Jul-2026 17:03:43.061 INFO [main] org.springframework.beans.factory.xml.XmlBeanDefinitionReader.loadBeanDefinitions Loading XML bean definitions from class path resource [spring-mybatis.xml]
16-Jul-2026 17:03:44.553 SEVERE [main] org.springframework.web.context.ContextLoader.initWebApplicationContext Context initialization failed
	org.springframework.beans.factory.BeanDefinitionStoreException: Failed to load bean class: com.timmy.serviceImpl.UsernameDeltaSyncService; nested exception is java.io.FileNotFoundException: class path resource [com/timmy/serviceImpl/UsernameDeltaSyncService$DeviceSyncDetail.class] cannot be opened because it does not exist
		at org.springframework.context.annotation.ConfigurationClassParser.parse(ConfigurationClassParser.java:159)
		at org.springframework.context.annotation.ConfigurationClassPostProcessor.processConfigBeanDefinitions(ConfigurationClassPostProcessor.java:299)
		at org.springframework.context.annotation.ConfigurationClassPostProcessor.postProcessBeanDefinitionRegistry(ConfigurationClassPostProcessor.java:243)
		at org.springframework.context.support.PostProcessorRegistrationDelegate.invokeBeanDefinitionRegistryPostProcessors(PostProcessorRegistrationDelegate.java:254)
		at org.springframework.context.support.PostProcessorRegistrationDelegate.invokeBeanFactoryPostProcessors(PostProcessorRegistrationDelegate.java:94)
		at org.springframework.context.support.AbstractApplicationContext.invokeBeanFactoryPostProcessors(AbstractApplicationContext.java:609)
		at org.springframework.context.support.AbstractApplicationContext.refresh(AbstractApplicationContext.java:464)
		at org.springframework.web.context.ContextLoader.configureAndRefreshWebApplicationContext(ContextLoader.java:403)
		at org.springframework.web.context.ContextLoader.initWebApplicationContext(ContextLoader.java:306)
		at org.springframework.web.context.ContextLoaderListener.contextInitialized(ContextLoaderListener.java:106)
		at org.apache.catalina.core.StandardContext.listenerStart(StandardContext.java:4204)
		at org.apache.catalina.core.StandardContext.startInternal(StandardContext.java:4646)
		at org.apache.catalina.util.LifecycleBase.start(LifecycleBase.java:170)
		at org.apache.catalina.core.ContainerBase.addChildInternal(ContainerBase.java:616)
		at org.apache.catalina.core.ContainerBase.addChild(ContainerBase.java:588)
		at org.apache.catalina.core.StandardHost.addChild(StandardHost.java:622)
		at org.apache.catalina.startup.HostConfig.deployDirectory(HostConfig.java:1180)
		at org.apache.catalina.startup.HostConfig$DeployDirectory.run(HostConfig.java:1904)
		at java.base/java.util.concurrent.Executors$RunnableAdapter.call(Executors.java:539)
		at java.base/java.util.concurrent.FutureTask.run(FutureTask.java:264)
		at org.apache.tomcat.util.threads.InlineExecutorService.execute(InlineExecutorService.java:82)
		at java.base/java.util.concurrent.AbstractExecutorService.submit(AbstractExecutorService.java:123)
		at org.apache.catalina.startup.HostConfig.deployDirectories(HostConfig.java:1084)
		at org.apache.catalina.startup.HostConfig.deployApps(HostConfig.java:499)
		at org.apache.catalina.startup.HostConfig.start(HostConfig.java:1594)
		at org.apache.catalina.startup.HostConfig.lifecycleEvent(HostConfig.java:333)
		at org.apache.catalina.util.LifecycleBase.fireLifecycleEvent(LifecycleBase.java:115)
		at org.apache.catalina.util.LifecycleBase.setStateInternal(LifecycleBase.java:395)
		at org.apache.catalina.util.LifecycleBase.setState(LifecycleBase.java:342)
		at org.apache.catalina.core.ContainerBase.startInternal(ContainerBase.java:792)
		at org.apache.catalina.core.StandardHost.startInternal(StandardHost.java:740)
		at org.apache.catalina.util.LifecycleBase.start(LifecycleBase.java:170)
		at org.apache.catalina.core.ContainerBase$StartChild.call(ContainerBase.java:1243)
		at org.apache.catalina.core.ContainerBase$StartChild.call(ContainerBase.java:1233)
		at java.base/java.util.concurrent.FutureTask.run(FutureTask.java:264)
		at org.apache.tomcat.util.threads.InlineExecutorService.execute(InlineExecutorService.java:82)
		at java.base/java.util.concurrent.AbstractExecutorService.submit(AbstractExecutorService.java:145)
		at org.apache.catalina.core.ContainerBase.startInternal(ContainerBase.java:765)
		at org.apache.catalina.core.StandardEngine.startInternal(StandardEngine.java:209)
		at org.apache.catalina.util.LifecycleBase.start(LifecycleBase.java:170)
		at org.apache.catalina.core.StandardService.startInternal(StandardService.java:433)
		at org.apache.catalina.util.LifecycleBase.start(LifecycleBase.java:170)
		at org.apache.catalina.core.StandardServer.startInternal(StandardServer.java:879)
		at org.apache.catalina.util.LifecycleBase.start(LifecycleBase.java:170)
		at org.apache.catalina.startup.Catalina.start(Catalina.java:861)
		at java.base/jdk.internal.reflect.NativeMethodAccessorImpl.invoke0(Native Method)
		at java.base/jdk.internal.reflect.NativeMethodAccessorImpl.invoke(NativeMethodAccessorImpl.java:77)
		at java.base/jdk.internal.reflect.DelegatingMethodAccessorImpl.invoke(DelegatingMethodAccessorImpl.java:43)
		at java.base/java.lang.reflect.Method.invoke(Method.java:569)
		at org.apache.catalina.startup.Bootstrap.start(Bootstrap.java:348)
		at org.apache.catalina.startup.Bootstrap.main(Bootstrap.java:485)
	Caused by: java.io.FileNotFoundException: class path resource [com/timmy/serviceImpl/UsernameDeltaSyncService$DeviceSyncDetail.class] cannot be opened because it does not exist
		at org.springframework.core.io.ClassPathResource.getInputStream(ClassPathResource.java:158)
		at org.springframework.core.type.classreading.SimpleMetadataReader.<init>(SimpleMetadataReader.java:50)
		at org.springframework.core.type.classreading.SimpleMetadataReaderFactory.getMetadataReader(SimpleMetadataReaderFactory.java:82)
		at org.springframework.core.type.classreading.CachingMetadataReaderFactory.getMetadataReader(CachingMetadataReaderFactory.java:102)
		at org.springframework.core.type.classreading.SimpleMetadataReaderFactory.getMetadataReader(SimpleMetadataReaderFactory.java:77)
		at org.springframework.context.annotation.ConfigurationClassParser.asSourceClass(ConfigurationClassParser.java:551)
		at org.springframework.context.annotation.ConfigurationClassParser$SourceClass.getMemberClasses(ConfigurationClassParser.java:700)
		at org.springframework.context.annotation.ConfigurationClassParser.processMemberClasses(ConfigurationClassParser.java:292)
		at org.springframework.context.annotation.ConfigurationClassParser.doProcessConfigurationClass(ConfigurationClassParser.java:222)
		at org.springframework.context.annotation.ConfigurationClassParser.processConfigurationClass(ConfigurationClassParser.java:205)
		at org.springframework.context.annotation.ConfigurationClassParser.parse(ConfigurationClassParser.java:173)
		at org.springframework.context.annotation.ConfigurationClassParser.parse(ConfigurationClassParser.java:155)
		... 50 more
16-Jul-2026 17:03:44.556 SEVERE [main] org.apache.catalina.core.StandardContext.startInternal One or more listeners failed to start. Full details will be found in the appropriate container log file
16-Jul-2026 17:03:44.883 WARNING [main] org.apache.catalina.util.SessionIdGeneratorBase.createSecureRandom Creation of SecureRandom instance for session ID generation using [SHA1PRNG] took [324] milliseconds.
16-Jul-2026 17:03:44.884 SEVERE [main] org.apache.catalina.core.StandardContext.startInternal Context [/demo] startup failed due to previous errors
16-Jul-2026 17:03:44.925 INFO [main] org.apache.catalina.startup.HostConfig.deployDirectory Deployment of web application directory [C:\Users\sjay8\Downloads\yamuna_fina_project\patratu_fina_project\newwork\newwork\JAVA_2512\JAVA_2512\dist\client\FingerprintClient_IDSL_DEVICEFIX\app\tomcat\webapps\demo] has finished in [11,116] ms
16-Jul-2026 17:03:44.925 INFO [main] org.apache.catalina.startup.HostConfig.deployDirectory Deploying web application directory [C:\Users\sjay8\Downloads\yamuna_fina_project\patratu_fina_project\newwork\newwork\JAVA_2512\JAVA_2512\dist\client\FingerprintClient_IDSL_DEVICEFIX\app\tomcat\webapps\docs]
16-Jul-2026 17:03:45.022 INFO [main] org.apache.catalina.startup.HostConfig.deployDirectory Deployment of web application directory [C:\Users\sjay8\Downloads\yamuna_fina_project\patratu_fina_project\newwork\newwork\JAVA_2512\JAVA_2512\dist\client\FingerprintClient_IDSL_DEVICEFIX\app\tomcat\webapps\docs] has finished in [97] ms
16-Jul-2026 17:03:45.024 INFO [main] org.apache.catalina.startup.HostConfig.deployDirectory Deploying web application directory [C:\Users\sjay8\Downloads\yamuna_fina_project\patratu_fina_project\newwork\newwork\JAVA_2512\JAVA_2512\dist\client\FingerprintClient_IDSL_DEVICEFIX\app\tomcat\webapps\examples]
16-Jul-2026 17:03:45.439 WARNING [main] org.apache.jasper.servlet.TldScanner.scanJspConfig Failed to process TLD with path [/WEB-INF/jsp/debug-taglib.tld] and URI [http://tomcat.apache.org/debug-taglib]. The specified path does not exist.
16-Jul-2026 17:03:45.517 SEVERE [main] org.apache.catalina.core.StandardContext.startInternal One or more listeners failed to start. Full details will be found in the appropriate container log file
16-Jul-2026 17:03:45.518 SEVERE [main] org.apache.catalina.core.StandardContext.startInternal Context [/examples] startup failed due to previous errors
16-Jul-2026 17:03:45.534 INFO [main] org.apache.catalina.startup.HostConfig.deployDirectory Deployment of web application directory [C:\Users\sjay8\Downloads\yamuna_fina_project\patratu_fina_project\newwork\newwork\JAVA_2512\JAVA_2512\dist\client\FingerprintClient_IDSL_DEVICEFIX\app\tomcat\webapps\examples] has finished in [508] ms
16-Jul-2026 17:03:45.534 INFO [main] org.apache.catalina.startup.HostConfig.deployDirectory Deploying web application directory [C:\Users\sjay8\Downloads\yamuna_fina_project\patratu_fina_project\newwork\newwork\JAVA_2512\JAVA_2512\dist\client\FingerprintClient_IDSL_DEVICEFIX\app\tomcat\webapps\host-manager]
16-Jul-2026 17:03:45.667 INFO [main] org.apache.catalina.startup.HostConfig.deployDirectory Deployment of web application directory [C:\Users\sjay8\Downloads\yamuna_fina_project\patratu_fina_project\newwork\newwork\JAVA_2512\JAVA_2512\dist\client\FingerprintClient_IDSL_DEVICEFIX\app\tomcat\webapps\host-manager] has finished in [132] ms
16-Jul-2026 17:03:45.668 INFO [main] org.apache.catalina.startup.HostConfig.deployDirectory Deploying web application directory [C:\Users\sjay8\Downloads\yamuna_fina_project\patratu_fina_project\newwork\newwork\JAVA_2512\JAVA_2512\dist\client\FingerprintClient_IDSL_DEVICEFIX\app\tomcat\webapps\manager]
16-Jul-2026 17:03:45.796 INFO [main] org.apache.catalina.startup.HostConfig.deployDirectory Deployment of web application directory [C:\Users\sjay8\Downloads\yamuna_fina_project\patratu_fina_project\newwork\newwork\JAVA_2512\JAVA_2512\dist\client\FingerprintClient_IDSL_DEVICEFIX\app\tomcat\webapps\manager] has finished in [128] ms
16-Jul-2026 17:03:45.796 INFO [main] org.apache.catalina.startup.HostConfig.deployDirectory Deploying web application directory [C:\Users\sjay8\Downloads\yamuna_fina_project\patratu_fina_project\newwork\newwork\JAVA_2512\JAVA_2512\dist\client\FingerprintClient_IDSL_DEVICEFIX\app\tomcat\webapps\ROOT]
16-Jul-2026 17:03:45.899 INFO [main] org.apache.catalina.startup.HostConfig.deployDirectory Deployment of web application directory [C:\Users\sjay8\Downloads\yamuna_fina_project\patratu_fina_project\newwork\newwork\JAVA_2512\JAVA_2512\dist\client\FingerprintClient_IDSL_DEVICEFIX\app\tomcat\webapps\ROOT] has finished in [103] ms
16-Jul-2026 17:03:45.905 INFO [main] org.apache.coyote.AbstractProtocol.start Starting ProtocolHandler ["http-nio-8081"]
16-Jul-2026 17:03:46.348 INFO [main] org.apache.catalina.startup.Catalina.start Server startup in [12681] milliseconds
16-Jul-2026 17:05:43.287 INFO [main] org.apache.catalina.startup.VersionLoggerListener.log Server version name:   Apache Tomcat/9.0.120
16-Jul-2026 17:05:43.298 INFO [main] org.apache.catalina.startup.VersionLoggerListener.log Server built:          Jul 3 2026 07:49:53 UTC
16-Jul-2026 17:05:43.300 INFO [main] org.apache.catalina.startup.VersionLoggerListener.log Server version number: 9.0.120.0
16-Jul-2026 17:05:43.300 INFO [main] org.apache.catalina.startup.VersionLoggerListener.log OS Name:               Windows 11
16-Jul-2026 17:05:43.300 INFO [main] org.apache.catalina.startup.VersionLoggerListener.log OS Version:            10.0
16-Jul-2026 17:05:43.300 INFO [main] org.apache.catalina.startup.VersionLoggerListener.log Architecture:          amd64
16-Jul-2026 17:05:43.300 INFO [main] org.apache.catalina.startup.VersionLoggerListener.log Java Home:             C:\Program Files\Microsoft\jdk-17.0.19.10-hotspot
16-Jul-2026 17:05:43.300 INFO [main] org.apache.catalina.startup.VersionLoggerListener.log JVM Version:           17.0.19+10-LTS
16-Jul-2026 17:05:43.300 INFO [main] org.apache.catalina.startup.VersionLoggerListener.log JVM Vendor:            Microsoft
16-Jul-2026 17:05:43.302 INFO [main] org.apache.catalina.startup.VersionLoggerListener.log CATALINA_BASE:         C:\Users\sjay8\Downloads\yamuna_fina_project\patratu_fina_project\newwork\newwork\JAVA_2512\JAVA_2512\dist\client\FingerprintClient_IDSL_DEVICEFIX\app\tomcat
16-Jul-2026 17:05:43.302 INFO [main] org.apache.catalina.startup.VersionLoggerListener.log CATALINA_HOME:         C:\Users\sjay8\Downloads\yamuna_fina_project\patratu_fina_project\newwork\newwork\JAVA_2512\JAVA_2512\dist\client\FingerprintClient_IDSL_DEVICEFIX\app\tomcat
16-Jul-2026 17:05:43.335 INFO [main] org.apache.catalina.startup.VersionLoggerListener.log Command line argument: --add-opens=java.base/java.lang=ALL-UNNAMED
16-Jul-2026 17:05:43.336 INFO [main] org.apache.catalina.startup.VersionLoggerListener.log Command line argument: --add-opens=java.base/java.lang.invoke=ALL-UNNAMED
16-Jul-2026 17:05:43.336 INFO [main] org.apache.catalina.startup.VersionLoggerListener.log Command line argument: --add-opens=java.base/java.lang.reflect=ALL-UNNAMED
16-Jul-2026 17:05:43.336 INFO [main] org.apache.catalina.startup.VersionLoggerListener.log Command line argument: --add-opens=java.base/java.io=ALL-UNNAMED
16-Jul-2026 17:05:43.336 INFO [main] org.apache.catalina.startup.VersionLoggerListener.log Command line argument: --add-opens=java.base/java.util=ALL-UNNAMED
16-Jul-2026 17:05:43.337 INFO [main] org.apache.catalina.startup.VersionLoggerListener.log Command line argument: --add-opens=java.base/java.util.concurrent=ALL-UNNAMED
16-Jul-2026 17:05:43.337 INFO [main] org.apache.catalina.startup.VersionLoggerListener.log Command line argument: --add-opens=java.rmi/sun.rmi.transport=ALL-UNNAMED
16-Jul-2026 17:05:43.337 INFO [main] org.apache.catalina.startup.VersionLoggerListener.log Command line argument: -Djava.util.logging.config.file=C:\Users\sjay8\Downloads\yamuna_fina_project\patratu_fina_project\newwork\newwork\JAVA_2512\JAVA_2512\dist\client\FingerprintClient_IDSL_DEVICEFIX\app\tomcat\conf\logging.properties
16-Jul-2026 17:05:43.337 INFO [main] org.apache.catalina.startup.VersionLoggerListener.log Command line argument: -Djava.util.logging.manager=org.apache.juli.ClassLoaderLogManager
16-Jul-2026 17:05:43.338 INFO [main] org.apache.catalina.startup.VersionLoggerListener.log Command line argument: -Djdk.tls.ephemeralDHKeySize=2048
16-Jul-2026 17:05:43.338 INFO [main] org.apache.catalina.startup.VersionLoggerListener.log Command line argument: -Djava.protocol.handler.pkgs=org.apache.catalina.webresources
16-Jul-2026 17:05:43.338 INFO [main] org.apache.catalina.startup.VersionLoggerListener.log Command line argument: -Dsun.io.useCanonCaches=false
16-Jul-2026 17:05:43.338 INFO [main] org.apache.catalina.startup.VersionLoggerListener.log Command line argument: -Dignore.endorsed.dirs=
16-Jul-2026 17:05:43.338 INFO [main] org.apache.catalina.startup.VersionLoggerListener.log Command line argument: -Dcatalina.base=C:\Users\sjay8\Downloads\yamuna_fina_project\patratu_fina_project\newwork\newwork\JAVA_2512\JAVA_2512\dist\client\FingerprintClient_IDSL_DEVICEFIX\app\tomcat
16-Jul-2026 17:05:43.345 INFO [main] org.apache.catalina.startup.VersionLoggerListener.log Command line argument: -Dcatalina.home=C:\Users\sjay8\Downloads\yamuna_fina_project\patratu_fina_project\newwork\newwork\JAVA_2512\JAVA_2512\dist\client\FingerprintClient_IDSL_DEVICEFIX\app\tomcat
16-Jul-2026 17:05:43.345 INFO [main] org.apache.catalina.startup.VersionLoggerListener.log Command line argument: -Djava.io.tmpdir=C:\Users\sjay8\Downloads\yamuna_fina_project\patratu_fina_project\newwork\newwork\JAVA_2512\JAVA_2512\dist\client\FingerprintClient_IDSL_DEVICEFIX\app\tomcat\temp
16-Jul-2026 17:05:43.387 INFO [main] org.apache.catalina.core.AprLifecycleListener.lifecycleEvent The Apache Tomcat Native library which allows using OpenSSL was not found on the java.library.path: [C:\Program Files\Microsoft\jdk-17.0.19.10-hotspot\bin;C:\WINDOWS\Sun\Java\bin;C:\WINDOWS\system32;C:\WINDOWS;C:\Program Files\Microsoft MPI\Bin\;C:\Program Files\Microsoft\jdk-17.0.19.10-hotspot\bin;C:\WINDOWS\system32;C:\WINDOWS;C:\WINDOWS\System32\Wbem;C:\WINDOWS\System32\WindowsPowerShell\v1.0\;C:\WINDOWS\System32\OpenSSH\;C:\Program Files\nodejs\;C:\Program Files\Git\cmd;C:\Program Files\Docker\Docker\resources\bin;C:\Program Files\PuTTY\;C:\Program Files\CMake\bin;C:\Program Files (x86)\Microsoft SQL Server\170\Tools\Binn\;C:\Program Files\Microsoft SQL Server\170\Tools\Binn\;C:\Program Files\Microsoft SQL Server\Client SDK\ODBC\180\Tools\Binn\;C:\Program Files\Microsoft SQL Server\170\DTS\Binn\;C:\Program Files (x86)\Microsoft SQL Server\170\DTS\Binn\;C:\Program Files (x86)\Arm GNU Toolchain arm-none-eabi\14.2 rel1\bin;C:\Users\sjay8\.espressif\eim_gui;C:\Users\sjay8\AppData\Local\Programs\Python\Python311\Scripts\;C:\Users\sjay8\AppData\Local\Programs\Python\Python311\;C:\Users\sjay8\AppData\Local\Programs\Python\Python314\Scripts\;C:\Users\sjay8\AppData\Local\Programs\Python\Python314\;C:\Users\sjay8\AppData\Local\Microsoft\WindowsApps;C:\Users\sjay8\AppData\Roaming\npm;C:\Users\sjay8\AppData\Local\Programs\Microsoft VS Code\bin;C:\src\flutter\bin;C:\Users\sjay8\AppData\Local\Microsoft\WinGet\Packages\Ninja-build.Ninja_Microsoft.Winget.Source_8wekyb3d8bbwe;C:\Users\sjay8\AppData\Local\Microsoft\WinGet\Packages\Gyan.FFmpeg_Microsoft.Winget.Source_8wekyb3d8bbwe\ffmpeg-8.1.2-full_build\bin;C:\Users\sjay8\AppData\Local\Microsoft\WinGet\Packages\taizod1024.redis-windows-fork_Microsoft.Winget.Source_8wekyb3d8bbwe\Redis-8.8.0-Windows-x64-msys2;C:\Users\sjay8\AppData\Local\Microsoft\WinGet\Packages\NSSM.NSSM_Microsoft.Winget.Source_8wekyb3d8bbwe\nssm-2.24-101-g897c7ad\win64;.]
16-Jul-2026 17:05:44.239 INFO [main] org.apache.coyote.AbstractProtocol.init Initializing ProtocolHandler ["http-nio-8081"]
16-Jul-2026 17:05:44.352 INFO [main] org.apache.catalina.startup.Catalina.load Server initialization in [1562] milliseconds
16-Jul-2026 17:05:44.435 INFO [main] org.apache.catalina.core.StandardService.startInternal Starting service [Catalina]
16-Jul-2026 17:05:44.435 INFO [main] org.apache.catalina.core.StandardEngine.startInternal Starting Servlet engine: [Apache Tomcat/9.0.120]
16-Jul-2026 17:05:44.466 INFO [main] org.apache.catalina.startup.HostConfig.deployDirectory Deploying web application directory [C:\Users\sjay8\Downloads\yamuna_fina_project\patratu_fina_project\newwork\newwork\JAVA_2512\JAVA_2512\dist\client\FingerprintClient_IDSL_DEVICEFIX\app\tomcat\webapps\demo]
16-Jul-2026 17:05:53.608 INFO [main] org.apache.jasper.servlet.TldScanner.scanJars At least one JAR was scanned for TLDs yet contained no TLDs. Enable debug logging for this logger for a complete list of JARs that were scanned but no TLDs were found in them. Skipping unneeded JARs during scanning can improve startup time and JSP compilation time.
16-Jul-2026 17:05:53.907 INFO [main] org.springframework.web.context.ContextLoader.initWebApplicationContext Root WebApplicationContext: initialization started
16-Jul-2026 17:05:54.465 INFO [main] org.springframework.web.context.support.XmlWebApplicationContext.prepareRefresh Refreshing Root WebApplicationContext: startup date [Thu Jul 16 17:05:54 IST 2026]; root of context hierarchy
16-Jul-2026 17:05:54.683 INFO [main] org.springframework.beans.factory.xml.XmlBeanDefinitionReader.loadBeanDefinitions Loading XML bean definitions from class path resource [spring-mybatis.xml]
16-Jul-2026 17:05:57.025 INFO [main] org.springframework.beans.factory.config.PropertyPlaceholderConfigurer.loadProperties Loading properties file from class path resource [jdbc.properties]
16-Jul-2026 17:05:57.059 INFO [main] org.springframework.beans.factory.annotation.AutowiredAnnotationBeanPostProcessor.<init> JSR-330 'javax.inject.Inject' annotation found and supported for autowiring
16-Jul-2026 17:05:59.494 SEVERE [main] org.springframework.web.context.ContextLoader.initWebApplicationContext Context initialization failed
	java.lang.NoClassDefFoundError: org/java_websocket/handshake/HandshakeBuilder
		at java.base/java.lang.ClassLoader.defineClass1(Native Method)
		at java.base/java.lang.ClassLoader.defineClass(ClassLoader.java:1017)
		at java.base/java.security.SecureClassLoader.defineClass(SecureClassLoader.java:150)
		at org.apache.catalina.loader.WebappClassLoaderBase.findClassInternal(WebappClassLoaderBase.java:2458)
		at org.apache.catalina.loader.WebappClassLoaderBase.findClassInternal(WebappClassLoaderBase.java:2328)
		at org.apache.catalina.loader.WebappClassLoaderBase.findClass(WebappClassLoaderBase.java:891)
		at org.apache.catalina.loader.WebappClassLoaderBase.loadClass(WebappClassLoaderBase.java:1402)
		at org.apache.catalina.loader.WebappClassLoaderBase.loadClass(WebappClassLoaderBase.java:1250)
		at java.base/java.lang.Class.getDeclaredConstructors0(Native Method)
		at java.base/java.lang.Class.privateGetDeclaredConstructors(Class.java:3375)
		at java.base/java.lang.Class.getDeclaredConstructors(Class.java:2557)
		at org.springframework.beans.factory.annotation.AutowiredAnnotationBeanPostProcessor.determineCandidateConstructors(AutowiredAnnotationBeanPostProcessor.java:234)
		at org.springframework.beans.factory.support.AbstractAutowireCapableBeanFactory.determineConstructorsFromBeanPostProcessors(AbstractAutowireCapableBeanFactory.java:1040)
		at org.springframework.beans.factory.support.AbstractAutowireCapableBeanFactory.createBeanInstance(AbstractAutowireCapableBeanFactory.java:1013)
		at org.springframework.beans.factory.support.AbstractAutowireCapableBeanFactory.doCreateBean(AbstractAutowireCapableBeanFactory.java:504)
		at org.springframework.beans.factory.support.AbstractAutowireCapableBeanFactory.createBean(AbstractAutowireCapableBeanFactory.java:475)
		at org.springframework.beans.factory.support.AbstractBeanFactory$1.getObject(AbstractBeanFactory.java:304)
		at org.springframework.beans.factory.support.DefaultSingletonBeanRegistry.getSingleton(DefaultSingletonBeanRegistry.java:228)
		at org.springframework.beans.factory.support.AbstractBeanFactory.doGetBean(AbstractBeanFactory.java:300)
		at org.springframework.beans.factory.support.AbstractBeanFactory.getBean(AbstractBeanFactory.java:195)
		at org.springframework.beans.factory.support.DefaultListableBeanFactory.preInstantiateSingletons(DefaultListableBeanFactory.java:700)
		at org.springframework.context.support.AbstractApplicationContext.finishBeanFactoryInitialization(AbstractApplicationContext.java:760)
		at org.springframework.context.support.AbstractApplicationContext.refresh(AbstractApplicationContext.java:482)
		at org.springframework.web.context.ContextLoader.configureAndRefreshWebApplicationContext(ContextLoader.java:403)
		at org.springframework.web.context.ContextLoader.initWebApplicationContext(ContextLoader.java:306)
		at org.springframework.web.context.ContextLoaderListener.contextInitialized(ContextLoaderListener.java:106)
		at org.apache.catalina.core.StandardContext.listenerStart(StandardContext.java:4204)
		at org.apache.catalina.core.StandardContext.startInternal(StandardContext.java:4646)
		at org.apache.catalina.util.LifecycleBase.start(LifecycleBase.java:170)
		at org.apache.catalina.core.ContainerBase.addChildInternal(ContainerBase.java:616)
		at org.apache.catalina.core.ContainerBase.addChild(ContainerBase.java:588)
		at org.apache.catalina.core.StandardHost.addChild(StandardHost.java:622)
		at org.apache.catalina.startup.HostConfig.deployDirectory(HostConfig.java:1180)
		at org.apache.catalina.startup.HostConfig$DeployDirectory.run(HostConfig.java:1904)
		at java.base/java.util.concurrent.Executors$RunnableAdapter.call(Executors.java:539)
		at java.base/java.util.concurrent.FutureTask.run(FutureTask.java:264)
		at org.apache.tomcat.util.threads.InlineExecutorService.execute(InlineExecutorService.java:82)
		at java.base/java.util.concurrent.AbstractExecutorService.submit(AbstractExecutorService.java:123)
		at org.apache.catalina.startup.HostConfig.deployDirectories(HostConfig.java:1084)
		at org.apache.catalina.startup.HostConfig.deployApps(HostConfig.java:499)
		at org.apache.catalina.startup.HostConfig.start(HostConfig.java:1594)
		at org.apache.catalina.startup.HostConfig.lifecycleEvent(HostConfig.java:333)
		at org.apache.catalina.util.LifecycleBase.fireLifecycleEvent(LifecycleBase.java:115)
		at org.apache.catalina.util.LifecycleBase.setStateInternal(LifecycleBase.java:395)
		at org.apache.catalina.util.LifecycleBase.setState(LifecycleBase.java:342)
		at org.apache.catalina.core.ContainerBase.startInternal(ContainerBase.java:792)
		at org.apache.catalina.core.StandardHost.startInternal(StandardHost.java:740)
		at org.apache.catalina.util.LifecycleBase.start(LifecycleBase.java:170)
		at org.apache.catalina.core.ContainerBase$StartChild.call(ContainerBase.java:1243)
		at org.apache.catalina.core.ContainerBase$StartChild.call(ContainerBase.java:1233)
		at java.base/java.util.concurrent.FutureTask.run(FutureTask.java:264)
		at org.apache.tomcat.util.threads.InlineExecutorService.execute(InlineExecutorService.java:82)
		at java.base/java.util.concurrent.AbstractExecutorService.submit(AbstractExecutorService.java:145)
		at org.apache.catalina.core.ContainerBase.startInternal(ContainerBase.java:765)
		at org.apache.catalina.core.StandardEngine.startInternal(StandardEngine.java:209)
		at org.apache.catalina.util.LifecycleBase.start(LifecycleBase.java:170)
		at org.apache.catalina.core.StandardService.startInternal(StandardService.java:433)
		at org.apache.catalina.util.LifecycleBase.start(LifecycleBase.java:170)
		at org.apache.catalina.core.StandardServer.startInternal(StandardServer.java:879)
		at org.apache.catalina.util.LifecycleBase.start(LifecycleBase.java:170)
		at org.apache.catalina.startup.Catalina.start(Catalina.java:861)
		at java.base/jdk.internal.reflect.NativeMethodAccessorImpl.invoke0(Native Method)
		at java.base/jdk.internal.reflect.NativeMethodAccessorImpl.invoke(NativeMethodAccessorImpl.java:77)
		at java.base/jdk.internal.reflect.DelegatingMethodAccessorImpl.invoke(DelegatingMethodAccessorImpl.java:43)
		at java.base/java.lang.reflect.Method.invoke(Method.java:569)
		at org.apache.catalina.startup.Bootstrap.start(Bootstrap.java:348)
		at org.apache.catalina.startup.Bootstrap.main(Bootstrap.java:485)
	Caused by: java.lang.ClassNotFoundException: org.java_websocket.handshake.HandshakeBuilder
		at org.apache.catalina.loader.WebappClassLoaderBase.loadClass(WebappClassLoaderBase.java:1441)
		at org.apache.catalina.loader.WebappClassLoaderBase.loadClass(WebappClassLoaderBase.java:1250)
		... 67 more
16-Jul-2026 17:05:59.497 SEVERE [main] org.apache.catalina.core.StandardContext.startInternal One or more listeners failed to start. Full details will be found in the appropriate container log file
16-Jul-2026 17:05:59.793 WARNING [main] org.apache.catalina.util.SessionIdGeneratorBase.createSecureRandom Creation of SecureRandom instance for session ID generation using [SHA1PRNG] took [294] milliseconds.
16-Jul-2026 17:05:59.793 SEVERE [main] org.apache.catalina.core.StandardContext.startInternal Context [/demo] startup failed due to previous errors
16-Jul-2026 17:05:59.799 INFO [main] org.springframework.web.context.support.XmlWebApplicationContext.doClose Closing Root WebApplicationContext: startup date [Thu Jul 16 17:05:54 IST 2026]; root of context hierarchy
16-Jul-2026 17:05:59.833 WARNING [main] org.springframework.web.context.support.XmlWebApplicationContext.doClose Exception thrown from LifecycleProcessor on context close
	java.lang.IllegalStateException: LifecycleProcessor not initialized - call 'refresh' before invoking lifecycle methods via the context: Root WebApplicationContext: startup date [Thu Jul 16 17:05:54 IST 2026]; root of context hierarchy
		at org.springframework.context.support.AbstractApplicationContext.getLifecycleProcessor(AbstractApplicationContext.java:359)
		at org.springframework.context.support.AbstractApplicationContext.doClose(AbstractApplicationContext.java:888)
		at org.springframework.context.support.AbstractApplicationContext.close(AbstractApplicationContext.java:841)
		at org.springframework.web.context.ContextLoader.closeWebApplicationContext(ContextLoader.java:579)
		at org.springframework.web.context.ContextLoaderListener.contextDestroyed(ContextLoaderListener.java:115)
		at org.apache.catalina.core.StandardContext.listenerStop(StandardContext.java:4250)
		at org.apache.catalina.core.StandardContext.stopInternal(StandardContext.java:4872)
		at org.apache.catalina.util.LifecycleBase.stop(LifecycleBase.java:241)
		at org.apache.catalina.util.LifecycleBase.start(LifecycleBase.java:174)
		at org.apache.catalina.core.ContainerBase.addChildInternal(ContainerBase.java:616)
		at org.apache.catalina.core.ContainerBase.addChild(ContainerBase.java:588)
		at org.apache.catalina.core.StandardHost.addChild(StandardHost.java:622)
		at org.apache.catalina.startup.HostConfig.deployDirectory(HostConfig.java:1180)
		at org.apache.catalina.startup.HostConfig$DeployDirectory.run(HostConfig.java:1904)
		at java.base/java.util.concurrent.Executors$RunnableAdapter.call(Executors.java:539)
		at java.base/java.util.concurrent.FutureTask.run(FutureTask.java:264)
		at org.apache.tomcat.util.threads.InlineExecutorService.execute(InlineExecutorService.java:82)
		at java.base/java.util.concurrent.AbstractExecutorService.submit(AbstractExecutorService.java:123)
		at org.apache.catalina.startup.HostConfig.deployDirectories(HostConfig.java:1084)
		at org.apache.catalina.startup.HostConfig.deployApps(HostConfig.java:499)
		at org.apache.catalina.startup.HostConfig.start(HostConfig.java:1594)
		at org.apache.catalina.startup.HostConfig.lifecycleEvent(HostConfig.java:333)
		at org.apache.catalina.util.LifecycleBase.fireLifecycleEvent(LifecycleBase.java:115)
		at org.apache.catalina.util.LifecycleBase.setStateInternal(LifecycleBase.java:395)
		at org.apache.catalina.util.LifecycleBase.setState(LifecycleBase.java:342)
		at org.apache.catalina.core.ContainerBase.startInternal(ContainerBase.java:792)
		at org.apache.catalina.core.StandardHost.startInternal(StandardHost.java:740)
		at org.apache.catalina.util.LifecycleBase.start(LifecycleBase.java:170)
		at org.apache.catalina.core.ContainerBase$StartChild.call(ContainerBase.java:1243)
		at org.apache.catalina.core.ContainerBase$StartChild.call(ContainerBase.java:1233)
		at java.base/java.util.concurrent.FutureTask.run(FutureTask.java:264)
		at org.apache.tomcat.util.threads.InlineExecutorService.execute(InlineExecutorService.java:82)
		at java.base/java.util.concurrent.AbstractExecutorService.submit(AbstractExecutorService.java:145)
		at org.apache.catalina.core.ContainerBase.startInternal(ContainerBase.java:765)
		at org.apache.catalina.core.StandardEngine.startInternal(StandardEngine.java:209)
		at org.apache.catalina.util.LifecycleBase.start(LifecycleBase.java:170)
		at org.apache.catalina.core.StandardService.startInternal(StandardService.java:433)
		at org.apache.catalina.util.LifecycleBase.start(LifecycleBase.java:170)
		at org.apache.catalina.core.StandardServer.startInternal(StandardServer.java:879)
		at org.apache.catalina.util.LifecycleBase.start(LifecycleBase.java:170)
		at org.apache.catalina.startup.Catalina.start(Catalina.java:861)
		at java.base/jdk.internal.reflect.NativeMethodAccessorImpl.invoke0(Native Method)
		at java.base/jdk.internal.reflect.NativeMethodAccessorImpl.invoke(NativeMethodAccessorImpl.java:77)
		at java.base/jdk.internal.reflect.DelegatingMethodAccessorImpl.invoke(DelegatingMethodAccessorImpl.java:43)
		at java.base/java.lang.reflect.Method.invoke(Method.java:569)
		at org.apache.catalina.startup.Bootstrap.start(Bootstrap.java:348)
		at org.apache.catalina.startup.Bootstrap.main(Bootstrap.java:485)
16-Jul-2026 17:05:59.855 INFO [main] org.apache.catalina.startup.HostConfig.deployDirectory Deployment of web application directory [C:\Users\sjay8\Downloads\yamuna_fina_project\patratu_fina_project\newwork\newwork\JAVA_2512\JAVA_2512\dist\client\FingerprintClient_IDSL_DEVICEFIX\app\tomcat\webapps\demo] has finished in [15,389] ms
16-Jul-2026 17:05:59.855 INFO [main] org.apache.catalina.startup.HostConfig.deployDirectory Deploying web application directory [C:\Users\sjay8\Downloads\yamuna_fina_project\patratu_fina_project\newwork\newwork\JAVA_2512\JAVA_2512\dist\client\FingerprintClient_IDSL_DEVICEFIX\app\tomcat\webapps\docs]
16-Jul-2026 17:05:59.984 INFO [main] org.apache.catalina.startup.HostConfig.deployDirectory Deployment of web application directory [C:\Users\sjay8\Downloads\yamuna_fina_project\patratu_fina_project\newwork\newwork\JAVA_2512\JAVA_2512\dist\client\FingerprintClient_IDSL_DEVICEFIX\app\tomcat\webapps\docs] has finished in [128] ms
16-Jul-2026 17:05:59.984 INFO [main] org.apache.catalina.startup.HostConfig.deployDirectory Deploying web application directory [C:\Users\sjay8\Downloads\yamuna_fina_project\patratu_fina_project\newwork\newwork\JAVA_2512\JAVA_2512\dist\client\FingerprintClient_IDSL_DEVICEFIX\app\tomcat\webapps\examples]
16-Jul-2026 17:06:00.595 WARNING [main] org.apache.jasper.servlet.TldScanner.scanJspConfig Failed to process TLD with path [/WEB-INF/jsp/debug-taglib.tld] and URI [http://tomcat.apache.org/debug-taglib]. The specified path does not exist.
16-Jul-2026 17:06:00.727 SEVERE [main] org.apache.catalina.core.StandardContext.startInternal One or more listeners failed to start. Full details will be found in the appropriate container log file
16-Jul-2026 17:06:00.730 SEVERE [main] org.apache.catalina.core.StandardContext.startInternal Context [/examples] startup failed due to previous errors
16-Jul-2026 17:06:00.752 INFO [main] org.apache.catalina.startup.HostConfig.deployDirectory Deployment of web application directory [C:\Users\sjay8\Downloads\yamuna_fina_project\patratu_fina_project\newwork\newwork\JAVA_2512\JAVA_2512\dist\client\FingerprintClient_IDSL_DEVICEFIX\app\tomcat\webapps\examples] has finished in [768] ms
16-Jul-2026 17:06:00.753 INFO [main] org.apache.catalina.startup.HostConfig.deployDirectory Deploying web application directory [C:\Users\sjay8\Downloads\yamuna_fina_project\patratu_fina_project\newwork\newwork\JAVA_2512\JAVA_2512\dist\client\FingerprintClient_IDSL_DEVICEFIX\app\tomcat\webapps\host-manager]
16-Jul-2026 17:06:01.154 INFO [main] org.apache.catalina.startup.HostConfig.deployDirectory Deployment of web application directory [C:\Users\sjay8\Downloads\yamuna_fina_project\patratu_fina_project\newwork\newwork\JAVA_2512\JAVA_2512\dist\client\FingerprintClient_IDSL_DEVICEFIX\app\tomcat\webapps\host-manager] has finished in [401] ms
16-Jul-2026 17:06:01.156 INFO [main] org.apache.catalina.startup.HostConfig.deployDirectory Deploying web application directory [C:\Users\sjay8\Downloads\yamuna_fina_project\patratu_fina_project\newwork\newwork\JAVA_2512\JAVA_2512\dist\client\FingerprintClient_IDSL_DEVICEFIX\app\tomcat\webapps\manager]
16-Jul-2026 17:06:01.418 INFO [main] org.apache.catalina.startup.HostConfig.deployDirectory Deployment of web application directory [C:\Users\sjay8\Downloads\yamuna_fina_project\patratu_fina_project\newwork\newwork\JAVA_2512\JAVA_2512\dist\client\FingerprintClient_IDSL_DEVICEFIX\app\tomcat\webapps\manager] has finished in [262] ms
16-Jul-2026 17:06:01.419 INFO [main] org.apache.catalina.startup.HostConfig.deployDirectory Deploying web application directory [C:\Users\sjay8\Downloads\yamuna_fina_project\patratu_fina_project\newwork\newwork\JAVA_2512\JAVA_2512\dist\client\FingerprintClient_IDSL_DEVICEFIX\app\tomcat\webapps\ROOT]
16-Jul-2026 17:06:01.543 INFO [main] org.apache.catalina.startup.HostConfig.deployDirectory Deployment of web application directory [C:\Users\sjay8\Downloads\yamuna_fina_project\patratu_fina_project\newwork\newwork\JAVA_2512\JAVA_2512\dist\client\FingerprintClient_IDSL_DEVICEFIX\app\tomcat\webapps\ROOT] has finished in [123] ms
16-Jul-2026 17:06:01.565 INFO [main] org.apache.coyote.AbstractProtocol.start Starting ProtocolHandler ["http-nio-8081"]
16-Jul-2026 17:06:02.700 INFO [main] org.apache.catalina.startup.Catalina.start Server startup in [18347] milliseconds
16-Jul-2026 17:09:29.419 INFO [main] org.apache.catalina.startup.VersionLoggerListener.log Server version name:   Apache Tomcat/9.0.120
16-Jul-2026 17:09:29.429 INFO [main] org.apache.catalina.startup.VersionLoggerListener.log Server built:          Jul 3 2026 07:49:53 UTC
16-Jul-2026 17:09:29.429 INFO [main] org.apache.catalina.startup.VersionLoggerListener.log Server version number: 9.0.120.0
16-Jul-2026 17:09:29.429 INFO [main] org.apache.catalina.startup.VersionLoggerListener.log OS Name:               Windows 11
16-Jul-2026 17:09:29.433 INFO [main] org.apache.catalina.startup.VersionLoggerListener.log OS Version:            10.0
16-Jul-2026 17:09:29.435 INFO [main] org.apache.catalina.startup.VersionLoggerListener.log Architecture:          amd64
16-Jul-2026 17:09:29.435 INFO [main] org.apache.catalina.startup.VersionLoggerListener.log Java Home:             C:\Program Files\Microsoft\jdk-17.0.19.10-hotspot
16-Jul-2026 17:09:29.436 INFO [main] org.apache.catalina.startup.VersionLoggerListener.log JVM Version:           17.0.19+10-LTS
16-Jul-2026 17:09:29.436 INFO [main] org.apache.catalina.startup.VersionLoggerListener.log JVM Vendor:            Microsoft
16-Jul-2026 17:09:29.437 INFO [main] org.apache.catalina.startup.VersionLoggerListener.log CATALINA_BASE:         C:\Users\sjay8\Downloads\yamuna_fina_project\patratu_fina_project\newwork\newwork\JAVA_2512\JAVA_2512\dist\client\FingerprintClient_IDSL_DEVICEFIX\app\tomcat
16-Jul-2026 17:09:29.437 INFO [main] org.apache.catalina.startup.VersionLoggerListener.log CATALINA_HOME:         C:\Users\sjay8\Downloads\yamuna_fina_project\patratu_fina_project\newwork\newwork\JAVA_2512\JAVA_2512\dist\client\FingerprintClient_IDSL_DEVICEFIX\app\tomcat
16-Jul-2026 17:09:29.459 INFO [main] org.apache.catalina.startup.VersionLoggerListener.log Command line argument: --add-opens=java.base/java.lang=ALL-UNNAMED
16-Jul-2026 17:09:29.460 INFO [main] org.apache.catalina.startup.VersionLoggerListener.log Command line argument: --add-opens=java.base/java.lang.invoke=ALL-UNNAMED
16-Jul-2026 17:09:29.460 INFO [main] org.apache.catalina.startup.VersionLoggerListener.log Command line argument: --add-opens=java.base/java.lang.reflect=ALL-UNNAMED
16-Jul-2026 17:09:29.460 INFO [main] org.apache.catalina.startup.VersionLoggerListener.log Command line argument: --add-opens=java.base/java.io=ALL-UNNAMED
16-Jul-2026 17:09:29.460 INFO [main] org.apache.catalina.startup.VersionLoggerListener.log Command line argument: --add-opens=java.base/java.util=ALL-UNNAMED
16-Jul-2026 17:09:29.460 INFO [main] org.apache.catalina.startup.VersionLoggerListener.log Command line argument: --add-opens=java.base/java.util.concurrent=ALL-UNNAMED
16-Jul-2026 17:09:29.461 INFO [main] org.apache.catalina.startup.VersionLoggerListener.log Command line argument: --add-opens=java.rmi/sun.rmi.transport=ALL-UNNAMED
16-Jul-2026 17:09:29.461 INFO [main] org.apache.catalina.startup.VersionLoggerListener.log Command line argument: -Djava.util.logging.config.file=C:\Users\sjay8\Downloads\yamuna_fina_project\patratu_fina_project\newwork\newwork\JAVA_2512\JAVA_2512\dist\client\FingerprintClient_IDSL_DEVICEFIX\app\tomcat\conf\logging.properties
16-Jul-2026 17:09:29.461 INFO [main] org.apache.catalina.startup.VersionLoggerListener.log Command line argument: -Djava.util.logging.manager=org.apache.juli.ClassLoaderLogManager
16-Jul-2026 17:09:29.461 INFO [main] org.apache.catalina.startup.VersionLoggerListener.log Command line argument: -Djdk.tls.ephemeralDHKeySize=2048
16-Jul-2026 17:09:29.462 INFO [main] org.apache.catalina.startup.VersionLoggerListener.log Command line argument: -Djava.protocol.handler.pkgs=org.apache.catalina.webresources
16-Jul-2026 17:09:29.462 INFO [main] org.apache.catalina.startup.VersionLoggerListener.log Command line argument: -Dsun.io.useCanonCaches=false
16-Jul-2026 17:09:29.462 INFO [main] org.apache.catalina.startup.VersionLoggerListener.log Command line argument: -Dignore.endorsed.dirs=
16-Jul-2026 17:09:29.462 INFO [main] org.apache.catalina.startup.VersionLoggerListener.log Command line argument: -Dcatalina.base=C:\Users\sjay8\Downloads\yamuna_fina_project\patratu_fina_project\newwork\newwork\JAVA_2512\JAVA_2512\dist\client\FingerprintClient_IDSL_DEVICEFIX\app\tomcat
16-Jul-2026 17:09:29.463 INFO [main] org.apache.catalina.startup.VersionLoggerListener.log Command line argument: -Dcatalina.home=C:\Users\sjay8\Downloads\yamuna_fina_project\patratu_fina_project\newwork\newwork\JAVA_2512\JAVA_2512\dist\client\FingerprintClient_IDSL_DEVICEFIX\app\tomcat
16-Jul-2026 17:09:29.463 INFO [main] org.apache.catalina.startup.VersionLoggerListener.log Command line argument: -Djava.io.tmpdir=C:\Users\sjay8\Downloads\yamuna_fina_project\patratu_fina_project\newwork\newwork\JAVA_2512\JAVA_2512\dist\client\FingerprintClient_IDSL_DEVICEFIX\app\tomcat\temp
16-Jul-2026 17:09:29.486 INFO [main] org.apache.catalina.core.AprLifecycleListener.lifecycleEvent The Apache Tomcat Native library which allows using OpenSSL was not found on the java.library.path: [C:\Program Files\Microsoft\jdk-17.0.19.10-hotspot\bin;C:\WINDOWS\Sun\Java\bin;C:\WINDOWS\system32;C:\WINDOWS;C:\Program Files\Microsoft MPI\Bin\;C:\Program Files\Microsoft\jdk-17.0.19.10-hotspot\bin;C:\WINDOWS\system32;C:\WINDOWS;C:\WINDOWS\System32\Wbem;C:\WINDOWS\System32\WindowsPowerShell\v1.0\;C:\WINDOWS\System32\OpenSSH\;C:\Program Files\nodejs\;C:\Program Files\Git\cmd;C:\Program Files\Docker\Docker\resources\bin;C:\Program Files\PuTTY\;C:\Program Files\CMake\bin;C:\Program Files (x86)\Microsoft SQL Server\170\Tools\Binn\;C:\Program Files\Microsoft SQL Server\170\Tools\Binn\;C:\Program Files\Microsoft SQL Server\Client SDK\ODBC\180\Tools\Binn\;C:\Program Files\Microsoft SQL Server\170\DTS\Binn\;C:\Program Files (x86)\Microsoft SQL Server\170\DTS\Binn\;C:\Program Files (x86)\Arm GNU Toolchain arm-none-eabi\14.2 rel1\bin;C:\Users\sjay8\.espressif\eim_gui;C:\Users\sjay8\AppData\Local\Programs\Python\Python311\Scripts\;C:\Users\sjay8\AppData\Local\Programs\Python\Python311\;C:\Users\sjay8\AppData\Local\Programs\Python\Python314\Scripts\;C:\Users\sjay8\AppData\Local\Programs\Python\Python314\;C:\Users\sjay8\AppData\Local\Microsoft\WindowsApps;C:\Users\sjay8\AppData\Roaming\npm;C:\Users\sjay8\AppData\Local\Programs\Microsoft VS Code\bin;C:\src\flutter\bin;C:\Users\sjay8\AppData\Local\Microsoft\WinGet\Packages\Ninja-build.Ninja_Microsoft.Winget.Source_8wekyb3d8bbwe;C:\Users\sjay8\AppData\Local\Microsoft\WinGet\Packages\Gyan.FFmpeg_Microsoft.Winget.Source_8wekyb3d8bbwe\ffmpeg-8.1.2-full_build\bin;C:\Users\sjay8\AppData\Local\Microsoft\WinGet\Packages\taizod1024.redis-windows-fork_Microsoft.Winget.Source_8wekyb3d8bbwe\Redis-8.8.0-Windows-x64-msys2;C:\Users\sjay8\AppData\Local\Microsoft\WinGet\Packages\NSSM.NSSM_Microsoft.Winget.Source_8wekyb3d8bbwe\nssm-2.24-101-g897c7ad\win64;.]
16-Jul-2026 17:09:30.142 INFO [main] org.apache.coyote.AbstractProtocol.init Initializing ProtocolHandler ["http-nio-8081"]
16-Jul-2026 17:09:30.195 INFO [main] org.apache.catalina.startup.Catalina.load Server initialization in [1237] milliseconds
16-Jul-2026 17:09:30.296 INFO [main] org.apache.catalina.core.StandardService.startInternal Starting service [Catalina]
16-Jul-2026 17:09:30.297 INFO [main] org.apache.catalina.core.StandardEngine.startInternal Starting Servlet engine: [Apache Tomcat/9.0.120]
16-Jul-2026 17:09:30.322 INFO [main] org.apache.catalina.startup.HostConfig.deployDirectory Deploying web application directory [C:\Users\sjay8\Downloads\yamuna_fina_project\patratu_fina_project\newwork\newwork\JAVA_2512\JAVA_2512\dist\client\FingerprintClient_IDSL_DEVICEFIX\app\tomcat\webapps\demo]
16-Jul-2026 17:09:39.011 INFO [main] org.apache.jasper.servlet.TldScanner.scanJars At least one JAR was scanned for TLDs yet contained no TLDs. Enable debug logging for this logger for a complete list of JARs that were scanned but no TLDs were found in them. Skipping unneeded JARs during scanning can improve startup time and JSP compilation time.
16-Jul-2026 17:09:39.237 INFO [main] org.springframework.web.context.ContextLoader.initWebApplicationContext Root WebApplicationContext: initialization started
16-Jul-2026 17:09:39.636 INFO [main] org.springframework.web.context.support.XmlWebApplicationContext.prepareRefresh Refreshing Root WebApplicationContext: startup date [Thu Jul 16 17:09:39 IST 2026]; root of context hierarchy
16-Jul-2026 17:09:39.817 INFO [main] org.springframework.beans.factory.xml.XmlBeanDefinitionReader.loadBeanDefinitions Loading XML bean definitions from class path resource [spring-mybatis.xml]
16-Jul-2026 17:09:41.830 INFO [main] org.springframework.beans.factory.config.PropertyPlaceholderConfigurer.loadProperties Loading properties file from class path resource [jdbc.properties]
16-Jul-2026 17:09:41.857 INFO [main] org.springframework.beans.factory.annotation.AutowiredAnnotationBeanPostProcessor.<init> JSR-330 'javax.inject.Inject' annotation found and supported for autowiring
16-Jul-2026 17:09:45.896 INFO [main] org.springframework.web.context.ContextLoader.initWebApplicationContext Root WebApplicationContext: initialization completed in 6658 ms
16-Jul-2026 17:09:50.747 WARNING [main] org.apache.catalina.util.SessionIdGeneratorBase.createSecureRandom Creation of SecureRandom instance for session ID generation using [SHA1PRNG] took [347] milliseconds.
16-Jul-2026 17:09:50.849 INFO [main] org.springframework.web.servlet.DispatcherServlet.initServletBean FrameworkServlet 'dispatcher': initialization started
16-Jul-2026 17:09:50.859 INFO [main] org.springframework.web.context.support.XmlWebApplicationContext.prepareRefresh Refreshing WebApplicationContext for namespace 'dispatcher-servlet': startup date [Thu Jul 16 17:09:50 IST 2026]; parent: Root WebApplicationContext
16-Jul-2026 17:09:51.286 INFO [main] org.springframework.web.servlet.DispatcherServlet.initServletBean FrameworkServlet 'dispatcher': initialization completed in 436 ms
16-Jul-2026 17:09:51.349 INFO [main] org.apache.catalina.startup.HostConfig.deployDirectory Deployment of web application directory [C:\Users\sjay8\Downloads\yamuna_fina_project\patratu_fina_project\newwork\newwork\JAVA_2512\JAVA_2512\dist\client\FingerprintClient_IDSL_DEVICEFIX\app\tomcat\webapps\demo] has finished in [21,027] ms
16-Jul-2026 17:09:51.349 INFO [main] org.apache.catalina.startup.HostConfig.deployDirectory Deploying web application directory [C:\Users\sjay8\Downloads\yamuna_fina_project\patratu_fina_project\newwork\newwork\JAVA_2512\JAVA_2512\dist\client\FingerprintClient_IDSL_DEVICEFIX\app\tomcat\webapps\docs]
16-Jul-2026 17:09:51.462 INFO [main] org.apache.catalina.startup.HostConfig.deployDirectory Deployment of web application directory [C:\Users\sjay8\Downloads\yamuna_fina_project\patratu_fina_project\newwork\newwork\JAVA_2512\JAVA_2512\dist\client\FingerprintClient_IDSL_DEVICEFIX\app\tomcat\webapps\docs] has finished in [113] ms
16-Jul-2026 17:09:51.462 INFO [main] org.apache.catalina.startup.HostConfig.deployDirectory Deploying web application directory [C:\Users\sjay8\Downloads\yamuna_fina_project\patratu_fina_project\newwork\newwork\JAVA_2512\JAVA_2512\dist\client\FingerprintClient_IDSL_DEVICEFIX\app\tomcat\webapps\examples]
16-Jul-2026 17:09:52.017 WARNING [main] org.apache.jasper.servlet.TldScanner.scanJspConfig Failed to process TLD with path [/WEB-INF/jsp/debug-taglib.tld] and URI [http://tomcat.apache.org/debug-taglib]. The specified path does not exist.
16-Jul-2026 17:09:52.115 SEVERE [main] org.apache.catalina.core.StandardContext.startInternal One or more listeners failed to start. Full details will be found in the appropriate container log file
16-Jul-2026 17:09:52.116 SEVERE [main] org.apache.catalina.core.StandardContext.startInternal Context [/examples] startup failed due to previous errors
16-Jul-2026 17:09:52.147 INFO [main] org.apache.catalina.startup.HostConfig.deployDirectory Deployment of web application directory [C:\Users\sjay8\Downloads\yamuna_fina_project\patratu_fina_project\newwork\newwork\JAVA_2512\JAVA_2512\dist\client\FingerprintClient_IDSL_DEVICEFIX\app\tomcat\webapps\examples] has finished in [685] ms
16-Jul-2026 17:09:52.148 INFO [main] org.apache.catalina.startup.HostConfig.deployDirectory Deploying web application directory [C:\Users\sjay8\Downloads\yamuna_fina_project\patratu_fina_project\newwork\newwork\JAVA_2512\JAVA_2512\dist\client\FingerprintClient_IDSL_DEVICEFIX\app\tomcat\webapps\host-manager]
16-Jul-2026 17:09:52.257 INFO [main] org.apache.catalina.startup.HostConfig.deployDirectory Deployment of web application directory [C:\Users\sjay8\Downloads\yamuna_fina_project\patratu_fina_project\newwork\newwork\JAVA_2512\JAVA_2512\dist\client\FingerprintClient_IDSL_DEVICEFIX\app\tomcat\webapps\host-manager] has finished in [108] ms
16-Jul-2026 17:09:52.257 INFO [main] org.apache.catalina.startup.HostConfig.deployDirectory Deploying web application directory [C:\Users\sjay8\Downloads\yamuna_fina_project\patratu_fina_project\newwork\newwork\JAVA_2512\JAVA_2512\dist\client\FingerprintClient_IDSL_DEVICEFIX\app\tomcat\webapps\manager]
16-Jul-2026 17:09:52.389 INFO [main] org.apache.catalina.startup.HostConfig.deployDirectory Deployment of web application directory [C:\Users\sjay8\Downloads\yamuna_fina_project\patratu_fina_project\newwork\newwork\JAVA_2512\JAVA_2512\dist\client\FingerprintClient_IDSL_DEVICEFIX\app\tomcat\webapps\manager] has finished in [131] ms
16-Jul-2026 17:09:52.389 INFO [main] org.apache.catalina.startup.HostConfig.deployDirectory Deploying web application directory [C:\Users\sjay8\Downloads\yamuna_fina_project\patratu_fina_project\newwork\newwork\JAVA_2512\JAVA_2512\dist\client\FingerprintClient_IDSL_DEVICEFIX\app\tomcat\webapps\ROOT]
16-Jul-2026 17:09:52.478 INFO [main] org.apache.catalina.startup.HostConfig.deployDirectory Deployment of web application directory [C:\Users\sjay8\Downloads\yamuna_fina_project\patratu_fina_project\newwork\newwork\JAVA_2512\JAVA_2512\dist\client\FingerprintClient_IDSL_DEVICEFIX\app\tomcat\webapps\ROOT] has finished in [89] ms
16-Jul-2026 17:09:52.485 INFO [main] org.apache.coyote.AbstractProtocol.start Starting ProtocolHandler ["http-nio-8081"]
16-Jul-2026 17:09:52.506 INFO [main] org.apache.catalina.startup.Catalina.start Server startup in [22308] milliseconds
16-Jul-2026 17:10:15.837 WARNING [http-nio-8081-exec-7] org.springframework.web.servlet.PageNotFound.noHandlerFound No mapping found for HTTP request with URI [/demo/login] in DispatcherServlet with name 'dispatcher'
16-Jul-2026 17:10:19.205 WARNING [http-nio-8081-exec-10] org.springframework.web.servlet.PageNotFound.noHandlerFound No mapping found for HTTP request with URI [/demo/login] in DispatcherServlet with name 'dispatcher'
16-Jul-2026 17:10:27.151 WARNING [http-nio-8081-exec-1] org.springframework.web.servlet.PageNotFound.noHandlerFound No mapping found for HTTP request with URI [/demo/login] in DispatcherServlet with name 'dispatcher'
16-Jul-2026 17:10:35.684 WARNING [http-nio-8081-exec-4] org.springframework.web.servlet.PageNotFound.noHandlerFound No mapping found for HTTP request with URI [/demo/login] in DispatcherServlet with name 'dispatcher'
16-Jul-2026 17:11:07.169 WARNING [http-nio-8081-exec-3] org.springframework.web.servlet.PageNotFound.noHandlerFound No mapping found for HTTP request with URI [/demo/login] in DispatcherServlet with name 'dispatcher'
16-Jul-2026 17:12:53.611 INFO [main] org.apache.catalina.startup.VersionLoggerListener.log Server version name:   Apache Tomcat/9.0.120
16-Jul-2026 17:12:53.626 INFO [main] org.apache.catalina.startup.VersionLoggerListener.log Server built:          Jul 3 2026 07:49:53 UTC
16-Jul-2026 17:12:53.628 INFO [main] org.apache.catalina.startup.VersionLoggerListener.log Server version number: 9.0.120.0
16-Jul-2026 17:12:53.628 INFO [main] org.apache.catalina.startup.VersionLoggerListener.log OS Name:               Windows 11
16-Jul-2026 17:12:53.628 INFO [main] org.apache.catalina.startup.VersionLoggerListener.log OS Version:            10.0
16-Jul-2026 17:12:53.628 INFO [main] org.apache.catalina.startup.VersionLoggerListener.log Architecture:          amd64
16-Jul-2026 17:12:53.628 INFO [main] org.apache.catalina.startup.VersionLoggerListener.log Java Home:             C:\Program Files\Microsoft\jdk-17.0.19.10-hotspot
16-Jul-2026 17:12:53.628 INFO [main] org.apache.catalina.startup.VersionLoggerListener.log JVM Version:           17.0.19+10-LTS
16-Jul-2026 17:12:53.630 INFO [main] org.apache.catalina.startup.VersionLoggerListener.log JVM Vendor:            Microsoft
16-Jul-2026 17:12:53.630 INFO [main] org.apache.catalina.startup.VersionLoggerListener.log CATALINA_BASE:         C:\Users\sjay8\Downloads\yamuna_fina_project\patratu_fina_project\newwork\newwork\JAVA_2512\JAVA_2512\dist\client\FingerprintClient_IDSL_DEVICEFIX\app\tomcat
16-Jul-2026 17:12:53.630 INFO [main] org.apache.catalina.startup.VersionLoggerListener.log CATALINA_HOME:         C:\Users\sjay8\Downloads\yamuna_fina_project\patratu_fina_project\newwork\newwork\JAVA_2512\JAVA_2512\dist\client\FingerprintClient_IDSL_DEVICEFIX\app\tomcat
16-Jul-2026 17:12:53.659 INFO [main] org.apache.catalina.startup.VersionLoggerListener.log Command line argument: --add-opens=java.base/java.lang=ALL-UNNAMED
16-Jul-2026 17:12:53.659 INFO [main] org.apache.catalina.startup.VersionLoggerListener.log Command line argument: --add-opens=java.base/java.lang.invoke=ALL-UNNAMED
16-Jul-2026 17:12:53.659 INFO [main] org.apache.catalina.startup.VersionLoggerListener.log Command line argument: --add-opens=java.base/java.lang.reflect=ALL-UNNAMED
16-Jul-2026 17:12:53.659 INFO [main] org.apache.catalina.startup.VersionLoggerListener.log Command line argument: --add-opens=java.base/java.io=ALL-UNNAMED
16-Jul-2026 17:12:53.660 INFO [main] org.apache.catalina.startup.VersionLoggerListener.log Command line argument: --add-opens=java.base/java.util=ALL-UNNAMED
16-Jul-2026 17:12:53.660 INFO [main] org.apache.catalina.startup.VersionLoggerListener.log Command line argument: --add-opens=java.base/java.util.concurrent=ALL-UNNAMED
16-Jul-2026 17:12:53.660 INFO [main] org.apache.catalina.startup.VersionLoggerListener.log Command line argument: --add-opens=java.rmi/sun.rmi.transport=ALL-UNNAMED
16-Jul-2026 17:12:53.660 INFO [main] org.apache.catalina.startup.VersionLoggerListener.log Command line argument: -Djava.util.logging.config.file=C:\Users\sjay8\Downloads\yamuna_fina_project\patratu_fina_project\newwork\newwork\JAVA_2512\JAVA_2512\dist\client\FingerprintClient_IDSL_DEVICEFIX\app\tomcat\conf\logging.properties
16-Jul-2026 17:12:53.661 INFO [main] org.apache.catalina.startup.VersionLoggerListener.log Command line argument: -Djava.util.logging.manager=org.apache.juli.ClassLoaderLogManager
16-Jul-2026 17:12:53.661 INFO [main] org.apache.catalina.startup.VersionLoggerListener.log Command line argument: -Djdk.tls.ephemeralDHKeySize=2048
16-Jul-2026 17:12:53.661 INFO [main] org.apache.catalina.startup.VersionLoggerListener.log Command line argument: -Djava.protocol.handler.pkgs=org.apache.catalina.webresources
16-Jul-2026 17:12:53.661 INFO [main] org.apache.catalina.startup.VersionLoggerListener.log Command line argument: -Dsun.io.useCanonCaches=false
16-Jul-2026 17:12:53.661 INFO [main] org.apache.catalina.startup.VersionLoggerListener.log Command line argument: -Dignore.endorsed.dirs=
16-Jul-2026 17:12:53.662 INFO [main] org.apache.catalina.startup.VersionLoggerListener.log Command line argument: -Dcatalina.base=C:\Users\sjay8\Downloads\yamuna_fina_project\patratu_fina_project\newwork\newwork\JAVA_2512\JAVA_2512\dist\client\FingerprintClient_IDSL_DEVICEFIX\app\tomcat
16-Jul-2026 17:12:53.662 INFO [main] org.apache.catalina.startup.VersionLoggerListener.log Command line argument: -Dcatalina.home=C:\Users\sjay8\Downloads\yamuna_fina_project\patratu_fina_project\newwork\newwork\JAVA_2512\JAVA_2512\dist\client\FingerprintClient_IDSL_DEVICEFIX\app\tomcat
16-Jul-2026 17:12:53.662 INFO [main] org.apache.catalina.startup.VersionLoggerListener.log Command line argument: -Djava.io.tmpdir=C:\Users\sjay8\Downloads\yamuna_fina_project\patratu_fina_project\newwork\newwork\JAVA_2512\JAVA_2512\dist\client\FingerprintClient_IDSL_DEVICEFIX\app\tomcat\temp
16-Jul-2026 17:12:53.699 INFO [main] org.apache.catalina.core.AprLifecycleListener.lifecycleEvent The Apache Tomcat Native library which allows using OpenSSL was not found on the java.library.path: [C:\Program Files\Microsoft\jdk-17.0.19.10-hotspot\bin;C:\WINDOWS\Sun\Java\bin;C:\WINDOWS\system32;C:\WINDOWS;C:\Program Files\Microsoft MPI\Bin\;C:\Program Files\Microsoft\jdk-17.0.19.10-hotspot\bin;C:\WINDOWS\system32;C:\WINDOWS;C:\WINDOWS\System32\Wbem;C:\WINDOWS\System32\WindowsPowerShell\v1.0\;C:\WINDOWS\System32\OpenSSH\;C:\Program Files\nodejs\;C:\Program Files\Git\cmd;C:\Program Files\Docker\Docker\resources\bin;C:\Program Files\PuTTY\;C:\Program Files\CMake\bin;C:\Program Files (x86)\Microsoft SQL Server\170\Tools\Binn\;C:\Program Files\Microsoft SQL Server\170\Tools\Binn\;C:\Program Files\Microsoft SQL Server\Client SDK\ODBC\180\Tools\Binn\;C:\Program Files\Microsoft SQL Server\170\DTS\Binn\;C:\Program Files (x86)\Microsoft SQL Server\170\DTS\Binn\;C:\Program Files (x86)\Arm GNU Toolchain arm-none-eabi\14.2 rel1\bin;C:\Users\sjay8\.espressif\eim_gui;C:\Users\sjay8\AppData\Local\Programs\Python\Python311\Scripts\;C:\Users\sjay8\AppData\Local\Programs\Python\Python311\;C:\Users\sjay8\AppData\Local\Programs\Python\Python314\Scripts\;C:\Users\sjay8\AppData\Local\Programs\Python\Python314\;C:\Users\sjay8\AppData\Local\Microsoft\WindowsApps;C:\Users\sjay8\AppData\Roaming\npm;C:\Users\sjay8\AppData\Local\Programs\Microsoft VS Code\bin;C:\src\flutter\bin;C:\Users\sjay8\AppData\Local\Microsoft\WinGet\Packages\Ninja-build.Ninja_Microsoft.Winget.Source_8wekyb3d8bbwe;C:\Users\sjay8\AppData\Local\Microsoft\WinGet\Packages\Gyan.FFmpeg_Microsoft.Winget.Source_8wekyb3d8bbwe\ffmpeg-8.1.2-full_build\bin;C:\Users\sjay8\AppData\Local\Microsoft\WinGet\Packages\taizod1024.redis-windows-fork_Microsoft.Winget.Source_8wekyb3d8bbwe\Redis-8.8.0-Windows-x64-msys2;C:\Users\sjay8\AppData\Local\Microsoft\WinGet\Packages\NSSM.NSSM_Microsoft.Winget.Source_8wekyb3d8bbwe\nssm-2.24-101-g897c7ad\win64;.]
16-Jul-2026 17:12:54.455 INFO [main] org.apache.coyote.AbstractProtocol.init Initializing ProtocolHandler ["http-nio-8081"]
16-Jul-2026 17:12:54.526 INFO [main] org.apache.catalina.startup.Catalina.load Server initialization in [1506] milliseconds
16-Jul-2026 17:12:54.690 INFO [main] org.apache.catalina.core.StandardService.startInternal Starting service [Catalina]
16-Jul-2026 17:12:54.690 INFO [main] org.apache.catalina.core.StandardEngine.startInternal Starting Servlet engine: [Apache Tomcat/9.0.120]
16-Jul-2026 17:12:54.734 INFO [main] org.apache.catalina.startup.HostConfig.deployDirectory Deploying web application directory [C:\Users\sjay8\Downloads\yamuna_fina_project\patratu_fina_project\newwork\newwork\JAVA_2512\JAVA_2512\dist\client\FingerprintClient_IDSL_DEVICEFIX\app\tomcat\webapps\demo]
16-Jul-2026 17:13:05.046 INFO [main] org.apache.jasper.servlet.TldScanner.scanJars At least one JAR was scanned for TLDs yet contained no TLDs. Enable debug logging for this logger for a complete list of JARs that were scanned but no TLDs were found in them. Skipping unneeded JARs during scanning can improve startup time and JSP compilation time.
16-Jul-2026 17:13:05.592 INFO [main] org.springframework.web.context.ContextLoader.initWebApplicationContext Root WebApplicationContext: initialization started
16-Jul-2026 17:13:06.262 INFO [main] org.springframework.web.context.support.XmlWebApplicationContext.prepareRefresh Refreshing Root WebApplicationContext: startup date [Thu Jul 16 17:13:06 IST 2026]; root of context hierarchy
16-Jul-2026 17:13:06.502 INFO [main] org.springframework.beans.factory.xml.XmlBeanDefinitionReader.loadBeanDefinitions Loading XML bean definitions from class path resource [spring-mybatis.xml]
16-Jul-2026 17:13:08.705 INFO [main] org.springframework.beans.factory.config.PropertyPlaceholderConfigurer.loadProperties Loading properties file from class path resource [jdbc.properties]
16-Jul-2026 17:13:08.732 INFO [main] org.springframework.beans.factory.annotation.AutowiredAnnotationBeanPostProcessor.<init> JSR-330 'javax.inject.Inject' annotation found and supported for autowiring
16-Jul-2026 17:13:14.898 INFO [main] org.springframework.web.context.ContextLoader.initWebApplicationContext Root WebApplicationContext: initialization completed in 9304 ms
16-Jul-2026 17:13:18.762 WARNING [main] org.apache.catalina.util.SessionIdGeneratorBase.createSecureRandom Creation of SecureRandom instance for session ID generation using [SHA1PRNG] took [304] milliseconds.
16-Jul-2026 17:13:18.841 INFO [main] org.springframework.web.servlet.DispatcherServlet.initServletBean FrameworkServlet 'dispatcher': initialization started
16-Jul-2026 17:13:18.852 INFO [main] org.springframework.web.context.support.XmlWebApplicationContext.prepareRefresh Refreshing WebApplicationContext for namespace 'dispatcher-servlet': startup date [Thu Jul 16 17:13:18 IST 2026]; parent: Root WebApplicationContext
16-Jul-2026 17:13:19.231 INFO [main] org.springframework.web.servlet.DispatcherServlet.initServletBean FrameworkServlet 'dispatcher': initialization completed in 389 ms
16-Jul-2026 17:13:19.256 INFO [main] org.apache.catalina.startup.HostConfig.deployDirectory Deployment of web application directory [C:\Users\sjay8\Downloads\yamuna_fina_project\patratu_fina_project\newwork\newwork\JAVA_2512\JAVA_2512\dist\client\FingerprintClient_IDSL_DEVICEFIX\app\tomcat\webapps\demo] has finished in [24,521] ms
16-Jul-2026 17:13:19.257 INFO [main] org.apache.catalina.startup.HostConfig.deployDirectory Deploying web application directory [C:\Users\sjay8\Downloads\yamuna_fina_project\patratu_fina_project\newwork\newwork\JAVA_2512\JAVA_2512\dist\client\FingerprintClient_IDSL_DEVICEFIX\app\tomcat\webapps\docs]
16-Jul-2026 17:13:19.352 INFO [main] org.apache.catalina.startup.HostConfig.deployDirectory Deployment of web application directory [C:\Users\sjay8\Downloads\yamuna_fina_project\patratu_fina_project\newwork\newwork\JAVA_2512\JAVA_2512\dist\client\FingerprintClient_IDSL_DEVICEFIX\app\tomcat\webapps\docs] has finished in [96] ms
16-Jul-2026 17:13:19.353 INFO [main] org.apache.catalina.startup.HostConfig.deployDirectory Deploying web application directory [C:\Users\sjay8\Downloads\yamuna_fina_project\patratu_fina_project\newwork\newwork\JAVA_2512\JAVA_2512\dist\client\FingerprintClient_IDSL_DEVICEFIX\app\tomcat\webapps\examples]
16-Jul-2026 17:13:19.854 WARNING [main] org.apache.jasper.servlet.TldScanner.scanJspConfig Failed to process TLD with path [/WEB-INF/jsp/debug-taglib.tld] and URI [http://tomcat.apache.org/debug-taglib]. The specified path does not exist.
16-Jul-2026 17:13:19.926 SEVERE [main] org.apache.catalina.core.StandardContext.startInternal One or more listeners failed to start. Full details will be found in the appropriate container log file
16-Jul-2026 17:13:19.927 SEVERE [main] org.apache.catalina.core.StandardContext.startInternal Context [/examples] startup failed due to previous errors
16-Jul-2026 17:13:19.949 INFO [main] org.apache.catalina.startup.HostConfig.deployDirectory Deployment of web application directory [C:\Users\sjay8\Downloads\yamuna_fina_project\patratu_fina_project\newwork\newwork\JAVA_2512\JAVA_2512\dist\client\FingerprintClient_IDSL_DEVICEFIX\app\tomcat\webapps\examples] has finished in [596] ms
16-Jul-2026 17:13:19.949 INFO [main] org.apache.catalina.startup.HostConfig.deployDirectory Deploying web application directory [C:\Users\sjay8\Downloads\yamuna_fina_project\patratu_fina_project\newwork\newwork\JAVA_2512\JAVA_2512\dist\client\FingerprintClient_IDSL_DEVICEFIX\app\tomcat\webapps\host-manager]
16-Jul-2026 17:13:20.056 INFO [main] org.apache.catalina.startup.HostConfig.deployDirectory Deployment of web application directory [C:\Users\sjay8\Downloads\yamuna_fina_project\patratu_fina_project\newwork\newwork\JAVA_2512\JAVA_2512\dist\client\FingerprintClient_IDSL_DEVICEFIX\app\tomcat\webapps\host-manager] has finished in [107] ms
16-Jul-2026 17:13:20.057 INFO [main] org.apache.catalina.startup.HostConfig.deployDirectory Deploying web application directory [C:\Users\sjay8\Downloads\yamuna_fina_project\patratu_fina_project\newwork\newwork\JAVA_2512\JAVA_2512\dist\client\FingerprintClient_IDSL_DEVICEFIX\app\tomcat\webapps\manager]
16-Jul-2026 17:13:20.182 INFO [main] org.apache.catalina.startup.HostConfig.deployDirectory Deployment of web application directory [C:\Users\sjay8\Downloads\yamuna_fina_project\patratu_fina_project\newwork\newwork\JAVA_2512\JAVA_2512\dist\client\FingerprintClient_IDSL_DEVICEFIX\app\tomcat\webapps\manager] has finished in [123] ms
16-Jul-2026 17:13:20.187 INFO [main] org.apache.catalina.startup.HostConfig.deployDirectory Deploying web application directory [C:\Users\sjay8\Downloads\yamuna_fina_project\patratu_fina_project\newwork\newwork\JAVA_2512\JAVA_2512\dist\client\FingerprintClient_IDSL_DEVICEFIX\app\tomcat\webapps\ROOT]
16-Jul-2026 17:13:20.277 INFO [main] org.apache.catalina.startup.HostConfig.deployDirectory Deployment of web application directory [C:\Users\sjay8\Downloads\yamuna_fina_project\patratu_fina_project\newwork\newwork\JAVA_2512\JAVA_2512\dist\client\FingerprintClient_IDSL_DEVICEFIX\app\tomcat\webapps\ROOT] has finished in [89] ms
16-Jul-2026 17:13:20.285 INFO [main] org.apache.coyote.AbstractProtocol.start Starting ProtocolHandler ["http-nio-8081"]
16-Jul-2026 17:13:20.309 INFO [main] org.apache.catalina.startup.Catalina.start Server startup in [25782] milliseconds
16-Jul-2026 17:13:20.526 WARNING [http-nio-8081-exec-1] org.springframework.web.servlet.PageNotFound.noHandlerFound No mapping found for HTTP request with URI [/demo/login] in DispatcherServlet with name 'dispatcher'
16-Jul-2026 17:14:57.479 WARNING [http-nio-8081-exec-8] org.springframework.web.servlet.PageNotFound.noHandlerFound No mapping found for HTTP request with URI [/demo/login] in DispatcherServlet with name 'dispatcher'
16-Jul-2026 17:17:57.382 INFO [main] org.apache.catalina.startup.VersionLoggerListener.log Server version name:   Apache Tomcat/9.0.120
16-Jul-2026 17:17:57.391 INFO [main] org.apache.catalina.startup.VersionLoggerListener.log Server built:          Jul 3 2026 07:49:53 UTC
16-Jul-2026 17:17:57.393 INFO [main] org.apache.catalina.startup.VersionLoggerListener.log Server version number: 9.0.120.0
16-Jul-2026 17:17:57.393 INFO [main] org.apache.catalina.startup.VersionLoggerListener.log OS Name:               Windows 11
16-Jul-2026 17:17:57.393 INFO [main] org.apache.catalina.startup.VersionLoggerListener.log OS Version:            10.0
16-Jul-2026 17:17:57.394 INFO [main] org.apache.catalina.startup.VersionLoggerListener.log Architecture:          amd64
16-Jul-2026 17:17:57.394 INFO [main] org.apache.catalina.startup.VersionLoggerListener.log Java Home:             C:\Program Files\Microsoft\jdk-17.0.19.10-hotspot
16-Jul-2026 17:17:57.394 INFO [main] org.apache.catalina.startup.VersionLoggerListener.log JVM Version:           17.0.19+10-LTS
16-Jul-2026 17:17:57.394 INFO [main] org.apache.catalina.startup.VersionLoggerListener.log JVM Vendor:            Microsoft
16-Jul-2026 17:17:57.394 INFO [main] org.apache.catalina.startup.VersionLoggerListener.log CATALINA_BASE:         C:\Users\sjay8\Downloads\yamuna_fina_project\patratu_fina_project\newwork\newwork\JAVA_2512\JAVA_2512\dist\client\FingerprintClient_IDSL_DEVICEFIX\app\tomcat
16-Jul-2026 17:17:57.396 INFO [main] org.apache.catalina.startup.VersionLoggerListener.log CATALINA_HOME:         C:\Users\sjay8\Downloads\yamuna_fina_project\patratu_fina_project\newwork\newwork\JAVA_2512\JAVA_2512\dist\client\FingerprintClient_IDSL_DEVICEFIX\app\tomcat
16-Jul-2026 17:17:57.419 INFO [main] org.apache.catalina.startup.VersionLoggerListener.log Command line argument: --add-opens=java.base/java.lang=ALL-UNNAMED
16-Jul-2026 17:17:57.419 INFO [main] org.apache.catalina.startup.VersionLoggerListener.log Command line argument: --add-opens=java.base/java.lang.invoke=ALL-UNNAMED
16-Jul-2026 17:17:57.421 INFO [main] org.apache.catalina.startup.VersionLoggerListener.log Command line argument: --add-opens=java.base/java.lang.reflect=ALL-UNNAMED
16-Jul-2026 17:17:57.421 INFO [main] org.apache.catalina.startup.VersionLoggerListener.log Command line argument: --add-opens=java.base/java.io=ALL-UNNAMED
16-Jul-2026 17:17:57.421 INFO [main] org.apache.catalina.startup.VersionLoggerListener.log Command line argument: --add-opens=java.base/java.util=ALL-UNNAMED
16-Jul-2026 17:17:57.421 INFO [main] org.apache.catalina.startup.VersionLoggerListener.log Command line argument: --add-opens=java.base/java.util.concurrent=ALL-UNNAMED
16-Jul-2026 17:17:57.421 INFO [main] org.apache.catalina.startup.VersionLoggerListener.log Command line argument: --add-opens=java.rmi/sun.rmi.transport=ALL-UNNAMED
16-Jul-2026 17:17:57.421 INFO [main] org.apache.catalina.startup.VersionLoggerListener.log Command line argument: -Djava.util.logging.config.file=C:\Users\sjay8\Downloads\yamuna_fina_project\patratu_fina_project\newwork\newwork\JAVA_2512\JAVA_2512\dist\client\FingerprintClient_IDSL_DEVICEFIX\app\tomcat\conf\logging.properties
16-Jul-2026 17:17:57.421 INFO [main] org.apache.catalina.startup.VersionLoggerListener.log Command line argument: -Djava.util.logging.manager=org.apache.juli.ClassLoaderLogManager
16-Jul-2026 17:17:57.421 INFO [main] org.apache.catalina.startup.VersionLoggerListener.log Command line argument: -Djdk.tls.ephemeralDHKeySize=2048
16-Jul-2026 17:17:57.423 INFO [main] org.apache.catalina.startup.VersionLoggerListener.log Command line argument: -Djava.protocol.handler.pkgs=org.apache.catalina.webresources
16-Jul-2026 17:17:57.423 INFO [main] org.apache.catalina.startup.VersionLoggerListener.log Command line argument: -Dsun.io.useCanonCaches=false
16-Jul-2026 17:17:57.423 INFO [main] org.apache.catalina.startup.VersionLoggerListener.log Command line argument: -Dignore.endorsed.dirs=
16-Jul-2026 17:17:57.423 INFO [main] org.apache.catalina.startup.VersionLoggerListener.log Command line argument: -Dcatalina.base=C:\Users\sjay8\Downloads\yamuna_fina_project\patratu_fina_project\newwork\newwork\JAVA_2512\JAVA_2512\dist\client\FingerprintClient_IDSL_DEVICEFIX\app\tomcat
16-Jul-2026 17:17:57.423 INFO [main] org.apache.catalina.startup.VersionLoggerListener.log Command line argument: -Dcatalina.home=C:\Users\sjay8\Downloads\yamuna_fina_project\patratu_fina_project\newwork\newwork\JAVA_2512\JAVA_2512\dist\client\FingerprintClient_IDSL_DEVICEFIX\app\tomcat
16-Jul-2026 17:17:57.423 INFO [main] org.apache.catalina.startup.VersionLoggerListener.log Command line argument: -Djava.io.tmpdir=C:\Users\sjay8\Downloads\yamuna_fina_project\patratu_fina_project\newwork\newwork\JAVA_2512\JAVA_2512\dist\client\FingerprintClient_IDSL_DEVICEFIX\app\tomcat\temp
16-Jul-2026 17:17:57.450 INFO [main] org.apache.catalina.core.AprLifecycleListener.lifecycleEvent The Apache Tomcat Native library which allows using OpenSSL was not found on the java.library.path: [C:\Program Files\Microsoft\jdk-17.0.19.10-hotspot\bin;C:\WINDOWS\Sun\Java\bin;C:\WINDOWS\system32;C:\WINDOWS;C:\Program Files\Microsoft MPI\Bin\;C:\Program Files\Microsoft\jdk-17.0.19.10-hotspot\bin;C:\WINDOWS\system32;C:\WINDOWS;C:\WINDOWS\System32\Wbem;C:\WINDOWS\System32\WindowsPowerShell\v1.0\;C:\WINDOWS\System32\OpenSSH\;C:\Program Files\nodejs\;C:\Program Files\Git\cmd;C:\Program Files\Docker\Docker\resources\bin;C:\Program Files\PuTTY\;C:\Program Files\CMake\bin;C:\Program Files (x86)\Microsoft SQL Server\170\Tools\Binn\;C:\Program Files\Microsoft SQL Server\170\Tools\Binn\;C:\Program Files\Microsoft SQL Server\Client SDK\ODBC\180\Tools\Binn\;C:\Program Files\Microsoft SQL Server\170\DTS\Binn\;C:\Program Files (x86)\Microsoft SQL Server\170\DTS\Binn\;C:\Program Files (x86)\Arm GNU Toolchain arm-none-eabi\14.2 rel1\bin;C:\Users\sjay8\.espressif\eim_gui;C:\Users\sjay8\AppData\Local\Programs\Python\Python311\Scripts\;C:\Users\sjay8\AppData\Local\Programs\Python\Python311\;C:\Users\sjay8\AppData\Local\Programs\Python\Python314\Scripts\;C:\Users\sjay8\AppData\Local\Programs\Python\Python314\;C:\Users\sjay8\AppData\Local\Microsoft\WindowsApps;C:\Users\sjay8\AppData\Roaming\npm;C:\Users\sjay8\AppData\Local\Programs\Microsoft VS Code\bin;C:\src\flutter\bin;C:\Users\sjay8\AppData\Local\Microsoft\WinGet\Packages\Ninja-build.Ninja_Microsoft.Winget.Source_8wekyb3d8bbwe;C:\Users\sjay8\AppData\Local\Microsoft\WinGet\Packages\Gyan.FFmpeg_Microsoft.Winget.Source_8wekyb3d8bbwe\ffmpeg-8.1.2-full_build\bin;C:\Users\sjay8\AppData\Local\Microsoft\WinGet\Packages\taizod1024.redis-windows-fork_Microsoft.Winget.Source_8wekyb3d8bbwe\Redis-8.8.0-Windows-x64-msys2;C:\Users\sjay8\AppData\Local\Microsoft\WinGet\Packages\NSSM.NSSM_Microsoft.Winget.Source_8wekyb3d8bbwe\nssm-2.24-101-g897c7ad\win64;.]
16-Jul-2026 17:17:58.194 INFO [main] org.apache.coyote.AbstractProtocol.init Initializing ProtocolHandler ["http-nio-8081"]
16-Jul-2026 17:17:58.259 INFO [main] org.apache.catalina.startup.Catalina.load Server initialization in [1260] milliseconds
16-Jul-2026 17:17:58.370 INFO [main] org.apache.catalina.core.StandardService.startInternal Starting service [Catalina]
16-Jul-2026 17:17:58.370 INFO [main] org.apache.catalina.core.StandardEngine.startInternal Starting Servlet engine: [Apache Tomcat/9.0.120]
16-Jul-2026 17:17:58.402 INFO [main] org.apache.catalina.startup.HostConfig.deployDirectory Deploying web application directory [C:\Users\sjay8\Downloads\yamuna_fina_project\patratu_fina_project\newwork\newwork\JAVA_2512\JAVA_2512\dist\client\FingerprintClient_IDSL_DEVICEFIX\app\tomcat\webapps\demo]
16-Jul-2026 17:18:07.928 INFO [main] org.apache.jasper.servlet.TldScanner.scanJars At least one JAR was scanned for TLDs yet contained no TLDs. Enable debug logging for this logger for a complete list of JARs that were scanned but no TLDs were found in them. Skipping unneeded JARs during scanning can improve startup time and JSP compilation time.
16-Jul-2026 17:18:08.594 INFO [main] org.springframework.web.context.ContextLoader.initWebApplicationContext Root WebApplicationContext: initialization started
16-Jul-2026 17:18:09.233 INFO [main] org.springframework.web.context.support.XmlWebApplicationContext.prepareRefresh Refreshing Root WebApplicationContext: startup date [Thu Jul 16 17:18:09 IST 2026]; root of context hierarchy
16-Jul-2026 17:18:09.493 INFO [main] org.springframework.beans.factory.xml.XmlBeanDefinitionReader.loadBeanDefinitions Loading XML bean definitions from class path resource [spring-mybatis.xml]
16-Jul-2026 17:18:11.673 INFO [main] org.springframework.beans.factory.config.PropertyPlaceholderConfigurer.loadProperties Loading properties file from class path resource [jdbc.properties]
16-Jul-2026 17:18:11.702 INFO [main] org.springframework.beans.factory.annotation.AutowiredAnnotationBeanPostProcessor.<init> JSR-330 'javax.inject.Inject' annotation found and supported for autowiring
16-Jul-2026 17:18:16.602 INFO [main] org.springframework.web.context.ContextLoader.initWebApplicationContext Root WebApplicationContext: initialization completed in 8008 ms
16-Jul-2026 17:18:19.774 WARNING [main] org.apache.catalina.util.SessionIdGeneratorBase.createSecureRandom Creation of SecureRandom instance for session ID generation using [SHA1PRNG] took [271] milliseconds.
16-Jul-2026 17:18:19.849 INFO [main] org.springframework.web.servlet.DispatcherServlet.initServletBean FrameworkServlet 'dispatcher': initialization started
16-Jul-2026 17:18:19.856 INFO [main] org.springframework.web.context.support.XmlWebApplicationContext.prepareRefresh Refreshing WebApplicationContext for namespace 'dispatcher-servlet': startup date [Thu Jul 16 17:18:19 IST 2026]; parent: Root WebApplicationContext
16-Jul-2026 17:18:19.861 INFO [main] org.springframework.beans.factory.xml.XmlBeanDefinitionReader.loadBeanDefinitions Loading XML bean definitions from URL [file:/C:/Users/sjay8/Downloads/yamuna_fina_project/patratu_fina_project/newwork/newwork/JAVA_2512/JAVA_2512/dist/client/FingerprintClient_IDSL_DEVICEFIX/app/tomcat/webapps/demo/WEB-INF/classes/spring-mvc.xml]
16-Jul-2026 17:18:20.549 INFO [main] org.springframework.beans.factory.annotation.AutowiredAnnotationBeanPostProcessor.<init> JSR-330 'javax.inject.Inject' annotation found and supported for autowiring
16-Jul-2026 17:18:21.062 INFO [main] org.springframework.web.servlet.mvc.method.annotation.RequestMappingHandlerMapping.registerHandlerMethod Mapped "{[/getUserInfo],methods=[GET],params=[],headers=[],consumes=[],produces=[],custom=[]}" onto public com.timmy.entity.Msg com.timmy.controller.AllController.getUserInfo(java.lang.String)
16-Jul-2026 17:18:21.062 INFO [main] org.springframework.web.servlet.mvc.method.annotation.RequestMappingHandlerMapping.registerHandlerMethod Mapped "{[/configureMasterDeviceSync],methods=[GET],params=[],headers=[],consumes=[],produces=[],custom=[]}" onto public com.timmy.entity.Msg com.timmy.controller.AllController.configureMasterDeviceSync(java.lang.String,boolean)
16-Jul-2026 17:18:21.063 INFO [main] org.springframework.web.servlet.mvc.method.annotation.RequestMappingHandlerMapping.registerHandlerMethod Mapped "{[/syncUsersByDatabaseAllDevicesStatus],methods=[GET],params=[],headers=[],consumes=[],produces=[],custom=[]}" onto public com.timmy.entity.Msg com.timmy.controller.AllController.syncUsersByDatabaseAllDevicesStatus()
16-Jul-2026 17:18:21.063 INFO [main] org.springframework.web.servlet.mvc.method.annotation.RequestMappingHandlerMapping.registerHandlerMethod Mapped "{[/sendGetUserInfo],methods=[],params=[],headers=[],consumes=[],produces=[],custom=[]}" onto public com.timmy.entity.Msg com.timmy.controller.AllController.sendGetUserInfo(int,int,java.lang.String)
16-Jul-2026 17:18:21.064 INFO [main] org.springframework.web.servlet.mvc.method.annotation.RequestMappingHandlerMapping.registerHandlerMethod Mapped "{[/setOneUser],methods=[GET],params=[],headers=[],consumes=[],produces=[],custom=[]}" onto public com.timmy.entity.Msg com.timmy.controller.AllController.setOneUserTo(java.lang.Long,int,java.lang.String)
16-Jul-2026 17:18:21.064 INFO [main] org.springframework.web.servlet.mvc.method.annotation.RequestMappingHandlerMapping.registerHandlerMethod Mapped "{[/recordsLatest],methods=[],params=[],headers=[],consumes=[],produces=[],custom=[]}" onto public com.timmy.entity.Msg com.timmy.controller.AllController.getLatestLogFromDB(java.lang.Integer,java.lang.String,java.lang.String,java.lang.String,java.lang.String,java.lang.Integer,java.lang.Integer,java.lang.Boolean)
16-Jul-2026 17:18:21.065 INFO [main] org.springframework.web.servlet.mvc.method.annotation.RequestMappingHandlerMapping.registerHandlerMethod Mapped "{[/initSystem],methods=[GET],params=[],headers=[],consumes=[],produces=[],custom=[]}" onto public com.timmy.entity.Msg com.timmy.controller.AllController.initSystem(java.lang.String)
16-Jul-2026 17:18:21.065 INFO [main] org.springframework.web.servlet.mvc.method.annotation.RequestMappingHandlerMapping.registerHandlerMethod Mapped "{[/records],methods=[],params=[],headers=[],consumes=[],produces=[],custom=[]}" onto public com.timmy.entity.Msg com.timmy.controller.AllController.getAllLogFromDB(java.lang.Integer,java.lang.String,java.lang.Boolean)
16-Jul-2026 17:18:21.065 INFO [main] org.springframework.web.servlet.mvc.method.annotation.RequestMappingHandlerMapping.registerHandlerMethod Mapped "{[/emps],methods=[],params=[],headers=[],consumes=[],produces=[],custom=[]}" onto public com.timmy.entity.Msg com.timmy.controller.AllController.getAllPersonFromDB(java.lang.Integer,java.lang.String)
16-Jul-2026 17:18:21.066 INFO [main] org.springframework.web.servlet.mvc.method.annotation.RequestMappingHandlerMapping.registerHandlerMethod Mapped "{[/setPersonToDevice],methods=[GET],params=[],headers=[],consumes=[],produces=[],custom=[]}" onto public com.timmy.entity.Msg com.timmy.controller.AllController.sendSetUserInfo(java.lang.String)
16-Jul-2026 17:18:21.066 INFO [main] org.springframework.web.servlet.mvc.method.annotation.RequestMappingHandlerMapping.registerHandlerMethod Mapped "{[/getNewLog],methods=[GET],params=[],headers=[],consumes=[],produces=[],custom=[]}" onto public com.timmy.entity.Msg com.timmy.controller.AllController.getNewLog(java.lang.String)
16-Jul-2026 17:18:21.067 INFO [main] org.springframework.web.servlet.mvc.method.annotation.RequestMappingHandlerMapping.registerHandlerMethod Mapped "{[/openDoor],methods=[GET],params=[],headers=[],consumes=[],produces=[],custom=[]}" onto public com.timmy.entity.Msg com.timmy.controller.AllController.openDoor(int,java.lang.String)
16-Jul-2026 17:18:21.067 INFO [main] org.springframework.web.servlet.mvc.method.annotation.RequestMappingHandlerMapping.registerHandlerMethod Mapped "{[/geUSerLock],methods=[GET],params=[],headers=[],consumes=[],produces=[],custom=[]}" onto public com.timmy.entity.Msg com.timmy.controller.AllController.getUserLock(java.lang.Integer,java.lang.String)
16-Jul-2026 17:18:21.067 INFO [main] org.springframework.web.servlet.mvc.method.annotation.RequestMappingHandlerMapping.registerHandlerMethod Mapped "{[/setUserEnable],methods=[GET],params=[],headers=[],consumes=[],produces=[],custom=[]}" onto public com.timmy.entity.Msg com.timmy.controller.AllController.setUserEnable(java.lang.Long,java.lang.Integer,java.lang.String)
16-Jul-2026 17:18:21.068 INFO [main] org.springframework.web.servlet.mvc.method.annotation.RequestMappingHandlerMapping.registerHandlerMethod Mapped "{[/cleanAdmin],methods=[GET],params=[],headers=[],consumes=[],produces=[],custom=[]}" onto public com.timmy.entity.Msg com.timmy.controller.AllController.cleanAdmin(java.lang.String)
16-Jul-2026 17:18:21.068 INFO [main] org.springframework.web.servlet.mvc.method.annotation.RequestMappingHandlerMapping.registerHandlerMethod Mapped "{[/setUserToAllDevice],methods=[GET],params=[],headers=[],consumes=[],produces=[],custom=[]}" onto public com.timmy.entity.Msg com.timmy.controller.AllController.setUserToAllDevice()
16-Jul-2026 17:18:21.069 INFO [main] org.springframework.web.servlet.mvc.method.annotation.RequestMappingHandlerMapping.registerHandlerMethod Mapped "{[/getDevLock],methods=[GET],params=[],headers=[],consumes=[],produces=[],custom=[]}" onto public com.timmy.entity.Msg com.timmy.controller.AllController.getDevLock(java.lang.String)
16-Jul-2026 17:18:21.069 INFO [main] org.springframework.web.servlet.mvc.method.annotation.RequestMappingHandlerMapping.registerHandlerMethod Mapped "{[/synchronizeTime],methods=[GET],params=[],headers=[],consumes=[],produces=[],custom=[]}" onto public com.timmy.entity.Msg com.timmy.controller.AllController.synchronizeTime(java.lang.String)
16-Jul-2026 17:18:21.070 INFO [main] org.springframework.web.servlet.mvc.method.annotation.RequestMappingHandlerMapping.registerHandlerMethod Mapped "{[/getDeviceInfo],methods=[GET],params=[],headers=[],consumes=[],produces=[],custom=[]}" onto public com.timmy.entity.Msg com.timmy.controller.AllController.getDeviceInfo(java.lang.String)
16-Jul-2026 17:18:21.070 INFO [main] org.springframework.web.servlet.mvc.method.annotation.RequestMappingHandlerMapping.registerHandlerMethod Mapped "{[/getAllLog],methods=[GET],params=[],headers=[],consumes=[],produces=[],custom=[]}" onto public com.timmy.entity.Msg com.timmy.controller.AllController.getAllLog(java.lang.String)
16-Jul-2026 17:18:21.071 INFO [main] org.springframework.web.servlet.mvc.method.annotation.RequestMappingHandlerMapping.registerHandlerMethod Mapped "{[/hello1],methods=[],params=[],headers=[],consumes=[],produces=[],custom=[]}" onto public java.lang.String com.timmy.controller.AllController.hello()
16-Jul-2026 17:18:21.071 INFO [main] org.springframework.web.servlet.mvc.method.annotation.RequestMappingHandlerMapping.registerHandlerMethod Mapped "{[/updateDataPage],methods=[GET],params=[],headers=[],consumes=[],produces=[],custom=[]}" onto public java.lang.String com.timmy.controller.AllController.updateDataPage()
16-Jul-2026 17:18:21.072 INFO [main] org.springframework.web.servlet.mvc.method.annotation.RequestMappingHandlerMapping.registerHandlerMethod Mapped "{[/getDeviceInOutMode],methods=[GET],params=[],headers=[],consumes=[],produces=[],custom=[]}" onto public com.timmy.entity.Msg com.timmy.controller.AllController.getDeviceInOutMode(java.lang.String)
16-Jul-2026 17:18:21.072 INFO [main] org.springframework.web.servlet.mvc.method.annotation.RequestMappingHandlerMapping.registerHandlerMethod Mapped "{[/sendWs],methods=[GET],params=[],headers=[],consumes=[],produces=[],custom=[]}" onto public com.timmy.entity.Msg com.timmy.controller.AllController.sendWs(java.lang.String)
16-Jul-2026 17:18:21.072 INFO [main] org.springframework.web.servlet.mvc.method.annotation.RequestMappingHandlerMapping.registerHandlerMethod Mapped "{[/climsRecordsPage],methods=[GET],params=[],headers=[],consumes=[],produces=[],custom=[]}" onto public java.lang.String com.timmy.controller.AllController.climsRecordsPage()
16-Jul-2026 17:18:21.073 INFO [main] org.springframework.web.servlet.mvc.method.annotation.RequestMappingHandlerMapping.registerHandlerMethod Mapped "{[/device],methods=[GET],params=[],headers=[],consumes=[],produces=[],custom=[]}" onto public com.timmy.entity.Msg com.timmy.controller.AllController.getAllDevice()
16-Jul-2026 17:18:21.073 INFO [main] org.springframework.web.servlet.mvc.method.annotation.RequestMappingHandlerMapping.registerHandlerMethod Mapped "{[/setDeviceInOutMode],methods=[GET],params=[],headers=[],consumes=[],produces=[],custom=[]}" onto public com.timmy.entity.Msg com.timmy.controller.AllController.setDeviceInOutMode(java.lang.String,java.lang.String,java.lang.Boolean)
16-Jul-2026 17:18:21.073 INFO [main] org.springframework.web.servlet.mvc.method.annotation.RequestMappingHandlerMapping.registerHandlerMethod Mapped "{[/addPerson],methods=[POST],params=[],headers=[],consumes=[],produces=[],custom=[]}" onto public com.timmy.entity.Msg com.timmy.controller.AllController.addPerson(com.timmy.entity.PersonTemp,org.springframework.web.multipart.MultipartFile) throws java.lang.Exception
16-Jul-2026 17:18:21.073 INFO [main] org.springframework.web.servlet.mvc.method.annotation.RequestMappingHandlerMapping.registerHandlerMethod Mapped "{[/enrollInfo],methods=[GET],params=[],headers=[],consumes=[],produces=[],custom=[]}" onto public com.timmy.entity.Msg com.timmy.controller.AllController.getAllEnrollInfo()
16-Jul-2026 17:18:21.074 INFO [main] org.springframework.web.servlet.mvc.method.annotation.RequestMappingHandlerMapping.registerHandlerMethod Mapped "{[/savePerson],methods=[POST],params=[],headers=[],consumes=[],produces=[],custom=[]}" onto public com.timmy.entity.Msg com.timmy.controller.AllController.savePerson(com.timmy.entity.PersonTemp,org.springframework.web.multipart.MultipartFile,java.lang.String,java.lang.String)
16-Jul-2026 17:18:21.074 INFO [main] org.springframework.web.servlet.mvc.method.annotation.RequestMappingHandlerMapping.registerHandlerMethod Mapped "{[/personDetail],methods=[GET],params=[],headers=[],consumes=[],produces=[],custom=[]}" onto public com.timmy.entity.Msg com.timmy.controller.AllController.personDetail(java.lang.Long)
16-Jul-2026 17:18:21.075 INFO [main] org.springframework.web.servlet.mvc.method.annotation.RequestMappingHandlerMapping.registerHandlerMethod Mapped "{[/schedulerDailyStatus],methods=[GET],params=[],headers=[],consumes=[],produces=[],custom=[]}" onto public com.timmy.entity.Msg com.timmy.controller.AllController.schedulerDailyStatus(java.lang.Integer,java.lang.Integer,java.lang.Integer)
16-Jul-2026 17:18:21.075 INFO [main] org.springframework.web.servlet.mvc.method.annotation.RequestMappingHandlerMapping.registerHandlerMethod Mapped "{[/schedulerStatusPage],methods=[GET],params=[],headers=[],consumes=[],produces=[],custom=[]}" onto public java.lang.String com.timmy.controller.AllController.schedulerStatusPage()
16-Jul-2026 17:18:21.075 INFO [main] org.springframework.web.servlet.mvc.method.annotation.RequestMappingHandlerMapping.registerHandlerMethod Mapped "{[/setUserToAllDeviceStatus],methods=[GET],params=[],headers=[],consumes=[],produces=[],custom=[]}" onto public com.timmy.entity.Msg com.timmy.controller.AllController.setUserToAllDeviceStatus()
16-Jul-2026 17:18:21.079 INFO [main] org.springframework.web.servlet.mvc.method.annotation.RequestMappingHandlerMapping.registerHandlerMethod Mapped "{[/syncUsersStatusByUpdDateAllDevices],methods=[GET],params=[],headers=[],consumes=[],produces=[],custom=[]}" onto public com.timmy.entity.Msg com.timmy.controller.AllController.syncUsersStatusByUpdDateAllDevices(java.lang.String)
16-Jul-2026 17:18:21.079 INFO [main] org.springframework.web.servlet.mvc.method.annotation.RequestMappingHandlerMapping.registerHandlerMethod Mapped "{[/deletePersonFromDevice],methods=[GET],params=[],headers=[],consumes=[],produces=[],custom=[]}" onto public com.timmy.entity.Msg com.timmy.controller.AllController.deleteDeviceUserInfo(java.lang.Long,java.lang.String)
16-Jul-2026 17:18:21.079 INFO [main] org.springframework.web.servlet.mvc.method.annotation.RequestMappingHandlerMapping.registerHandlerMethod Mapped "{[/syncUsernameDeltaAllDevices],methods=[GET],params=[],headers=[],consumes=[],produces=[],custom=[]}" onto public com.timmy.entity.Msg com.timmy.controller.AllController.syncUsernameDeltaAllDevices()
16-Jul-2026 17:18:21.080 INFO [main] org.springframework.web.servlet.mvc.method.annotation.RequestMappingHandlerMapping.registerHandlerMethod Mapped "{[/syncUsersByDatabaseAllDevices],methods=[GET],params=[],headers=[],consumes=[],produces=[],custom=[]}" onto public com.timmy.entity.Msg com.timmy.controller.AllController.syncUsersByDatabaseAllDevices()
16-Jul-2026 17:18:21.080 INFO [main] org.springframework.web.servlet.mvc.method.annotation.RequestMappingHandlerMapping.registerHandlerMethod Mapped "{[/masterDeviceSyncStatus],methods=[GET],params=[],headers=[],consumes=[],produces=[],custom=[]}" onto public com.timmy.entity.Msg com.timmy.controller.AllController.masterDeviceSyncStatus()
16-Jul-2026 17:18:21.080 INFO [main] org.springframework.web.servlet.mvc.method.annotation.RequestMappingHandlerMapping.registerHandlerMethod Mapped "{[/onlineDevicesForDirectUserSend],methods=[GET],params=[],headers=[],consumes=[],produces=[],custom=[]}" onto public com.timmy.entity.Msg com.timmy.controller.AllController.onlineDevicesForDirectUserSend()
16-Jul-2026 17:18:21.081 INFO [main] org.springframework.web.servlet.mvc.method.annotation.RequestMappingHandlerMapping.registerHandlerMethod Mapped "{[/setUsernameToDevice],methods=[GET],params=[],headers=[],consumes=[],produces=[],custom=[]}" onto public com.timmy.entity.Msg com.timmy.controller.AllController.setUsernameToDevice(java.lang.String)
16-Jul-2026 17:18:21.081 INFO [main] org.springframework.web.servlet.mvc.method.annotation.RequestMappingHandlerMapping.registerHandlerMethod Mapped "{[/syncUsernameDeltaAllDevicesStatus],methods=[GET],params=[],headers=[],consumes=[],produces=[],custom=[]}" onto public com.timmy.entity.Msg com.timmy.controller.AllController.syncUsernameDeltaAllDevicesStatus()
16-Jul-2026 17:18:21.082 INFO [main] org.springframework.web.servlet.mvc.method.annotation.RequestMappingHandlerMapping.registerHandlerMethod Mapped "{[/syncInactiveUsersDisableAllDevices],methods=[GET],params=[],headers=[],consumes=[],produces=[],custom=[]}" onto public com.timmy.entity.Msg com.timmy.controller.AllController.syncInactiveUsersDisableAllDevices()
16-Jul-2026 17:18:21.082 INFO [main] org.springframework.web.servlet.mvc.method.annotation.RequestMappingHandlerMapping.registerHandlerMethod Mapped "{[/syncUsersStatusAllDevices],methods=[GET],params=[],headers=[],consumes=[],produces=[],custom=[]}" onto public com.timmy.entity.Msg com.timmy.controller.AllController.syncUsersStatusAllDevices()
16-Jul-2026 17:18:21.082 INFO [main] org.springframework.web.servlet.mvc.method.annotation.RequestMappingHandlerMapping.registerHandlerMethod Mapped "{[/syncUsersDeleteByDelDateAllDevices],methods=[GET],params=[],headers=[],consumes=[],produces=[],custom=[]}" onto public com.timmy.entity.Msg com.timmy.controller.AllController.syncUsersDeleteByDelDateAllDevices(java.lang.String)
16-Jul-2026 17:18:21.083 INFO [main] org.springframework.web.servlet.mvc.method.annotation.RequestMappingHandlerMapping.registerHandlerMethod Mapped "{[/syncUserByDatabaseStatus],methods=[GET],params=[],headers=[],consumes=[],produces=[],custom=[]}" onto public com.timmy.entity.Msg com.timmy.controller.AllController.syncUserByDatabaseStatus(java.lang.Long)
16-Jul-2026 17:18:21.083 INFO [main] org.springframework.web.servlet.mvc.method.annotation.RequestMappingHandlerMapping.registerHandlerMethod Mapped "{[/deleteUserFromAllDevices],methods=[GET],params=[],headers=[],consumes=[],produces=[],custom=[]}" onto public com.timmy.entity.Msg com.timmy.controller.AllController.deleteUserFromAllDevices(java.lang.Long)
16-Jul-2026 17:18:21.084 INFO [main] org.springframework.web.servlet.mvc.method.annotation.RequestMappingHandlerMapping.registerHandlerMethod Mapped "{[/syncMasterDeviceFullToAll],methods=[GET],params=[],headers=[],consumes=[],produces=[],custom=[]}" onto public com.timmy.entity.Msg com.timmy.controller.AllController.syncMasterDeviceFullToAll(java.lang.String,boolean)
16-Jul-2026 17:18:21.084 INFO [main] org.springframework.web.servlet.mvc.method.annotation.RequestMappingHandlerMapping.registerHandlerMethod Mapped "{[/climsRecords],methods=[],params=[],headers=[],consumes=[],produces=[],custom=[]}" onto public com.timmy.entity.Msg com.timmy.controller.AllController.getAllClimsLogFromDB(java.lang.Integer,java.lang.String,java.lang.String,java.lang.Boolean)
16-Jul-2026 17:18:21.084 INFO [main] org.springframework.web.servlet.mvc.method.annotation.RequestMappingHandlerMapping.registerHandlerMethod Mapped "{[/directSendUsersToSelectedDevices],methods=[GET],params=[],headers=[],consumes=[],produces=[],custom=[]}" onto public com.timmy.entity.Msg com.timmy.controller.AllController.directSendUsersToSelectedDevices(java.lang.String,java.lang.String)
16-Jul-2026 17:18:21.085 INFO [main] org.springframework.web.servlet.mvc.method.annotation.RequestMappingHandlerMapping.registerHandlerMethod Mapped "{[/login],methods=[GET],params=[],headers=[],consumes=[],produces=[],custom=[]}" onto public java.lang.String com.timmy.controller.AuthController.loginPage(javax.servlet.http.HttpSession)
16-Jul-2026 17:18:21.085 INFO [main] org.springframework.web.servlet.mvc.method.annotation.RequestMappingHandlerMapping.registerHandlerMethod Mapped "{[/logout],methods=[GET],params=[],headers=[],consumes=[],produces=[],custom=[]}" onto public java.lang.String com.timmy.controller.AuthController.logout(javax.servlet.http.HttpSession)
16-Jul-2026 17:18:21.086 INFO [main] org.springframework.web.servlet.mvc.method.annotation.RequestMappingHandlerMapping.registerHandlerMethod Mapped "{[/login],methods=[POST],params=[],headers=[],consumes=[],produces=[],custom=[]}" onto public java.lang.String com.timmy.controller.AuthController.login(java.lang.String,java.lang.String,javax.servlet.http.HttpSession)
16-Jul-2026 17:18:22.067 INFO [main] org.springframework.web.servlet.handler.SimpleUrlHandlerMapping.registerHandler Mapped URL path [/resources] onto handler 'org.springframework.web.servlet.resource.ResourceHttpRequestHandler#0'
16-Jul-2026 17:18:22.107 INFO [main] org.apache.catalina.startup.HostConfig.deployDirectory Deployment of web application directory [C:\Users\sjay8\Downloads\yamuna_fina_project\patratu_fina_project\newwork\newwork\JAVA_2512\JAVA_2512\dist\client\FingerprintClient_IDSL_DEVICEFIX\app\tomcat\webapps\demo] has finished in [23,705] ms
16-Jul-2026 17:18:22.108 INFO [main] org.apache.catalina.startup.HostConfig.deployDirectory Deploying web application directory [C:\Users\sjay8\Downloads\yamuna_fina_project\patratu_fina_project\newwork\newwork\JAVA_2512\JAVA_2512\dist\client\FingerprintClient_IDSL_DEVICEFIX\app\tomcat\webapps\docs]
16-Jul-2026 17:18:22.213 INFO [main] org.apache.catalina.startup.HostConfig.deployDirectory Deployment of web application directory [C:\Users\sjay8\Downloads\yamuna_fina_project\patratu_fina_project\newwork\newwork\JAVA_2512\JAVA_2512\dist\client\FingerprintClient_IDSL_DEVICEFIX\app\tomcat\webapps\docs] has finished in [105] ms
16-Jul-2026 17:18:22.214 INFO [main] org.apache.catalina.startup.HostConfig.deployDirectory Deploying web application directory [C:\Users\sjay8\Downloads\yamuna_fina_project\patratu_fina_project\newwork\newwork\JAVA_2512\JAVA_2512\dist\client\FingerprintClient_IDSL_DEVICEFIX\app\tomcat\webapps\examples]
16-Jul-2026 17:18:22.958 WARNING [main] org.apache.jasper.servlet.TldScanner.scanJspConfig Failed to process TLD with path [/WEB-INF/jsp/debug-taglib.tld] and URI [http://tomcat.apache.org/debug-taglib]. The specified path does not exist.
16-Jul-2026 17:18:23.256 SEVERE [main] org.apache.catalina.core.StandardContext.startInternal One or more listeners failed to start. Full details will be found in the appropriate container log file
16-Jul-2026 17:18:23.258 SEVERE [main] org.apache.catalina.core.StandardContext.startInternal Context [/examples] startup failed due to previous errors
16-Jul-2026 17:18:23.341 INFO [main] org.apache.catalina.startup.HostConfig.deployDirectory Deployment of web application directory [C:\Users\sjay8\Downloads\yamuna_fina_project\patratu_fina_project\newwork\newwork\JAVA_2512\JAVA_2512\dist\client\FingerprintClient_IDSL_DEVICEFIX\app\tomcat\webapps\examples] has finished in [1,127] ms
16-Jul-2026 17:18:23.345 INFO [main] org.apache.catalina.startup.HostConfig.deployDirectory Deploying web application directory [C:\Users\sjay8\Downloads\yamuna_fina_project\patratu_fina_project\newwork\newwork\JAVA_2512\JAVA_2512\dist\client\FingerprintClient_IDSL_DEVICEFIX\app\tomcat\webapps\host-manager]
16-Jul-2026 17:18:23.603 INFO [main] org.apache.catalina.startup.HostConfig.deployDirectory Deployment of web application directory [C:\Users\sjay8\Downloads\yamuna_fina_project\patratu_fina_project\newwork\newwork\JAVA_2512\JAVA_2512\dist\client\FingerprintClient_IDSL_DEVICEFIX\app\tomcat\webapps\host-manager] has finished in [231] ms
16-Jul-2026 17:18:23.604 INFO [main] org.apache.catalina.startup.HostConfig.deployDirectory Deploying web application directory [C:\Users\sjay8\Downloads\yamuna_fina_project\patratu_fina_project\newwork\newwork\JAVA_2512\JAVA_2512\dist\client\FingerprintClient_IDSL_DEVICEFIX\app\tomcat\webapps\manager]
16-Jul-2026 17:18:23.778 INFO [main] org.apache.catalina.startup.HostConfig.deployDirectory Deployment of web application directory [C:\Users\sjay8\Downloads\yamuna_fina_project\patratu_fina_project\newwork\newwork\JAVA_2512\JAVA_2512\dist\client\FingerprintClient_IDSL_DEVICEFIX\app\tomcat\webapps\manager] has finished in [175] ms
16-Jul-2026 17:18:23.779 INFO [main] org.apache.catalina.startup.HostConfig.deployDirectory Deploying web application directory [C:\Users\sjay8\Downloads\yamuna_fina_project\patratu_fina_project\newwork\newwork\JAVA_2512\JAVA_2512\dist\client\FingerprintClient_IDSL_DEVICEFIX\app\tomcat\webapps\ROOT]
16-Jul-2026 17:18:23.986 INFO [main] org.apache.catalina.startup.HostConfig.deployDirectory Deployment of web application directory [C:\Users\sjay8\Downloads\yamuna_fina_project\patratu_fina_project\newwork\newwork\JAVA_2512\JAVA_2512\dist\client\FingerprintClient_IDSL_DEVICEFIX\app\tomcat\webapps\ROOT] has finished in [207] ms
16-Jul-2026 17:18:24.001 INFO [main] org.apache.coyote.AbstractProtocol.start Starting ProtocolHandler ["http-nio-8081"]
16-Jul-2026 17:18:24.034 INFO [main] org.apache.catalina.startup.Catalina.start Server startup in [25775] milliseconds
16-Jul-2026 17:19:48.758 INFO [http-nio-8081-exec-3] org.springframework.web.servlet.DispatcherServlet.initServletBean FrameworkServlet 'dispatcher': initialization started
16-Jul-2026 17:19:48.760 INFO [http-nio-8081-exec-3] org.springframework.web.context.support.XmlWebApplicationContext.prepareRefresh Refreshing WebApplicationContext for namespace 'dispatcher-servlet': startup date [Thu Jul 16 17:19:48 IST 2026]; parent: Root WebApplicationContext
16-Jul-2026 17:19:48.795 INFO [http-nio-8081-exec-3] org.springframework.beans.factory.xml.XmlBeanDefinitionReader.loadBeanDefinitions Loading XML bean definitions from URL [file:/C:/Users/sjay8/Downloads/yamuna_fina_project/patratu_fina_project/newwork/newwork/JAVA_2512/JAVA_2512/dist/client/FingerprintClient_IDSL_DEVICEFIX/app/tomcat/webapps/demo/WEB-INF/classes/spring-mvc.xml]
16-Jul-2026 17:19:48.987 INFO [http-nio-8081-exec-3] org.springframework.beans.factory.annotation.AutowiredAnnotationBeanPostProcessor.<init> JSR-330 'javax.inject.Inject' annotation found and supported for autowiring
16-Jul-2026 17:19:49.038 INFO [http-nio-8081-exec-3] org.springframework.web.servlet.mvc.method.annotation.RequestMappingHandlerMapping.registerHandlerMethod Mapped "{[/getUserInfo],methods=[GET],params=[],headers=[],consumes=[],produces=[],custom=[]}" onto public com.timmy.entity.Msg com.timmy.controller.AllController.getUserInfo(java.lang.String)
16-Jul-2026 17:19:49.040 INFO [http-nio-8081-exec-3] org.springframework.web.servlet.mvc.method.annotation.RequestMappingHandlerMapping.registerHandlerMethod Mapped "{[/configureMasterDeviceSync],methods=[GET],params=[],headers=[],consumes=[],produces=[],custom=[]}" onto public com.timmy.entity.Msg com.timmy.controller.AllController.configureMasterDeviceSync(java.lang.String,boolean)
16-Jul-2026 17:19:49.040 INFO [http-nio-8081-exec-3] org.springframework.web.servlet.mvc.method.annotation.RequestMappingHandlerMapping.registerHandlerMethod Mapped "{[/syncUsersByDatabaseAllDevicesStatus],methods=[GET],params=[],headers=[],consumes=[],produces=[],custom=[]}" onto public com.timmy.entity.Msg com.timmy.controller.AllController.syncUsersByDatabaseAllDevicesStatus()
16-Jul-2026 17:19:49.040 INFO [http-nio-8081-exec-3] org.springframework.web.servlet.mvc.method.annotation.RequestMappingHandlerMapping.registerHandlerMethod Mapped "{[/sendGetUserInfo],methods=[],params=[],headers=[],consumes=[],produces=[],custom=[]}" onto public com.timmy.entity.Msg com.timmy.controller.AllController.sendGetUserInfo(int,int,java.lang.String)
16-Jul-2026 17:19:49.040 INFO [http-nio-8081-exec-3] org.springframework.web.servlet.mvc.method.annotation.RequestMappingHandlerMapping.registerHandlerMethod Mapped "{[/setOneUser],methods=[GET],params=[],headers=[],consumes=[],produces=[],custom=[]}" onto public com.timmy.entity.Msg com.timmy.controller.AllController.setOneUserTo(java.lang.Long,int,java.lang.String)
16-Jul-2026 17:19:49.040 INFO [http-nio-8081-exec-3] org.springframework.web.servlet.mvc.method.annotation.RequestMappingHandlerMapping.registerHandlerMethod Mapped "{[/recordsLatest],methods=[],params=[],headers=[],consumes=[],produces=[],custom=[]}" onto public com.timmy.entity.Msg com.timmy.controller.AllController.getLatestLogFromDB(java.lang.Integer,java.lang.String,java.lang.String,java.lang.String,java.lang.String,java.lang.Integer,java.lang.Integer,java.lang.Boolean)
16-Jul-2026 17:19:49.042 INFO [http-nio-8081-exec-3] org.springframework.web.servlet.mvc.method.annotation.RequestMappingHandlerMapping.registerHandlerMethod Mapped "{[/initSystem],methods=[GET],params=[],headers=[],consumes=[],produces=[],custom=[]}" onto public com.timmy.entity.Msg com.timmy.controller.AllController.initSystem(java.lang.String)
16-Jul-2026 17:19:49.042 INFO [http-nio-8081-exec-3] org.springframework.web.servlet.mvc.method.annotation.RequestMappingHandlerMapping.registerHandlerMethod Mapped "{[/records],methods=[],params=[],headers=[],consumes=[],produces=[],custom=[]}" onto public com.timmy.entity.Msg com.timmy.controller.AllController.getAllLogFromDB(java.lang.Integer,java.lang.String,java.lang.Boolean)
16-Jul-2026 17:19:49.042 INFO [http-nio-8081-exec-3] org.springframework.web.servlet.mvc.method.annotation.RequestMappingHandlerMapping.registerHandlerMethod Mapped "{[/emps],methods=[],params=[],headers=[],consumes=[],produces=[],custom=[]}" onto public com.timmy.entity.Msg com.timmy.controller.AllController.getAllPersonFromDB(java.lang.Integer,java.lang.String)
16-Jul-2026 17:19:49.042 INFO [http-nio-8081-exec-3] org.springframework.web.servlet.mvc.method.annotation.RequestMappingHandlerMapping.registerHandlerMethod Mapped "{[/setPersonToDevice],methods=[GET],params=[],headers=[],consumes=[],produces=[],custom=[]}" onto public com.timmy.entity.Msg com.timmy.controller.AllController.sendSetUserInfo(java.lang.String)
16-Jul-2026 17:19:49.042 INFO [http-nio-8081-exec-3] org.springframework.web.servlet.mvc.method.annotation.RequestMappingHandlerMapping.registerHandlerMethod Mapped "{[/getNewLog],methods=[GET],params=[],headers=[],consumes=[],produces=[],custom=[]}" onto public com.timmy.entity.Msg com.timmy.controller.AllController.getNewLog(java.lang.String)
16-Jul-2026 17:19:49.043 INFO [http-nio-8081-exec-3] org.springframework.web.servlet.mvc.method.annotation.RequestMappingHandlerMapping.registerHandlerMethod Mapped "{[/openDoor],methods=[GET],params=[],headers=[],consumes=[],produces=[],custom=[]}" onto public com.timmy.entity.Msg com.timmy.controller.AllController.openDoor(int,java.lang.String)
16-Jul-2026 17:19:49.043 INFO [http-nio-8081-exec-3] org.springframework.web.servlet.mvc.method.annotation.RequestMappingHandlerMapping.registerHandlerMethod Mapped "{[/geUSerLock],methods=[GET],params=[],headers=[],consumes=[],produces=[],custom=[]}" onto public com.timmy.entity.Msg com.timmy.controller.AllController.getUserLock(java.lang.Integer,java.lang.String)
16-Jul-2026 17:19:49.043 INFO [http-nio-8081-exec-3] org.springframework.web.servlet.mvc.method.annotation.RequestMappingHandlerMapping.registerHandlerMethod Mapped "{[/setUserEnable],methods=[GET],params=[],headers=[],consumes=[],produces=[],custom=[]}" onto public com.timmy.entity.Msg com.timmy.controller.AllController.setUserEnable(java.lang.Long,java.lang.Integer,java.lang.String)
16-Jul-2026 17:19:49.043 INFO [http-nio-8081-exec-3] org.springframework.web.servlet.mvc.method.annotation.RequestMappingHandlerMapping.registerHandlerMethod Mapped "{[/cleanAdmin],methods=[GET],params=[],headers=[],consumes=[],produces=[],custom=[]}" onto public com.timmy.entity.Msg com.timmy.controller.AllController.cleanAdmin(java.lang.String)
16-Jul-2026 17:19:49.045 INFO [http-nio-8081-exec-3] org.springframework.web.servlet.mvc.method.annotation.RequestMappingHandlerMapping.registerHandlerMethod Mapped "{[/setUserToAllDevice],methods=[GET],params=[],headers=[],consumes=[],produces=[],custom=[]}" onto public com.timmy.entity.Msg com.timmy.controller.AllController.setUserToAllDevice()
16-Jul-2026 17:19:49.045 INFO [http-nio-8081-exec-3] org.springframework.web.servlet.mvc.method.annotation.RequestMappingHandlerMapping.registerHandlerMethod Mapped "{[/getDevLock],methods=[GET],params=[],headers=[],consumes=[],produces=[],custom=[]}" onto public com.timmy.entity.Msg com.timmy.controller.AllController.getDevLock(java.lang.String)
16-Jul-2026 17:19:49.045 INFO [http-nio-8081-exec-3] org.springframework.web.servlet.mvc.method.annotation.RequestMappingHandlerMapping.registerHandlerMethod Mapped "{[/synchronizeTime],methods=[GET],params=[],headers=[],consumes=[],produces=[],custom=[]}" onto public com.timmy.entity.Msg com.timmy.controller.AllController.synchronizeTime(java.lang.String)
16-Jul-2026 17:19:49.045 INFO [http-nio-8081-exec-3] org.springframework.web.servlet.mvc.method.annotation.RequestMappingHandlerMapping.registerHandlerMethod Mapped "{[/getDeviceInfo],methods=[GET],params=[],headers=[],consumes=[],produces=[],custom=[]}" onto public com.timmy.entity.Msg com.timmy.controller.AllController.getDeviceInfo(java.lang.String)
16-Jul-2026 17:19:49.046 INFO [http-nio-8081-exec-3] org.springframework.web.servlet.mvc.method.annotation.RequestMappingHandlerMapping.registerHandlerMethod Mapped "{[/getAllLog],methods=[GET],params=[],headers=[],consumes=[],produces=[],custom=[]}" onto public com.timmy.entity.Msg com.timmy.controller.AllController.getAllLog(java.lang.String)
16-Jul-2026 17:19:49.046 INFO [http-nio-8081-exec-3] org.springframework.web.servlet.mvc.method.annotation.RequestMappingHandlerMapping.registerHandlerMethod Mapped "{[/hello1],methods=[],params=[],headers=[],consumes=[],produces=[],custom=[]}" onto public java.lang.String com.timmy.controller.AllController.hello()
16-Jul-2026 17:19:49.046 INFO [http-nio-8081-exec-3] org.springframework.web.servlet.mvc.method.annotation.RequestMappingHandlerMapping.registerHandlerMethod Mapped "{[/updateDataPage],methods=[GET],params=[],headers=[],consumes=[],produces=[],custom=[]}" onto public java.lang.String com.timmy.controller.AllController.updateDataPage()
16-Jul-2026 17:19:49.047 INFO [http-nio-8081-exec-3] org.springframework.web.servlet.mvc.method.annotation.RequestMappingHandlerMapping.registerHandlerMethod Mapped "{[/getDeviceInOutMode],methods=[GET],params=[],headers=[],consumes=[],produces=[],custom=[]}" onto public com.timmy.entity.Msg com.timmy.controller.AllController.getDeviceInOutMode(java.lang.String)
16-Jul-2026 17:19:49.047 INFO [http-nio-8081-exec-3] org.springframework.web.servlet.mvc.method.annotation.RequestMappingHandlerMapping.registerHandlerMethod Mapped "{[/sendWs],methods=[GET],params=[],headers=[],consumes=[],produces=[],custom=[]}" onto public com.timmy.entity.Msg com.timmy.controller.AllController.sendWs(java.lang.String)
16-Jul-2026 17:19:49.047 INFO [http-nio-8081-exec-3] org.springframework.web.servlet.mvc.method.annotation.RequestMappingHandlerMapping.registerHandlerMethod Mapped "{[/climsRecordsPage],methods=[GET],params=[],headers=[],consumes=[],produces=[],custom=[]}" onto public java.lang.String com.timmy.controller.AllController.climsRecordsPage()
16-Jul-2026 17:19:49.049 INFO [http-nio-8081-exec-3] org.springframework.web.servlet.mvc.method.annotation.RequestMappingHandlerMapping.registerHandlerMethod Mapped "{[/device],methods=[GET],params=[],headers=[],consumes=[],produces=[],custom=[]}" onto public com.timmy.entity.Msg com.timmy.controller.AllController.getAllDevice()
16-Jul-2026 17:19:49.049 INFO [http-nio-8081-exec-3] org.springframework.web.servlet.mvc.method.annotation.RequestMappingHandlerMapping.registerHandlerMethod Mapped "{[/setDeviceInOutMode],methods=[GET],params=[],headers=[],consumes=[],produces=[],custom=[]}" onto public com.timmy.entity.Msg com.timmy.controller.AllController.setDeviceInOutMode(java.lang.String,java.lang.String,java.lang.Boolean)
16-Jul-2026 17:19:49.049 INFO [http-nio-8081-exec-3] org.springframework.web.servlet.mvc.method.annotation.RequestMappingHandlerMapping.registerHandlerMethod Mapped "{[/addPerson],methods=[POST],params=[],headers=[],consumes=[],produces=[],custom=[]}" onto public com.timmy.entity.Msg com.timmy.controller.AllController.addPerson(com.timmy.entity.PersonTemp,org.springframework.web.multipart.MultipartFile) throws java.lang.Exception
16-Jul-2026 17:19:49.049 INFO [http-nio-8081-exec-3] org.springframework.web.servlet.mvc.method.annotation.RequestMappingHandlerMapping.registerHandlerMethod Mapped "{[/enrollInfo],methods=[GET],params=[],headers=[],consumes=[],produces=[],custom=[]}" onto public com.timmy.entity.Msg com.timmy.controller.AllController.getAllEnrollInfo()
16-Jul-2026 17:19:49.049 INFO [http-nio-8081-exec-3] org.springframework.web.servlet.mvc.method.annotation.RequestMappingHandlerMapping.registerHandlerMethod Mapped "{[/savePerson],methods=[POST],params=[],headers=[],consumes=[],produces=[],custom=[]}" onto public com.timmy.entity.Msg com.timmy.controller.AllController.savePerson(com.timmy.entity.PersonTemp,org.springframework.web.multipart.MultipartFile,java.lang.String,java.lang.String)
16-Jul-2026 17:19:49.053 INFO [http-nio-8081-exec-3] org.springframework.web.servlet.mvc.method.annotation.RequestMappingHandlerMapping.registerHandlerMethod Mapped "{[/personDetail],methods=[GET],params=[],headers=[],consumes=[],produces=[],custom=[]}" onto public com.timmy.entity.Msg com.timmy.controller.AllController.personDetail(java.lang.Long)
16-Jul-2026 17:19:49.054 INFO [http-nio-8081-exec-3] org.springframework.web.servlet.mvc.method.annotation.RequestMappingHandlerMapping.registerHandlerMethod Mapped "{[/schedulerDailyStatus],methods=[GET],params=[],headers=[],consumes=[],produces=[],custom=[]}" onto public com.timmy.entity.Msg com.timmy.controller.AllController.schedulerDailyStatus(java.lang.Integer,java.lang.Integer,java.lang.Integer)
16-Jul-2026 17:19:49.055 INFO [http-nio-8081-exec-3] org.springframework.web.servlet.mvc.method.annotation.RequestMappingHandlerMapping.registerHandlerMethod Mapped "{[/schedulerStatusPage],methods=[GET],params=[],headers=[],consumes=[],produces=[],custom=[]}" onto public java.lang.String com.timmy.controller.AllController.schedulerStatusPage()
16-Jul-2026 17:19:49.055 INFO [http-nio-8081-exec-3] org.springframework.web.servlet.mvc.method.annotation.RequestMappingHandlerMapping.registerHandlerMethod Mapped "{[/setUserToAllDeviceStatus],methods=[GET],params=[],headers=[],consumes=[],produces=[],custom=[]}" onto public com.timmy.entity.Msg com.timmy.controller.AllController.setUserToAllDeviceStatus()
16-Jul-2026 17:19:49.056 INFO [http-nio-8081-exec-3] org.springframework.web.servlet.mvc.method.annotation.RequestMappingHandlerMapping.registerHandlerMethod Mapped "{[/syncUsersStatusByUpdDateAllDevices],methods=[GET],params=[],headers=[],consumes=[],produces=[],custom=[]}" onto public com.timmy.entity.Msg com.timmy.controller.AllController.syncUsersStatusByUpdDateAllDevices(java.lang.String)
16-Jul-2026 17:19:49.057 INFO [http-nio-8081-exec-3] org.springframework.web.servlet.mvc.method.annotation.RequestMappingHandlerMapping.registerHandlerMethod Mapped "{[/deletePersonFromDevice],methods=[GET],params=[],headers=[],consumes=[],produces=[],custom=[]}" onto public com.timmy.entity.Msg com.timmy.controller.AllController.deleteDeviceUserInfo(java.lang.Long,java.lang.String)
16-Jul-2026 17:19:49.057 INFO [http-nio-8081-exec-3] org.springframework.web.servlet.mvc.method.annotation.RequestMappingHandlerMapping.registerHandlerMethod Mapped "{[/syncUsernameDeltaAllDevices],methods=[GET],params=[],headers=[],consumes=[],produces=[],custom=[]}" onto public com.timmy.entity.Msg com.timmy.controller.AllController.syncUsernameDeltaAllDevices()
16-Jul-2026 17:19:49.057 INFO [http-nio-8081-exec-3] org.springframework.web.servlet.mvc.method.annotation.RequestMappingHandlerMapping.registerHandlerMethod Mapped "{[/syncUsersByDatabaseAllDevices],methods=[GET],params=[],headers=[],consumes=[],produces=[],custom=[]}" onto public com.timmy.entity.Msg com.timmy.controller.AllController.syncUsersByDatabaseAllDevices()
16-Jul-2026 17:19:49.058 INFO [http-nio-8081-exec-3] org.springframework.web.servlet.mvc.method.annotation.RequestMappingHandlerMapping.registerHandlerMethod Mapped "{[/masterDeviceSyncStatus],methods=[GET],params=[],headers=[],consumes=[],produces=[],custom=[]}" onto public com.timmy.entity.Msg com.timmy.controller.AllController.masterDeviceSyncStatus()
16-Jul-2026 17:19:49.058 INFO [http-nio-8081-exec-3] org.springframework.web.servlet.mvc.method.annotation.RequestMappingHandlerMapping.registerHandlerMethod Mapped "{[/onlineDevicesForDirectUserSend],methods=[GET],params=[],headers=[],consumes=[],produces=[],custom=[]}" onto public com.timmy.entity.Msg com.timmy.controller.AllController.onlineDevicesForDirectUserSend()
16-Jul-2026 17:19:49.058 INFO [http-nio-8081-exec-3] org.springframework.web.servlet.mvc.method.annotation.RequestMappingHandlerMapping.registerHandlerMethod Mapped "{[/setUsernameToDevice],methods=[GET],params=[],headers=[],consumes=[],produces=[],custom=[]}" onto public com.timmy.entity.Msg com.timmy.controller.AllController.setUsernameToDevice(java.lang.String)
16-Jul-2026 17:19:49.058 INFO [http-nio-8081-exec-3] org.springframework.web.servlet.mvc.method.annotation.RequestMappingHandlerMapping.registerHandlerMethod Mapped "{[/syncUsernameDeltaAllDevicesStatus],methods=[GET],params=[],headers=[],consumes=[],produces=[],custom=[]}" onto public com.timmy.entity.Msg com.timmy.controller.AllController.syncUsernameDeltaAllDevicesStatus()
16-Jul-2026 17:19:49.059 INFO [http-nio-8081-exec-3] org.springframework.web.servlet.mvc.method.annotation.RequestMappingHandlerMapping.registerHandlerMethod Mapped "{[/syncInactiveUsersDisableAllDevices],methods=[GET],params=[],headers=[],consumes=[],produces=[],custom=[]}" onto public com.timmy.entity.Msg com.timmy.controller.AllController.syncInactiveUsersDisableAllDevices()
16-Jul-2026 17:19:49.059 INFO [http-nio-8081-exec-3] org.springframework.web.servlet.mvc.method.annotation.RequestMappingHandlerMapping.registerHandlerMethod Mapped "{[/syncUsersStatusAllDevices],methods=[GET],params=[],headers=[],consumes=[],produces=[],custom=[]}" onto public com.timmy.entity.Msg com.timmy.controller.AllController.syncUsersStatusAllDevices()
16-Jul-2026 17:19:49.059 INFO [http-nio-8081-exec-3] org.springframework.web.servlet.mvc.method.annotation.RequestMappingHandlerMapping.registerHandlerMethod Mapped "{[/syncUsersDeleteByDelDateAllDevices],methods=[GET],params=[],headers=[],consumes=[],produces=[],custom=[]}" onto public com.timmy.entity.Msg com.timmy.controller.AllController.syncUsersDeleteByDelDateAllDevices(java.lang.String)
16-Jul-2026 17:19:49.060 INFO [http-nio-8081-exec-3] org.springframework.web.servlet.mvc.method.annotation.RequestMappingHandlerMapping.registerHandlerMethod Mapped "{[/syncUserByDatabaseStatus],methods=[GET],params=[],headers=[],consumes=[],produces=[],custom=[]}" onto public com.timmy.entity.Msg com.timmy.controller.AllController.syncUserByDatabaseStatus(java.lang.Long)
16-Jul-2026 17:19:49.060 INFO [http-nio-8081-exec-3] org.springframework.web.servlet.mvc.method.annotation.RequestMappingHandlerMapping.registerHandlerMethod Mapped "{[/deleteUserFromAllDevices],methods=[GET],params=[],headers=[],consumes=[],produces=[],custom=[]}" onto public com.timmy.entity.Msg com.timmy.controller.AllController.deleteUserFromAllDevices(java.lang.Long)
16-Jul-2026 17:19:49.060 INFO [http-nio-8081-exec-3] org.springframework.web.servlet.mvc.method.annotation.RequestMappingHandlerMapping.registerHandlerMethod Mapped "{[/syncMasterDeviceFullToAll],methods=[GET],params=[],headers=[],consumes=[],produces=[],custom=[]}" onto public com.timmy.entity.Msg com.timmy.controller.AllController.syncMasterDeviceFullToAll(java.lang.String,boolean)
16-Jul-2026 17:19:49.061 INFO [http-nio-8081-exec-3] org.springframework.web.servlet.mvc.method.annotation.RequestMappingHandlerMapping.registerHandlerMethod Mapped "{[/climsRecords],methods=[],params=[],headers=[],consumes=[],produces=[],custom=[]}" onto public com.timmy.entity.Msg com.timmy.controller.AllController.getAllClimsLogFromDB(java.lang.Integer,java.lang.String,java.lang.String,java.lang.Boolean)
16-Jul-2026 17:19:49.061 INFO [http-nio-8081-exec-3] org.springframework.web.servlet.mvc.method.annotation.RequestMappingHandlerMapping.registerHandlerMethod Mapped "{[/directSendUsersToSelectedDevices],methods=[GET],params=[],headers=[],consumes=[],produces=[],custom=[]}" onto public com.timmy.entity.Msg com.timmy.controller.AllController.directSendUsersToSelectedDevices(java.lang.String,java.lang.String)
16-Jul-2026 17:19:49.062 INFO [http-nio-8081-exec-3] org.springframework.web.servlet.mvc.method.annotation.RequestMappingHandlerMapping.registerHandlerMethod Mapped "{[/login],methods=[GET],params=[],headers=[],consumes=[],produces=[],custom=[]}" onto public java.lang.String com.timmy.controller.AuthController.loginPage(javax.servlet.http.HttpSession)
16-Jul-2026 17:19:49.062 INFO [http-nio-8081-exec-3] org.springframework.web.servlet.mvc.method.annotation.RequestMappingHandlerMapping.registerHandlerMethod Mapped "{[/logout],methods=[GET],params=[],headers=[],consumes=[],produces=[],custom=[]}" onto public java.lang.String com.timmy.controller.AuthController.logout(javax.servlet.http.HttpSession)
16-Jul-2026 17:19:49.062 INFO [http-nio-8081-exec-3] org.springframework.web.servlet.mvc.method.annotation.RequestMappingHandlerMapping.registerHandlerMethod Mapped "{[/login],methods=[POST],params=[],headers=[],consumes=[],produces=[],custom=[]}" onto public java.lang.String com.timmy.controller.AuthController.login(java.lang.String,java.lang.String,javax.servlet.http.HttpSession)
16-Jul-2026 17:19:49.203 INFO [http-nio-8081-exec-3] org.springframework.web.servlet.handler.SimpleUrlHandlerMapping.registerHandler Mapped URL path [/resources] onto handler 'org.springframework.web.servlet.resource.ResourceHttpRequestHandler#0'
16-Jul-2026 17:19:55.382 INFO [http-nio-8081-exec-4] org.springframework.web.servlet.DispatcherServlet.initServletBean FrameworkServlet 'dispatcher': initialization started
16-Jul-2026 17:19:55.384 INFO [http-nio-8081-exec-4] org.springframework.web.context.support.XmlWebApplicationContext.prepareRefresh Refreshing WebApplicationContext for namespace 'dispatcher-servlet': startup date [Thu Jul 16 17:19:55 IST 2026]; parent: Root WebApplicationContext
16-Jul-2026 17:19:55.410 INFO [http-nio-8081-exec-4] org.springframework.beans.factory.xml.XmlBeanDefinitionReader.loadBeanDefinitions Loading XML bean definitions from URL [file:/C:/Users/sjay8/Downloads/yamuna_fina_project/patratu_fina_project/newwork/newwork/JAVA_2512/JAVA_2512/dist/client/FingerprintClient_IDSL_DEVICEFIX/app/tomcat/webapps/demo/WEB-INF/classes/spring-mvc.xml]
16-Jul-2026 17:19:55.557 INFO [http-nio-8081-exec-4] org.springframework.beans.factory.annotation.AutowiredAnnotationBeanPostProcessor.<init> JSR-330 'javax.inject.Inject' annotation found and supported for autowiring
16-Jul-2026 17:19:55.583 INFO [http-nio-8081-exec-4] org.springframework.web.servlet.mvc.method.annotation.RequestMappingHandlerMapping.registerHandlerMethod Mapped "{[/getUserInfo],methods=[GET],params=[],headers=[],consumes=[],produces=[],custom=[]}" onto public com.timmy.entity.Msg com.timmy.controller.AllController.getUserInfo(java.lang.String)
16-Jul-2026 17:19:55.583 INFO [http-nio-8081-exec-4] org.springframework.web.servlet.mvc.method.annotation.RequestMappingHandlerMapping.registerHandlerMethod Mapped "{[/configureMasterDeviceSync],methods=[GET],params=[],headers=[],consumes=[],produces=[],custom=[]}" onto public com.timmy.entity.Msg com.timmy.controller.AllController.configureMasterDeviceSync(java.lang.String,boolean)
16-Jul-2026 17:19:55.583 INFO [http-nio-8081-exec-4] org.springframework.web.servlet.mvc.method.annotation.RequestMappingHandlerMapping.registerHandlerMethod Mapped "{[/syncUsersByDatabaseAllDevicesStatus],methods=[GET],params=[],headers=[],consumes=[],produces=[],custom=[]}" onto public com.timmy.entity.Msg com.timmy.controller.AllController.syncUsersByDatabaseAllDevicesStatus()
16-Jul-2026 17:19:55.583 INFO [http-nio-8081-exec-4] org.springframework.web.servlet.mvc.method.annotation.RequestMappingHandlerMapping.registerHandlerMethod Mapped "{[/sendGetUserInfo],methods=[],params=[],headers=[],consumes=[],produces=[],custom=[]}" onto public com.timmy.entity.Msg com.timmy.controller.AllController.sendGetUserInfo(int,int,java.lang.String)
16-Jul-2026 17:19:55.584 INFO [http-nio-8081-exec-4] org.springframework.web.servlet.mvc.method.annotation.RequestMappingHandlerMapping.registerHandlerMethod Mapped "{[/setOneUser],methods=[GET],params=[],headers=[],consumes=[],produces=[],custom=[]}" onto public com.timmy.entity.Msg com.timmy.controller.AllController.setOneUserTo(java.lang.Long,int,java.lang.String)
16-Jul-2026 17:19:55.584 INFO [http-nio-8081-exec-4] org.springframework.web.servlet.mvc.method.annotation.RequestMappingHandlerMapping.registerHandlerMethod Mapped "{[/recordsLatest],methods=[],params=[],headers=[],consumes=[],produces=[],custom=[]}" onto public com.timmy.entity.Msg com.timmy.controller.AllController.getLatestLogFromDB(java.lang.Integer,java.lang.String,java.lang.String,java.lang.String,java.lang.String,java.lang.Integer,java.lang.Integer,java.lang.Boolean)
16-Jul-2026 17:19:55.585 INFO [http-nio-8081-exec-4] org.springframework.web.servlet.mvc.method.annotation.RequestMappingHandlerMapping.registerHandlerMethod Mapped "{[/initSystem],methods=[GET],params=[],headers=[],consumes=[],produces=[],custom=[]}" onto public com.timmy.entity.Msg com.timmy.controller.AllController.initSystem(java.lang.String)
16-Jul-2026 17:19:55.585 INFO [http-nio-8081-exec-4] org.springframework.web.servlet.mvc.method.annotation.RequestMappingHandlerMapping.registerHandlerMethod Mapped "{[/records],methods=[],params=[],headers=[],consumes=[],produces=[],custom=[]}" onto public com.timmy.entity.Msg com.timmy.controller.AllController.getAllLogFromDB(java.lang.Integer,java.lang.String,java.lang.Boolean)
16-Jul-2026 17:19:55.585 INFO [http-nio-8081-exec-4] org.springframework.web.servlet.mvc.method.annotation.RequestMappingHandlerMapping.registerHandlerMethod Mapped "{[/emps],methods=[],params=[],headers=[],consumes=[],produces=[],custom=[]}" onto public com.timmy.entity.Msg com.timmy.controller.AllController.getAllPersonFromDB(java.lang.Integer,java.lang.String)
16-Jul-2026 17:19:55.586 INFO [http-nio-8081-exec-4] org.springframework.web.servlet.mvc.method.annotation.RequestMappingHandlerMapping.registerHandlerMethod Mapped "{[/setPersonToDevice],methods=[GET],params=[],headers=[],consumes=[],produces=[],custom=[]}" onto public com.timmy.entity.Msg com.timmy.controller.AllController.sendSetUserInfo(java.lang.String)
16-Jul-2026 17:19:55.586 INFO [http-nio-8081-exec-4] org.springframework.web.servlet.mvc.method.annotation.RequestMappingHandlerMapping.registerHandlerMethod Mapped "{[/getNewLog],methods=[GET],params=[],headers=[],consumes=[],produces=[],custom=[]}" onto public com.timmy.entity.Msg com.timmy.controller.AllController.getNewLog(java.lang.String)
16-Jul-2026 17:19:55.586 INFO [http-nio-8081-exec-4] org.springframework.web.servlet.mvc.method.annotation.RequestMappingHandlerMapping.registerHandlerMethod Mapped "{[/openDoor],methods=[GET],params=[],headers=[],consumes=[],produces=[],custom=[]}" onto public com.timmy.entity.Msg com.timmy.controller.AllController.openDoor(int,java.lang.String)
16-Jul-2026 17:19:55.586 INFO [http-nio-8081-exec-4] org.springframework.web.servlet.mvc.method.annotation.RequestMappingHandlerMapping.registerHandlerMethod Mapped "{[/geUSerLock],methods=[GET],params=[],headers=[],consumes=[],produces=[],custom=[]}" onto public com.timmy.entity.Msg com.timmy.controller.AllController.getUserLock(java.lang.Integer,java.lang.String)
16-Jul-2026 17:19:55.587 INFO [http-nio-8081-exec-4] org.springframework.web.servlet.mvc.method.annotation.RequestMappingHandlerMapping.registerHandlerMethod Mapped "{[/setUserEnable],methods=[GET],params=[],headers=[],consumes=[],produces=[],custom=[]}" onto public com.timmy.entity.Msg com.timmy.controller.AllController.setUserEnable(java.lang.Long,java.lang.Integer,java.lang.String)
16-Jul-2026 17:19:55.587 INFO [http-nio-8081-exec-4] org.springframework.web.servlet.mvc.method.annotation.RequestMappingHandlerMapping.registerHandlerMethod Mapped "{[/cleanAdmin],methods=[GET],params=[],headers=[],consumes=[],produces=[],custom=[]}" onto public com.timmy.entity.Msg com.timmy.controller.AllController.cleanAdmin(java.lang.String)
16-Jul-2026 17:19:55.588 INFO [http-nio-8081-exec-4] org.springframework.web.servlet.mvc.method.annotation.RequestMappingHandlerMapping.registerHandlerMethod Mapped "{[/setUserToAllDevice],methods=[GET],params=[],headers=[],consumes=[],produces=[],custom=[]}" onto public com.timmy.entity.Msg com.timmy.controller.AllController.setUserToAllDevice()
16-Jul-2026 17:19:55.588 INFO [http-nio-8081-exec-4] org.springframework.web.servlet.mvc.method.annotation.RequestMappingHandlerMapping.registerHandlerMethod Mapped "{[/getDevLock],methods=[GET],params=[],headers=[],consumes=[],produces=[],custom=[]}" onto public com.timmy.entity.Msg com.timmy.controller.AllController.getDevLock(java.lang.String)
16-Jul-2026 17:19:55.588 INFO [http-nio-8081-exec-4] org.springframework.web.servlet.mvc.method.annotation.RequestMappingHandlerMapping.registerHandlerMethod Mapped "{[/synchronizeTime],methods=[GET],params=[],headers=[],consumes=[],produces=[],custom=[]}" onto public com.timmy.entity.Msg com.timmy.controller.AllController.synchronizeTime(java.lang.String)
16-Jul-2026 17:19:55.588 INFO [http-nio-8081-exec-4] org.springframework.web.servlet.mvc.method.annotation.RequestMappingHandlerMapping.registerHandlerMethod Mapped "{[/getDeviceInfo],methods=[GET],params=[],headers=[],consumes=[],produces=[],custom=[]}" onto public com.timmy.entity.Msg com.timmy.controller.AllController.getDeviceInfo(java.lang.String)
16-Jul-2026 17:19:55.589 INFO [http-nio-8081-exec-4] org.springframework.web.servlet.mvc.method.annotation.RequestMappingHandlerMapping.registerHandlerMethod Mapped "{[/getAllLog],methods=[GET],params=[],headers=[],consumes=[],produces=[],custom=[]}" onto public com.timmy.entity.Msg com.timmy.controller.AllController.getAllLog(java.lang.String)
16-Jul-2026 17:19:55.589 INFO [http-nio-8081-exec-4] org.springframework.web.servlet.mvc.method.annotation.RequestMappingHandlerMapping.registerHandlerMethod Mapped "{[/hello1],methods=[],params=[],headers=[],consumes=[],produces=[],custom=[]}" onto public java.lang.String com.timmy.controller.AllController.hello()
16-Jul-2026 17:19:55.589 INFO [http-nio-8081-exec-4] org.springframework.web.servlet.mvc.method.annotation.RequestMappingHandlerMapping.registerHandlerMethod Mapped "{[/updateDataPage],methods=[GET],params=[],headers=[],consumes=[],produces=[],custom=[]}" onto public java.lang.String com.timmy.controller.AllController.updateDataPage()
16-Jul-2026 17:19:55.589 INFO [http-nio-8081-exec-4] org.springframework.web.servlet.mvc.method.annotation.RequestMappingHandlerMapping.registerHandlerMethod Mapped "{[/getDeviceInOutMode],methods=[GET],params=[],headers=[],consumes=[],produces=[],custom=[]}" onto public com.timmy.entity.Msg com.timmy.controller.AllController.getDeviceInOutMode(java.lang.String)
16-Jul-2026 17:19:55.589 INFO [http-nio-8081-exec-4] org.springframework.web.servlet.mvc.method.annotation.RequestMappingHandlerMapping.registerHandlerMethod Mapped "{[/sendWs],methods=[GET],params=[],headers=[],consumes=[],produces=[],custom=[]}" onto public com.timmy.entity.Msg com.timmy.controller.AllController.sendWs(java.lang.String)
16-Jul-2026 17:19:55.590 INFO [http-nio-8081-exec-4] org.springframework.web.servlet.mvc.method.annotation.RequestMappingHandlerMapping.registerHandlerMethod Mapped "{[/climsRecordsPage],methods=[GET],params=[],headers=[],consumes=[],produces=[],custom=[]}" onto public java.lang.String com.timmy.controller.AllController.climsRecordsPage()
16-Jul-2026 17:19:55.590 INFO [http-nio-8081-exec-4] org.springframework.web.servlet.mvc.method.annotation.RequestMappingHandlerMapping.registerHandlerMethod Mapped "{[/device],methods=[GET],params=[],headers=[],consumes=[],produces=[],custom=[]}" onto public com.timmy.entity.Msg com.timmy.controller.AllController.getAllDevice()
16-Jul-2026 17:19:55.590 INFO [http-nio-8081-exec-4] org.springframework.web.servlet.mvc.method.annotation.RequestMappingHandlerMapping.registerHandlerMethod Mapped "{[/setDeviceInOutMode],methods=[GET],params=[],headers=[],consumes=[],produces=[],custom=[]}" onto public com.timmy.entity.Msg com.timmy.controller.AllController.setDeviceInOutMode(java.lang.String,java.lang.String,java.lang.Boolean)
16-Jul-2026 17:19:55.592 INFO [http-nio-8081-exec-4] org.springframework.web.servlet.mvc.method.annotation.RequestMappingHandlerMapping.registerHandlerMethod Mapped "{[/addPerson],methods=[POST],params=[],headers=[],consumes=[],produces=[],custom=[]}" onto public com.timmy.entity.Msg com.timmy.controller.AllController.addPerson(com.timmy.entity.PersonTemp,org.springframework.web.multipart.MultipartFile) throws java.lang.Exception
16-Jul-2026 17:19:55.593 INFO [http-nio-8081-exec-4] org.springframework.web.servlet.mvc.method.annotation.RequestMappingHandlerMapping.registerHandlerMethod Mapped "{[/enrollInfo],methods=[GET],params=[],headers=[],consumes=[],produces=[],custom=[]}" onto public com.timmy.entity.Msg com.timmy.controller.AllController.getAllEnrollInfo()
16-Jul-2026 17:19:55.593 INFO [http-nio-8081-exec-4] org.springframework.web.servlet.mvc.method.annotation.RequestMappingHandlerMapping.registerHandlerMethod Mapped "{[/savePerson],methods=[POST],params=[],headers=[],consumes=[],produces=[],custom=[]}" onto public com.timmy.entity.Msg com.timmy.controller.AllController.savePerson(com.timmy.entity.PersonTemp,org.springframework.web.multipart.MultipartFile,java.lang.String,java.lang.String)
16-Jul-2026 17:19:55.594 INFO [http-nio-8081-exec-4] org.springframework.web.servlet.mvc.method.annotation.RequestMappingHandlerMapping.registerHandlerMethod Mapped "{[/personDetail],methods=[GET],params=[],headers=[],consumes=[],produces=[],custom=[]}" onto public com.timmy.entity.Msg com.timmy.controller.AllController.personDetail(java.lang.Long)
16-Jul-2026 17:19:55.594 INFO [http-nio-8081-exec-4] org.springframework.web.servlet.mvc.method.annotation.RequestMappingHandlerMapping.registerHandlerMethod Mapped "{[/schedulerDailyStatus],methods=[GET],params=[],headers=[],consumes=[],produces=[],custom=[]}" onto public com.timmy.entity.Msg com.timmy.controller.AllController.schedulerDailyStatus(java.lang.Integer,java.lang.Integer,java.lang.Integer)
16-Jul-2026 17:19:55.594 INFO [http-nio-8081-exec-4] org.springframework.web.servlet.mvc.method.annotation.RequestMappingHandlerMapping.registerHandlerMethod Mapped "{[/schedulerStatusPage],methods=[GET],params=[],headers=[],consumes=[],produces=[],custom=[]}" onto public java.lang.String com.timmy.controller.AllController.schedulerStatusPage()
16-Jul-2026 17:19:55.595 INFO [http-nio-8081-exec-4] org.springframework.web.servlet.mvc.method.annotation.RequestMappingHandlerMapping.registerHandlerMethod Mapped "{[/setUserToAllDeviceStatus],methods=[GET],params=[],headers=[],consumes=[],produces=[],custom=[]}" onto public com.timmy.entity.Msg com.timmy.controller.AllController.setUserToAllDeviceStatus()
16-Jul-2026 17:19:55.595 INFO [http-nio-8081-exec-4] org.springframework.web.servlet.mvc.method.annotation.RequestMappingHandlerMapping.registerHandlerMethod Mapped "{[/syncUsersStatusByUpdDateAllDevices],methods=[GET],params=[],headers=[],consumes=[],produces=[],custom=[]}" onto public com.timmy.entity.Msg com.timmy.controller.AllController.syncUsersStatusByUpdDateAllDevices(java.lang.String)
16-Jul-2026 17:19:55.595 INFO [http-nio-8081-exec-4] org.springframework.web.servlet.mvc.method.annotation.RequestMappingHandlerMapping.registerHandlerMethod Mapped "{[/deletePersonFromDevice],methods=[GET],params=[],headers=[],consumes=[],produces=[],custom=[]}" onto public com.timmy.entity.Msg com.timmy.controller.AllController.deleteDeviceUserInfo(java.lang.Long,java.lang.String)
16-Jul-2026 17:19:55.595 INFO [http-nio-8081-exec-4] org.springframework.web.servlet.mvc.method.annotation.RequestMappingHandlerMapping.registerHandlerMethod Mapped "{[/syncUsernameDeltaAllDevices],methods=[GET],params=[],headers=[],consumes=[],produces=[],custom=[]}" onto public com.timmy.entity.Msg com.timmy.controller.AllController.syncUsernameDeltaAllDevices()
16-Jul-2026 17:19:55.596 INFO [http-nio-8081-exec-4] org.springframework.web.servlet.mvc.method.annotation.RequestMappingHandlerMapping.registerHandlerMethod Mapped "{[/syncUsersByDatabaseAllDevices],methods=[GET],params=[],headers=[],consumes=[],produces=[],custom=[]}" onto public com.timmy.entity.Msg com.timmy.controller.AllController.syncUsersByDatabaseAllDevices()
16-Jul-2026 17:19:55.596 INFO [http-nio-8081-exec-4] org.springframework.web.servlet.mvc.method.annotation.RequestMappingHandlerMapping.registerHandlerMethod Mapped "{[/masterDeviceSyncStatus],methods=[GET],params=[],headers=[],consumes=[],produces=[],custom=[]}" onto public com.timmy.entity.Msg com.timmy.controller.AllController.masterDeviceSyncStatus()
16-Jul-2026 17:19:55.597 INFO [http-nio-8081-exec-4] org.springframework.web.servlet.mvc.method.annotation.RequestMappingHandlerMapping.registerHandlerMethod Mapped "{[/onlineDevicesForDirectUserSend],methods=[GET],params=[],headers=[],consumes=[],produces=[],custom=[]}" onto public com.timmy.entity.Msg com.timmy.controller.AllController.onlineDevicesForDirectUserSend()
16-Jul-2026 17:19:55.597 INFO [http-nio-8081-exec-4] org.springframework.web.servlet.mvc.method.annotation.RequestMappingHandlerMapping.registerHandlerMethod Mapped "{[/setUsernameToDevice],methods=[GET],params=[],headers=[],consumes=[],produces=[],custom=[]}" onto public com.timmy.entity.Msg com.timmy.controller.AllController.setUsernameToDevice(java.lang.String)
16-Jul-2026 17:19:55.597 INFO [http-nio-8081-exec-4] org.springframework.web.servlet.mvc.method.annotation.RequestMappingHandlerMapping.registerHandlerMethod Mapped "{[/syncUsernameDeltaAllDevicesStatus],methods=[GET],params=[],headers=[],consumes=[],produces=[],custom=[]}" onto public com.timmy.entity.Msg com.timmy.controller.AllController.syncUsernameDeltaAllDevicesStatus()
16-Jul-2026 17:19:55.597 INFO [http-nio-8081-exec-4] org.springframework.web.servlet.mvc.method.annotation.RequestMappingHandlerMapping.registerHandlerMethod Mapped "{[/syncInactiveUsersDisableAllDevices],methods=[GET],params=[],headers=[],consumes=[],produces=[],custom=[]}" onto public com.timmy.entity.Msg com.timmy.controller.AllController.syncInactiveUsersDisableAllDevices()
16-Jul-2026 17:19:55.598 INFO [http-nio-8081-exec-4] org.springframework.web.servlet.mvc.method.annotation.RequestMappingHandlerMapping.registerHandlerMethod Mapped "{[/syncUsersStatusAllDevices],methods=[GET],params=[],headers=[],consumes=[],produces=[],custom=[]}" onto public com.timmy.entity.Msg com.timmy.controller.AllController.syncUsersStatusAllDevices()
16-Jul-2026 17:19:55.598 INFO [http-nio-8081-exec-4] org.springframework.web.servlet.mvc.method.annotation.RequestMappingHandlerMapping.registerHandlerMethod Mapped "{[/syncUsersDeleteByDelDateAllDevices],methods=[GET],params=[],headers=[],consumes=[],produces=[],custom=[]}" onto public com.timmy.entity.Msg com.timmy.controller.AllController.syncUsersDeleteByDelDateAllDevices(java.lang.String)
16-Jul-2026 17:19:55.598 INFO [http-nio-8081-exec-4] org.springframework.web.servlet.mvc.method.annotation.RequestMappingHandlerMapping.registerHandlerMethod Mapped "{[/syncUserByDatabaseStatus],methods=[GET],params=[],headers=[],consumes=[],produces=[],custom=[]}" onto public com.timmy.entity.Msg com.timmy.controller.AllController.syncUserByDatabaseStatus(java.lang.Long)
16-Jul-2026 17:19:55.599 INFO [http-nio-8081-exec-4] org.springframework.web.servlet.mvc.method.annotation.RequestMappingHandlerMapping.registerHandlerMethod Mapped "{[/deleteUserFromAllDevices],methods=[GET],params=[],headers=[],consumes=[],produces=[],custom=[]}" onto public com.timmy.entity.Msg com.timmy.controller.AllController.deleteUserFromAllDevices(java.lang.Long)
16-Jul-2026 17:19:55.599 INFO [http-nio-8081-exec-4] org.springframework.web.servlet.mvc.method.annotation.RequestMappingHandlerMapping.registerHandlerMethod Mapped "{[/syncMasterDeviceFullToAll],methods=[GET],params=[],headers=[],consumes=[],produces=[],custom=[]}" onto public com.timmy.entity.Msg com.timmy.controller.AllController.syncMasterDeviceFullToAll(java.lang.String,boolean)
16-Jul-2026 17:19:55.599 INFO [http-nio-8081-exec-4] org.springframework.web.servlet.mvc.method.annotation.RequestMappingHandlerMapping.registerHandlerMethod Mapped "{[/climsRecords],methods=[],params=[],headers=[],consumes=[],produces=[],custom=[]}" onto public com.timmy.entity.Msg com.timmy.controller.AllController.getAllClimsLogFromDB(java.lang.Integer,java.lang.String,java.lang.String,java.lang.Boolean)
16-Jul-2026 17:19:55.599 INFO [http-nio-8081-exec-4] org.springframework.web.servlet.mvc.method.annotation.RequestMappingHandlerMapping.registerHandlerMethod Mapped "{[/directSendUsersToSelectedDevices],methods=[GET],params=[],headers=[],consumes=[],produces=[],custom=[]}" onto public com.timmy.entity.Msg com.timmy.controller.AllController.directSendUsersToSelectedDevices(java.lang.String,java.lang.String)
16-Jul-2026 17:19:55.600 INFO [http-nio-8081-exec-4] org.springframework.web.servlet.mvc.method.annotation.RequestMappingHandlerMapping.registerHandlerMethod Mapped "{[/login],methods=[GET],params=[],headers=[],consumes=[],produces=[],custom=[]}" onto public java.lang.String com.timmy.controller.AuthController.loginPage(javax.servlet.http.HttpSession)
16-Jul-2026 17:19:55.601 INFO [http-nio-8081-exec-4] org.springframework.web.servlet.mvc.method.annotation.RequestMappingHandlerMapping.registerHandlerMethod Mapped "{[/logout],methods=[GET],params=[],headers=[],consumes=[],produces=[],custom=[]}" onto public java.lang.String com.timmy.controller.AuthController.logout(javax.servlet.http.HttpSession)
16-Jul-2026 17:19:55.601 INFO [http-nio-8081-exec-4] org.springframework.web.servlet.mvc.method.annotation.RequestMappingHandlerMapping.registerHandlerMethod Mapped "{[/login],methods=[POST],params=[],headers=[],consumes=[],produces=[],custom=[]}" onto public java.lang.String com.timmy.controller.AuthController.login(java.lang.String,java.lang.String,javax.servlet.http.HttpSession)
16-Jul-2026 17:19:55.684 INFO [http-nio-8081-exec-4] org.springframework.web.servlet.handler.SimpleUrlHandlerMapping.registerHandler Mapped URL path [/resources] onto handler 'org.springframework.web.servlet.resource.ResourceHttpRequestHandler#0'
16-Jul-2026 17:20:04.478 INFO [http-nio-8081-exec-7] org.springframework.web.servlet.DispatcherServlet.initServletBean FrameworkServlet 'dispatcher': initialization started
16-Jul-2026 17:20:04.480 INFO [http-nio-8081-exec-7] org.springframework.web.context.support.XmlWebApplicationContext.prepareRefresh Refreshing WebApplicationContext for namespace 'dispatcher-servlet': startup date [Thu Jul 16 17:20:04 IST 2026]; parent: Root WebApplicationContext
16-Jul-2026 17:20:04.505 INFO [http-nio-8081-exec-7] org.springframework.beans.factory.xml.XmlBeanDefinitionReader.loadBeanDefinitions Loading XML bean definitions from URL [file:/C:/Users/sjay8/Downloads/yamuna_fina_project/patratu_fina_project/newwork/newwork/JAVA_2512/JAVA_2512/dist/client/FingerprintClient_IDSL_DEVICEFIX/app/tomcat/webapps/demo/WEB-INF/classes/spring-mvc.xml]
16-Jul-2026 17:20:04.679 INFO [http-nio-8081-exec-7] org.springframework.beans.factory.annotation.AutowiredAnnotationBeanPostProcessor.<init> JSR-330 'javax.inject.Inject' annotation found and supported for autowiring
16-Jul-2026 17:20:04.707 INFO [http-nio-8081-exec-7] org.springframework.web.servlet.mvc.method.annotation.RequestMappingHandlerMapping.registerHandlerMethod Mapped "{[/getUserInfo],methods=[GET],params=[],headers=[],consumes=[],produces=[],custom=[]}" onto public com.timmy.entity.Msg com.timmy.controller.AllController.getUserInfo(java.lang.String)
16-Jul-2026 17:20:04.708 INFO [http-nio-8081-exec-7] org.springframework.web.servlet.mvc.method.annotation.RequestMappingHandlerMapping.registerHandlerMethod Mapped "{[/configureMasterDeviceSync],methods=[GET],params=[],headers=[],consumes=[],produces=[],custom=[]}" onto public com.timmy.entity.Msg com.timmy.controller.AllController.configureMasterDeviceSync(java.lang.String,boolean)
16-Jul-2026 17:20:04.710 INFO [http-nio-8081-exec-7] org.springframework.web.servlet.mvc.method.annotation.RequestMappingHandlerMapping.registerHandlerMethod Mapped "{[/syncUsersByDatabaseAllDevicesStatus],methods=[GET],params=[],headers=[],consumes=[],produces=[],custom=[]}" onto public com.timmy.entity.Msg com.timmy.controller.AllController.syncUsersByDatabaseAllDevicesStatus()
16-Jul-2026 17:20:04.710 INFO [http-nio-8081-exec-7] org.springframework.web.servlet.mvc.method.annotation.RequestMappingHandlerMapping.registerHandlerMethod Mapped "{[/sendGetUserInfo],methods=[],params=[],headers=[],consumes=[],produces=[],custom=[]}" onto public com.timmy.entity.Msg com.timmy.controller.AllController.sendGetUserInfo(int,int,java.lang.String)
16-Jul-2026 17:20:04.710 INFO [http-nio-8081-exec-7] org.springframework.web.servlet.mvc.method.annotation.RequestMappingHandlerMapping.registerHandlerMethod Mapped "{[/setOneUser],methods=[GET],params=[],headers=[],consumes=[],produces=[],custom=[]}" onto public com.timmy.entity.Msg com.timmy.controller.AllController.setOneUserTo(java.lang.Long,int,java.lang.String)
16-Jul-2026 17:20:04.711 INFO [http-nio-8081-exec-7] org.springframework.web.servlet.mvc.method.annotation.RequestMappingHandlerMapping.registerHandlerMethod Mapped "{[/recordsLatest],methods=[],params=[],headers=[],consumes=[],produces=[],custom=[]}" onto public com.timmy.entity.Msg com.timmy.controller.AllController.getLatestLogFromDB(java.lang.Integer,java.lang.String,java.lang.String,java.lang.String,java.lang.String,java.lang.Integer,java.lang.Integer,java.lang.Boolean)
16-Jul-2026 17:20:04.711 INFO [http-nio-8081-exec-7] org.springframework.web.servlet.mvc.method.annotation.RequestMappingHandlerMapping.registerHandlerMethod Mapped "{[/initSystem],methods=[GET],params=[],headers=[],consumes=[],produces=[],custom=[]}" onto public com.timmy.entity.Msg com.timmy.controller.AllController.initSystem(java.lang.String)
16-Jul-2026 17:20:04.711 INFO [http-nio-8081-exec-7] org.springframework.web.servlet.mvc.method.annotation.RequestMappingHandlerMapping.registerHandlerMethod Mapped "{[/records],methods=[],params=[],headers=[],consumes=[],produces=[],custom=[]}" onto public com.timmy.entity.Msg com.timmy.controller.AllController.getAllLogFromDB(java.lang.Integer,java.lang.String,java.lang.Boolean)
16-Jul-2026 17:20:04.712 INFO [http-nio-8081-exec-7] org.springframework.web.servlet.mvc.method.annotation.RequestMappingHandlerMapping.registerHandlerMethod Mapped "{[/emps],methods=[],params=[],headers=[],consumes=[],produces=[],custom=[]}" onto public com.timmy.entity.Msg com.timmy.controller.AllController.getAllPersonFromDB(java.lang.Integer,java.lang.String)
16-Jul-2026 17:20:04.712 INFO [http-nio-8081-exec-7] org.springframework.web.servlet.mvc.method.annotation.RequestMappingHandlerMapping.registerHandlerMethod Mapped "{[/setPersonToDevice],methods=[GET],params=[],headers=[],consumes=[],produces=[],custom=[]}" onto public com.timmy.entity.Msg com.timmy.controller.AllController.sendSetUserInfo(java.lang.String)
16-Jul-2026 17:20:04.712 INFO [http-nio-8081-exec-7] org.springframework.web.servlet.mvc.method.annotation.RequestMappingHandlerMapping.registerHandlerMethod Mapped "{[/getNewLog],methods=[GET],params=[],headers=[],consumes=[],produces=[],custom=[]}" onto public com.timmy.entity.Msg com.timmy.controller.AllController.getNewLog(java.lang.String)
16-Jul-2026 17:20:04.712 INFO [http-nio-8081-exec-7] org.springframework.web.servlet.mvc.method.annotation.RequestMappingHandlerMapping.registerHandlerMethod Mapped "{[/openDoor],methods=[GET],params=[],headers=[],consumes=[],produces=[],custom=[]}" onto public com.timmy.entity.Msg com.timmy.controller.AllController.openDoor(int,java.lang.String)
16-Jul-2026 17:20:04.713 INFO [http-nio-8081-exec-7] org.springframework.web.servlet.mvc.method.annotation.RequestMappingHandlerMapping.registerHandlerMethod Mapped "{[/geUSerLock],methods=[GET],params=[],headers=[],consumes=[],produces=[],custom=[]}" onto public com.timmy.entity.Msg com.timmy.controller.AllController.getUserLock(java.lang.Integer,java.lang.String)
16-Jul-2026 17:20:04.713 INFO [http-nio-8081-exec-7] org.springframework.web.servlet.mvc.method.annotation.RequestMappingHandlerMapping.registerHandlerMethod Mapped "{[/setUserEnable],methods=[GET],params=[],headers=[],consumes=[],produces=[],custom=[]}" onto public com.timmy.entity.Msg com.timmy.controller.AllController.setUserEnable(java.lang.Long,java.lang.Integer,java.lang.String)
16-Jul-2026 17:20:04.713 INFO [http-nio-8081-exec-7] org.springframework.web.servlet.mvc.method.annotation.RequestMappingHandlerMapping.registerHandlerMethod Mapped "{[/cleanAdmin],methods=[GET],params=[],headers=[],consumes=[],produces=[],custom=[]}" onto public com.timmy.entity.Msg com.timmy.controller.AllController.cleanAdmin(java.lang.String)
16-Jul-2026 17:20:04.713 INFO [http-nio-8081-exec-7] org.springframework.web.servlet.mvc.method.annotation.RequestMappingHandlerMapping.registerHandlerMethod Mapped "{[/setUserToAllDevice],methods=[GET],params=[],headers=[],consumes=[],produces=[],custom=[]}" onto public com.timmy.entity.Msg com.timmy.controller.AllController.setUserToAllDevice()
16-Jul-2026 17:20:04.714 INFO [http-nio-8081-exec-7] org.springframework.web.servlet.mvc.method.annotation.RequestMappingHandlerMapping.registerHandlerMethod Mapped "{[/getDevLock],methods=[GET],params=[],headers=[],consumes=[],produces=[],custom=[]}" onto public com.timmy.entity.Msg com.timmy.controller.AllController.getDevLock(java.lang.String)
16-Jul-2026 17:20:04.714 INFO [http-nio-8081-exec-7] org.springframework.web.servlet.mvc.method.annotation.RequestMappingHandlerMapping.registerHandlerMethod Mapped "{[/synchronizeTime],methods=[GET],params=[],headers=[],consumes=[],produces=[],custom=[]}" onto public com.timmy.entity.Msg com.timmy.controller.AllController.synchronizeTime(java.lang.String)
16-Jul-2026 17:20:04.714 INFO [http-nio-8081-exec-7] org.springframework.web.servlet.mvc.method.annotation.RequestMappingHandlerMapping.registerHandlerMethod Mapped "{[/getDeviceInfo],methods=[GET],params=[],headers=[],consumes=[],produces=[],custom=[]}" onto public com.timmy.entity.Msg com.timmy.controller.AllController.getDeviceInfo(java.lang.String)
16-Jul-2026 17:20:04.715 INFO [http-nio-8081-exec-7] org.springframework.web.servlet.mvc.method.annotation.RequestMappingHandlerMapping.registerHandlerMethod Mapped "{[/getAllLog],methods=[GET],params=[],headers=[],consumes=[],produces=[],custom=[]}" onto public com.timmy.entity.Msg com.timmy.controller.AllController.getAllLog(java.lang.String)
16-Jul-2026 17:20:04.715 INFO [http-nio-8081-exec-7] org.springframework.web.servlet.mvc.method.annotation.RequestMappingHandlerMapping.registerHandlerMethod Mapped "{[/hello1],methods=[],params=[],headers=[],consumes=[],produces=[],custom=[]}" onto public java.lang.String com.timmy.controller.AllController.hello()
16-Jul-2026 17:20:04.715 INFO [http-nio-8081-exec-7] org.springframework.web.servlet.mvc.method.annotation.RequestMappingHandlerMapping.registerHandlerMethod Mapped "{[/updateDataPage],methods=[GET],params=[],headers=[],consumes=[],produces=[],custom=[]}" onto public java.lang.String com.timmy.controller.AllController.updateDataPage()
16-Jul-2026 17:20:04.715 INFO [http-nio-8081-exec-7] org.springframework.web.servlet.mvc.method.annotation.RequestMappingHandlerMapping.registerHandlerMethod Mapped "{[/getDeviceInOutMode],methods=[GET],params=[],headers=[],consumes=[],produces=[],custom=[]}" onto public com.timmy.entity.Msg com.timmy.controller.AllController.getDeviceInOutMode(java.lang.String)
16-Jul-2026 17:20:04.716 INFO [http-nio-8081-exec-7] org.springframework.web.servlet.mvc.method.annotation.RequestMappingHandlerMapping.registerHandlerMethod Mapped "{[/sendWs],methods=[GET],params=[],headers=[],consumes=[],produces=[],custom=[]}" onto public com.timmy.entity.Msg com.timmy.controller.AllController.sendWs(java.lang.String)
16-Jul-2026 17:20:04.716 INFO [http-nio-8081-exec-7] org.springframework.web.servlet.mvc.method.annotation.RequestMappingHandlerMapping.registerHandlerMethod Mapped "{[/climsRecordsPage],methods=[GET],params=[],headers=[],consumes=[],produces=[],custom=[]}" onto public java.lang.String com.timmy.controller.AllController.climsRecordsPage()
16-Jul-2026 17:20:04.716 INFO [http-nio-8081-exec-7] org.springframework.web.servlet.mvc.method.annotation.RequestMappingHandlerMapping.registerHandlerMethod Mapped "{[/device],methods=[GET],params=[],headers=[],consumes=[],produces=[],custom=[]}" onto public com.timmy.entity.Msg com.timmy.controller.AllController.getAllDevice()
16-Jul-2026 17:20:04.717 INFO [http-nio-8081-exec-7] org.springframework.web.servlet.mvc.method.annotation.RequestMappingHandlerMapping.registerHandlerMethod Mapped "{[/setDeviceInOutMode],methods=[GET],params=[],headers=[],consumes=[],produces=[],custom=[]}" onto public com.timmy.entity.Msg com.timmy.controller.AllController.setDeviceInOutMode(java.lang.String,java.lang.String,java.lang.Boolean)
16-Jul-2026 17:20:04.717 INFO [http-nio-8081-exec-7] org.springframework.web.servlet.mvc.method.annotation.RequestMappingHandlerMapping.registerHandlerMethod Mapped "{[/addPerson],methods=[POST],params=[],headers=[],consumes=[],produces=[],custom=[]}" onto public com.timmy.entity.Msg com.timmy.controller.AllController.addPerson(com.timmy.entity.PersonTemp,org.springframework.web.multipart.MultipartFile) throws java.lang.Exception
16-Jul-2026 17:20:04.717 INFO [http-nio-8081-exec-7] org.springframework.web.servlet.mvc.method.annotation.RequestMappingHandlerMapping.registerHandlerMethod Mapped "{[/enrollInfo],methods=[GET],params=[],headers=[],consumes=[],produces=[],custom=[]}" onto public com.timmy.entity.Msg com.timmy.controller.AllController.getAllEnrollInfo()
16-Jul-2026 17:20:04.717 INFO [http-nio-8081-exec-7] org.springframework.web.servlet.mvc.method.annotation.RequestMappingHandlerMapping.registerHandlerMethod Mapped "{[/savePerson],methods=[POST],params=[],headers=[],consumes=[],produces=[],custom=[]}" onto public com.timmy.entity.Msg com.timmy.controller.AllController.savePerson(com.timmy.entity.PersonTemp,org.springframework.web.multipart.MultipartFile,java.lang.String,java.lang.String)
16-Jul-2026 17:20:04.718 INFO [http-nio-8081-exec-7] org.springframework.web.servlet.mvc.method.annotation.RequestMappingHandlerMapping.registerHandlerMethod Mapped "{[/personDetail],methods=[GET],params=[],headers=[],consumes=[],produces=[],custom=[]}" onto public com.timmy.entity.Msg com.timmy.controller.AllController.personDetail(java.lang.Long)
16-Jul-2026 17:20:04.718 INFO [http-nio-8081-exec-7] org.springframework.web.servlet.mvc.method.annotation.RequestMappingHandlerMapping.registerHandlerMethod Mapped "{[/schedulerDailyStatus],methods=[GET],params=[],headers=[],consumes=[],produces=[],custom=[]}" onto public com.timmy.entity.Msg com.timmy.controller.AllController.schedulerDailyStatus(java.lang.Integer,java.lang.Integer,java.lang.Integer)
16-Jul-2026 17:20:04.718 INFO [http-nio-8081-exec-7] org.springframework.web.servlet.mvc.method.annotation.RequestMappingHandlerMapping.registerHandlerMethod Mapped "{[/schedulerStatusPage],methods=[GET],params=[],headers=[],consumes=[],produces=[],custom=[]}" onto public java.lang.String com.timmy.controller.AllController.schedulerStatusPage()
16-Jul-2026 17:20:04.718 INFO [http-nio-8081-exec-7] org.springframework.web.servlet.mvc.method.annotation.RequestMappingHandlerMapping.registerHandlerMethod Mapped "{[/setUserToAllDeviceStatus],methods=[GET],params=[],headers=[],consumes=[],produces=[],custom=[]}" onto public com.timmy.entity.Msg com.timmy.controller.AllController.setUserToAllDeviceStatus()
16-Jul-2026 17:20:04.719 INFO [http-nio-8081-exec-7] org.springframework.web.servlet.mvc.method.annotation.RequestMappingHandlerMapping.registerHandlerMethod Mapped "{[/syncUsersStatusByUpdDateAllDevices],methods=[GET],params=[],headers=[],consumes=[],produces=[],custom=[]}" onto public com.timmy.entity.Msg com.timmy.controller.AllController.syncUsersStatusByUpdDateAllDevices(java.lang.String)
16-Jul-2026 17:20:04.719 INFO [http-nio-8081-exec-7] org.springframework.web.servlet.mvc.method.annotation.RequestMappingHandlerMapping.registerHandlerMethod Mapped "{[/deletePersonFromDevice],methods=[GET],params=[],headers=[],consumes=[],produces=[],custom=[]}" onto public com.timmy.entity.Msg com.timmy.controller.AllController.deleteDeviceUserInfo(java.lang.Long,java.lang.String)
16-Jul-2026 17:20:04.719 INFO [http-nio-8081-exec-7] org.springframework.web.servlet.mvc.method.annotation.RequestMappingHandlerMapping.registerHandlerMethod Mapped "{[/syncUsernameDeltaAllDevices],methods=[GET],params=[],headers=[],consumes=[],produces=[],custom=[]}" onto public com.timmy.entity.Msg com.timmy.controller.AllController.syncUsernameDeltaAllDevices()
16-Jul-2026 17:20:04.719 INFO [http-nio-8081-exec-7] org.springframework.web.servlet.mvc.method.annotation.RequestMappingHandlerMapping.registerHandlerMethod Mapped "{[/syncUsersByDatabaseAllDevices],methods=[GET],params=[],headers=[],consumes=[],produces=[],custom=[]}" onto public com.timmy.entity.Msg com.timmy.controller.AllController.syncUsersByDatabaseAllDevices()
16-Jul-2026 17:20:04.720 INFO [http-nio-8081-exec-7] org.springframework.web.servlet.mvc.method.annotation.RequestMappingHandlerMapping.registerHandlerMethod Mapped "{[/masterDeviceSyncStatus],methods=[GET],params=[],headers=[],consumes=[],produces=[],custom=[]}" onto public com.timmy.entity.Msg com.timmy.controller.AllController.masterDeviceSyncStatus()
16-Jul-2026 17:20:04.720 INFO [http-nio-8081-exec-7] org.springframework.web.servlet.mvc.method.annotation.RequestMappingHandlerMapping.registerHandlerMethod Mapped "{[/onlineDevicesForDirectUserSend],methods=[GET],params=[],headers=[],consumes=[],produces=[],custom=[]}" onto public com.timmy.entity.Msg com.timmy.controller.AllController.onlineDevicesForDirectUserSend()
16-Jul-2026 17:20:04.720 INFO [http-nio-8081-exec-7] org.springframework.web.servlet.mvc.method.annotation.RequestMappingHandlerMapping.registerHandlerMethod Mapped "{[/setUsernameToDevice],methods=[GET],params=[],headers=[],consumes=[],produces=[],custom=[]}" onto public com.timmy.entity.Msg com.timmy.controller.AllController.setUsernameToDevice(java.lang.String)
16-Jul-2026 17:20:04.720 INFO [http-nio-8081-exec-7] org.springframework.web.servlet.mvc.method.annotation.RequestMappingHandlerMapping.registerHandlerMethod Mapped "{[/syncUsernameDeltaAllDevicesStatus],methods=[GET],params=[],headers=[],consumes=[],produces=[],custom=[]}" onto public com.timmy.entity.Msg com.timmy.controller.AllController.syncUsernameDeltaAllDevicesStatus()
16-Jul-2026 17:20:04.721 INFO [http-nio-8081-exec-7] org.springframework.web.servlet.mvc.method.annotation.RequestMappingHandlerMapping.registerHandlerMethod Mapped "{[/syncInactiveUsersDisableAllDevices],methods=[GET],params=[],headers=[],consumes=[],produces=[],custom=[]}" onto public com.timmy.entity.Msg com.timmy.controller.AllController.syncInactiveUsersDisableAllDevices()
16-Jul-2026 17:20:04.721 INFO [http-nio-8081-exec-7] org.springframework.web.servlet.mvc.method.annotation.RequestMappingHandlerMapping.registerHandlerMethod Mapped "{[/syncUsersStatusAllDevices],methods=[GET],params=[],headers=[],consumes=[],produces=[],custom=[]}" onto public com.timmy.entity.Msg com.timmy.controller.AllController.syncUsersStatusAllDevices()
16-Jul-2026 17:20:04.721 INFO [http-nio-8081-exec-7] org.springframework.web.servlet.mvc.method.annotation.RequestMappingHandlerMapping.registerHandlerMethod Mapped "{[/syncUsersDeleteByDelDateAllDevices],methods=[GET],params=[],headers=[],consumes=[],produces=[],custom=[]}" onto public com.timmy.entity.Msg com.timmy.controller.AllController.syncUsersDeleteByDelDateAllDevices(java.lang.String)
16-Jul-2026 17:20:04.721 INFO [http-nio-8081-exec-7] org.springframework.web.servlet.mvc.method.annotation.RequestMappingHandlerMapping.registerHandlerMethod Mapped "{[/syncUserByDatabaseStatus],methods=[GET],params=[],headers=[],consumes=[],produces=[],custom=[]}" onto public com.timmy.entity.Msg com.timmy.controller.AllController.syncUserByDatabaseStatus(java.lang.Long)
16-Jul-2026 17:20:04.722 INFO [http-nio-8081-exec-7] org.springframework.web.servlet.mvc.method.annotation.RequestMappingHandlerMapping.registerHandlerMethod Mapped "{[/deleteUserFromAllDevices],methods=[GET],params=[],headers=[],consumes=[],produces=[],custom=[]}" onto public com.timmy.entity.Msg com.timmy.controller.AllController.deleteUserFromAllDevices(java.lang.Long)
16-Jul-2026 17:20:04.722 INFO [http-nio-8081-exec-7] org.springframework.web.servlet.mvc.method.annotation.RequestMappingHandlerMapping.registerHandlerMethod Mapped "{[/syncMasterDeviceFullToAll],methods=[GET],params=[],headers=[],consumes=[],produces=[],custom=[]}" onto public com.timmy.entity.Msg com.timmy.controller.AllController.syncMasterDeviceFullToAll(java.lang.String,boolean)
16-Jul-2026 17:20:04.722 INFO [http-nio-8081-exec-7] org.springframework.web.servlet.mvc.method.annotation.RequestMappingHandlerMapping.registerHandlerMethod Mapped "{[/climsRecords],methods=[],params=[],headers=[],consumes=[],produces=[],custom=[]}" onto public com.timmy.entity.Msg com.timmy.controller.AllController.getAllClimsLogFromDB(java.lang.Integer,java.lang.String,java.lang.String,java.lang.Boolean)
16-Jul-2026 17:20:04.723 INFO [http-nio-8081-exec-7] org.springframework.web.servlet.mvc.method.annotation.RequestMappingHandlerMapping.registerHandlerMethod Mapped "{[/directSendUsersToSelectedDevices],methods=[GET],params=[],headers=[],consumes=[],produces=[],custom=[]}" onto public com.timmy.entity.Msg com.timmy.controller.AllController.directSendUsersToSelectedDevices(java.lang.String,java.lang.String)
16-Jul-2026 17:20:04.723 INFO [http-nio-8081-exec-7] org.springframework.web.servlet.mvc.method.annotation.RequestMappingHandlerMapping.registerHandlerMethod Mapped "{[/login],methods=[GET],params=[],headers=[],consumes=[],produces=[],custom=[]}" onto public java.lang.String com.timmy.controller.AuthController.loginPage(javax.servlet.http.HttpSession)
16-Jul-2026 17:20:04.723 INFO [http-nio-8081-exec-7] org.springframework.web.servlet.mvc.method.annotation.RequestMappingHandlerMapping.registerHandlerMethod Mapped "{[/logout],methods=[GET],params=[],headers=[],consumes=[],produces=[],custom=[]}" onto public java.lang.String com.timmy.controller.AuthController.logout(javax.servlet.http.HttpSession)
16-Jul-2026 17:20:04.723 INFO [http-nio-8081-exec-7] org.springframework.web.servlet.mvc.method.annotation.RequestMappingHandlerMapping.registerHandlerMethod Mapped "{[/login],methods=[POST],params=[],headers=[],consumes=[],produces=[],custom=[]}" onto public java.lang.String com.timmy.controller.AuthController.login(java.lang.String,java.lang.String,javax.servlet.http.HttpSession)
16-Jul-2026 17:20:04.858 INFO [http-nio-8081-exec-7] org.springframework.web.servlet.handler.SimpleUrlHandlerMapping.registerHandler Mapped URL path [/resources] onto handler 'org.springframework.web.servlet.resource.ResourceHttpRequestHandler#0'
16-Jul-2026 17:21:54.779 INFO [http-nio-8081-exec-1] org.springframework.web.servlet.DispatcherServlet.initServletBean FrameworkServlet 'dispatcher': initialization started
16-Jul-2026 17:21:54.786 INFO [http-nio-8081-exec-1] org.springframework.web.context.support.XmlWebApplicationContext.prepareRefresh Refreshing WebApplicationContext for namespace 'dispatcher-servlet': startup date [Thu Jul 16 17:21:54 IST 2026]; parent: Root WebApplicationContext
16-Jul-2026 17:21:54.863 INFO [http-nio-8081-exec-1] org.springframework.beans.factory.xml.XmlBeanDefinitionReader.loadBeanDefinitions Loading XML bean definitions from URL [file:/C:/Users/sjay8/Downloads/yamuna_fina_project/patratu_fina_project/newwork/newwork/JAVA_2512/JAVA_2512/dist/client/FingerprintClient_IDSL_DEVICEFIX/app/tomcat/webapps/demo/WEB-INF/classes/spring-mvc.xml]
16-Jul-2026 17:21:55.083 INFO [http-nio-8081-exec-1] org.springframework.beans.factory.annotation.AutowiredAnnotationBeanPostProcessor.<init> JSR-330 'javax.inject.Inject' annotation found and supported for autowiring
16-Jul-2026 17:21:55.119 INFO [http-nio-8081-exec-1] org.springframework.web.servlet.mvc.method.annotation.RequestMappingHandlerMapping.registerHandlerMethod Mapped "{[/getUserInfo],methods=[GET],params=[],headers=[],consumes=[],produces=[],custom=[]}" onto public com.timmy.entity.Msg com.timmy.controller.AllController.getUserInfo(java.lang.String)
16-Jul-2026 17:21:55.121 INFO [http-nio-8081-exec-1] org.springframework.web.servlet.mvc.method.annotation.RequestMappingHandlerMapping.registerHandlerMethod Mapped "{[/configureMasterDeviceSync],methods=[GET],params=[],headers=[],consumes=[],produces=[],custom=[]}" onto public com.timmy.entity.Msg com.timmy.controller.AllController.configureMasterDeviceSync(java.lang.String,boolean)
16-Jul-2026 17:21:55.121 INFO [http-nio-8081-exec-1] org.springframework.web.servlet.mvc.method.annotation.RequestMappingHandlerMapping.registerHandlerMethod Mapped "{[/syncUsersByDatabaseAllDevicesStatus],methods=[GET],params=[],headers=[],consumes=[],produces=[],custom=[]}" onto public com.timmy.entity.Msg com.timmy.controller.AllController.syncUsersByDatabaseAllDevicesStatus()
16-Jul-2026 17:21:55.122 INFO [http-nio-8081-exec-1] org.springframework.web.servlet.mvc.method.annotation.RequestMappingHandlerMapping.registerHandlerMethod Mapped "{[/sendGetUserInfo],methods=[],params=[],headers=[],consumes=[],produces=[],custom=[]}" onto public com.timmy.entity.Msg com.timmy.controller.AllController.sendGetUserInfo(int,int,java.lang.String)
16-Jul-2026 17:21:55.122 INFO [http-nio-8081-exec-1] org.springframework.web.servlet.mvc.method.annotation.RequestMappingHandlerMapping.registerHandlerMethod Mapped "{[/setOneUser],methods=[GET],params=[],headers=[],consumes=[],produces=[],custom=[]}" onto public com.timmy.entity.Msg com.timmy.controller.AllController.setOneUserTo(java.lang.Long,int,java.lang.String)
16-Jul-2026 17:21:55.122 INFO [http-nio-8081-exec-1] org.springframework.web.servlet.mvc.method.annotation.RequestMappingHandlerMapping.registerHandlerMethod Mapped "{[/recordsLatest],methods=[],params=[],headers=[],consumes=[],produces=[],custom=[]}" onto public com.timmy.entity.Msg com.timmy.controller.AllController.getLatestLogFromDB(java.lang.Integer,java.lang.String,java.lang.String,java.lang.String,java.lang.String,java.lang.Integer,java.lang.Integer,java.lang.Boolean)
16-Jul-2026 17:21:55.122 INFO [http-nio-8081-exec-1] org.springframework.web.servlet.mvc.method.annotation.RequestMappingHandlerMapping.registerHandlerMethod Mapped "{[/initSystem],methods=[GET],params=[],headers=[],consumes=[],produces=[],custom=[]}" onto public com.timmy.entity.Msg com.timmy.controller.AllController.initSystem(java.lang.String)
16-Jul-2026 17:21:55.124 INFO [http-nio-8081-exec-1] org.springframework.web.servlet.mvc.method.annotation.RequestMappingHandlerMapping.registerHandlerMethod Mapped "{[/records],methods=[],params=[],headers=[],consumes=[],produces=[],custom=[]}" onto public com.timmy.entity.Msg com.timmy.controller.AllController.getAllLogFromDB(java.lang.Integer,java.lang.String,java.lang.Boolean)
16-Jul-2026 17:21:55.124 INFO [http-nio-8081-exec-1] org.springframework.web.servlet.mvc.method.annotation.RequestMappingHandlerMapping.registerHandlerMethod Mapped "{[/emps],methods=[],params=[],headers=[],consumes=[],produces=[],custom=[]}" onto public com.timmy.entity.Msg com.timmy.controller.AllController.getAllPersonFromDB(java.lang.Integer,java.lang.String)
16-Jul-2026 17:21:55.124 INFO [http-nio-8081-exec-1] org.springframework.web.servlet.mvc.method.annotation.RequestMappingHandlerMapping.registerHandlerMethod Mapped "{[/setPersonToDevice],methods=[GET],params=[],headers=[],consumes=[],produces=[],custom=[]}" onto public com.timmy.entity.Msg com.timmy.controller.AllController.sendSetUserInfo(java.lang.String)
16-Jul-2026 17:21:55.124 INFO [http-nio-8081-exec-1] org.springframework.web.servlet.mvc.method.annotation.RequestMappingHandlerMapping.registerHandlerMethod Mapped "{[/getNewLog],methods=[GET],params=[],headers=[],consumes=[],produces=[],custom=[]}" onto public com.timmy.entity.Msg com.timmy.controller.AllController.getNewLog(java.lang.String)
16-Jul-2026 17:21:55.126 INFO [http-nio-8081-exec-1] org.springframework.web.servlet.mvc.method.annotation.RequestMappingHandlerMapping.registerHandlerMethod Mapped "{[/openDoor],methods=[GET],params=[],headers=[],consumes=[],produces=[],custom=[]}" onto public com.timmy.entity.Msg com.timmy.controller.AllController.openDoor(int,java.lang.String)
16-Jul-2026 17:21:55.127 INFO [http-nio-8081-exec-1] org.springframework.web.servlet.mvc.method.annotation.RequestMappingHandlerMapping.registerHandlerMethod Mapped "{[/geUSerLock],methods=[GET],params=[],headers=[],consumes=[],produces=[],custom=[]}" onto public com.timmy.entity.Msg com.timmy.controller.AllController.getUserLock(java.lang.Integer,java.lang.String)
16-Jul-2026 17:21:55.128 INFO [http-nio-8081-exec-1] org.springframework.web.servlet.mvc.method.annotation.RequestMappingHandlerMapping.registerHandlerMethod Mapped "{[/setUserEnable],methods=[GET],params=[],headers=[],consumes=[],produces=[],custom=[]}" onto public com.timmy.entity.Msg com.timmy.controller.AllController.setUserEnable(java.lang.Long,java.lang.Integer,java.lang.String)
16-Jul-2026 17:21:55.128 INFO [http-nio-8081-exec-1] org.springframework.web.servlet.mvc.method.annotation.RequestMappingHandlerMapping.registerHandlerMethod Mapped "{[/cleanAdmin],methods=[GET],params=[],headers=[],consumes=[],produces=[],custom=[]}" onto public com.timmy.entity.Msg com.timmy.controller.AllController.cleanAdmin(java.lang.String)
16-Jul-2026 17:21:55.130 INFO [http-nio-8081-exec-1] org.springframework.web.servlet.mvc.method.annotation.RequestMappingHandlerMapping.registerHandlerMethod Mapped "{[/setUserToAllDevice],methods=[GET],params=[],headers=[],consumes=[],produces=[],custom=[]}" onto public com.timmy.entity.Msg com.timmy.controller.AllController.setUserToAllDevice()
16-Jul-2026 17:21:55.130 INFO [http-nio-8081-exec-1] org.springframework.web.servlet.mvc.method.annotation.RequestMappingHandlerMapping.registerHandlerMethod Mapped "{[/getDevLock],methods=[GET],params=[],headers=[],consumes=[],produces=[],custom=[]}" onto public com.timmy.entity.Msg com.timmy.controller.AllController.getDevLock(java.lang.String)
16-Jul-2026 17:21:55.130 INFO [http-nio-8081-exec-1] org.springframework.web.servlet.mvc.method.annotation.RequestMappingHandlerMapping.registerHandlerMethod Mapped "{[/synchronizeTime],methods=[GET],params=[],headers=[],consumes=[],produces=[],custom=[]}" onto public com.timmy.entity.Msg com.timmy.controller.AllController.synchronizeTime(java.lang.String)
16-Jul-2026 17:21:55.130 INFO [http-nio-8081-exec-1] org.springframework.web.servlet.mvc.method.annotation.RequestMappingHandlerMapping.registerHandlerMethod Mapped "{[/getDeviceInfo],methods=[GET],params=[],headers=[],consumes=[],produces=[],custom=[]}" onto public com.timmy.entity.Msg com.timmy.controller.AllController.getDeviceInfo(java.lang.String)
16-Jul-2026 17:21:55.130 INFO [http-nio-8081-exec-1] org.springframework.web.servlet.mvc.method.annotation.RequestMappingHandlerMapping.registerHandlerMethod Mapped "{[/getAllLog],methods=[GET],params=[],headers=[],consumes=[],produces=[],custom=[]}" onto public com.timmy.entity.Msg com.timmy.controller.AllController.getAllLog(java.lang.String)
16-Jul-2026 17:21:55.132 INFO [http-nio-8081-exec-1] org.springframework.web.servlet.mvc.method.annotation.RequestMappingHandlerMapping.registerHandlerMethod Mapped "{[/hello1],methods=[],params=[],headers=[],consumes=[],produces=[],custom=[]}" onto public java.lang.String com.timmy.controller.AllController.hello()
16-Jul-2026 17:21:55.132 INFO [http-nio-8081-exec-1] org.springframework.web.servlet.mvc.method.annotation.RequestMappingHandlerMapping.registerHandlerMethod Mapped "{[/updateDataPage],methods=[GET],params=[],headers=[],consumes=[],produces=[],custom=[]}" onto public java.lang.String com.timmy.controller.AllController.updateDataPage()
16-Jul-2026 17:21:55.132 INFO [http-nio-8081-exec-1] org.springframework.web.servlet.mvc.method.annotation.RequestMappingHandlerMapping.registerHandlerMethod Mapped "{[/getDeviceInOutMode],methods=[GET],params=[],headers=[],consumes=[],produces=[],custom=[]}" onto public com.timmy.entity.Msg com.timmy.controller.AllController.getDeviceInOutMode(java.lang.String)
16-Jul-2026 17:21:55.132 INFO [http-nio-8081-exec-1] org.springframework.web.servlet.mvc.method.annotation.RequestMappingHandlerMapping.registerHandlerMethod Mapped "{[/sendWs],methods=[GET],params=[],headers=[],consumes=[],produces=[],custom=[]}" onto public com.timmy.entity.Msg com.timmy.controller.AllController.sendWs(java.lang.String)
16-Jul-2026 17:21:55.134 INFO [http-nio-8081-exec-1] org.springframework.web.servlet.mvc.method.annotation.RequestMappingHandlerMapping.registerHandlerMethod Mapped "{[/climsRecordsPage],methods=[GET],params=[],headers=[],consumes=[],produces=[],custom=[]}" onto public java.lang.String com.timmy.controller.AllController.climsRecordsPage()
16-Jul-2026 17:21:55.135 INFO [http-nio-8081-exec-1] org.springframework.web.servlet.mvc.method.annotation.RequestMappingHandlerMapping.registerHandlerMethod Mapped "{[/device],methods=[GET],params=[],headers=[],consumes=[],produces=[],custom=[]}" onto public com.timmy.entity.Msg com.timmy.controller.AllController.getAllDevice()
16-Jul-2026 17:21:55.135 INFO [http-nio-8081-exec-1] org.springframework.web.servlet.mvc.method.annotation.RequestMappingHandlerMapping.registerHandlerMethod Mapped "{[/setDeviceInOutMode],methods=[GET],params=[],headers=[],consumes=[],produces=[],custom=[]}" onto public com.timmy.entity.Msg com.timmy.controller.AllController.setDeviceInOutMode(java.lang.String,java.lang.String,java.lang.Boolean)
16-Jul-2026 17:21:55.140 INFO [http-nio-8081-exec-1] org.springframework.web.servlet.mvc.method.annotation.RequestMappingHandlerMapping.registerHandlerMethod Mapped "{[/addPerson],methods=[POST],params=[],headers=[],consumes=[],produces=[],custom=[]}" onto public com.timmy.entity.Msg com.timmy.controller.AllController.addPerson(com.timmy.entity.PersonTemp,org.springframework.web.multipart.MultipartFile) throws java.lang.Exception
16-Jul-2026 17:21:55.141 INFO [http-nio-8081-exec-1] org.springframework.web.servlet.mvc.method.annotation.RequestMappingHandlerMapping.registerHandlerMethod Mapped "{[/enrollInfo],methods=[GET],params=[],headers=[],consumes=[],produces=[],custom=[]}" onto public com.timmy.entity.Msg com.timmy.controller.AllController.getAllEnrollInfo()
16-Jul-2026 17:21:55.141 INFO [http-nio-8081-exec-1] org.springframework.web.servlet.mvc.method.annotation.RequestMappingHandlerMapping.registerHandlerMethod Mapped "{[/savePerson],methods=[POST],params=[],headers=[],consumes=[],produces=[],custom=[]}" onto public com.timmy.entity.Msg com.timmy.controller.AllController.savePerson(com.timmy.entity.PersonTemp,org.springframework.web.multipart.MultipartFile,java.lang.String,java.lang.String)
16-Jul-2026 17:21:55.141 INFO [http-nio-8081-exec-1] org.springframework.web.servlet.mvc.method.annotation.RequestMappingHandlerMapping.registerHandlerMethod Mapped "{[/personDetail],methods=[GET],params=[],headers=[],consumes=[],produces=[],custom=[]}" onto public com.timmy.entity.Msg com.timmy.controller.AllController.personDetail(java.lang.Long)
16-Jul-2026 17:21:55.142 INFO [http-nio-8081-exec-1] org.springframework.web.servlet.mvc.method.annotation.RequestMappingHandlerMapping.registerHandlerMethod Mapped "{[/schedulerDailyStatus],methods=[GET],params=[],headers=[],consumes=[],produces=[],custom=[]}" onto public com.timmy.entity.Msg com.timmy.controller.AllController.schedulerDailyStatus(java.lang.Integer,java.lang.Integer,java.lang.Integer)
16-Jul-2026 17:21:55.142 INFO [http-nio-8081-exec-1] org.springframework.web.servlet.mvc.method.annotation.RequestMappingHandlerMapping.registerHandlerMethod Mapped "{[/schedulerStatusPage],methods=[GET],params=[],headers=[],consumes=[],produces=[],custom=[]}" onto public java.lang.String com.timmy.controller.AllController.schedulerStatusPage()
16-Jul-2026 17:21:55.142 INFO [http-nio-8081-exec-1] org.springframework.web.servlet.mvc.method.annotation.RequestMappingHandlerMapping.registerHandlerMethod Mapped "{[/setUserToAllDeviceStatus],methods=[GET],params=[],headers=[],consumes=[],produces=[],custom=[]}" onto public com.timmy.entity.Msg com.timmy.controller.AllController.setUserToAllDeviceStatus()
16-Jul-2026 17:21:55.143 INFO [http-nio-8081-exec-1] org.springframework.web.servlet.mvc.method.annotation.RequestMappingHandlerMapping.registerHandlerMethod Mapped "{[/syncUsersStatusByUpdDateAllDevices],methods=[GET],params=[],headers=[],consumes=[],produces=[],custom=[]}" onto public com.timmy.entity.Msg com.timmy.controller.AllController.syncUsersStatusByUpdDateAllDevices(java.lang.String)
16-Jul-2026 17:21:55.143 INFO [http-nio-8081-exec-1] org.springframework.web.servlet.mvc.method.annotation.RequestMappingHandlerMapping.registerHandlerMethod Mapped "{[/deletePersonFromDevice],methods=[GET],params=[],headers=[],consumes=[],produces=[],custom=[]}" onto public com.timmy.entity.Msg com.timmy.controller.AllController.deleteDeviceUserInfo(java.lang.Long,java.lang.String)
16-Jul-2026 17:21:55.143 INFO [http-nio-8081-exec-1] org.springframework.web.servlet.mvc.method.annotation.RequestMappingHandlerMapping.registerHandlerMethod Mapped "{[/syncUsernameDeltaAllDevices],methods=[GET],params=[],headers=[],consumes=[],produces=[],custom=[]}" onto public com.timmy.entity.Msg com.timmy.controller.AllController.syncUsernameDeltaAllDevices()
16-Jul-2026 17:21:55.144 INFO [http-nio-8081-exec-1] org.springframework.web.servlet.mvc.method.annotation.RequestMappingHandlerMapping.registerHandlerMethod Mapped "{[/syncUsersByDatabaseAllDevices],methods=[GET],params=[],headers=[],consumes=[],produces=[],custom=[]}" onto public com.timmy.entity.Msg com.timmy.controller.AllController.syncUsersByDatabaseAllDevices()
16-Jul-2026 17:21:55.144 INFO [http-nio-8081-exec-1] org.springframework.web.servlet.mvc.method.annotation.RequestMappingHandlerMapping.registerHandlerMethod Mapped "{[/masterDeviceSyncStatus],methods=[GET],params=[],headers=[],consumes=[],produces=[],custom=[]}" onto public com.timmy.entity.Msg com.timmy.controller.AllController.masterDeviceSyncStatus()
16-Jul-2026 17:21:55.144 INFO [http-nio-8081-exec-1] org.springframework.web.servlet.mvc.method.annotation.RequestMappingHandlerMapping.registerHandlerMethod Mapped "{[/onlineDevicesForDirectUserSend],methods=[GET],params=[],headers=[],consumes=[],produces=[],custom=[]}" onto public com.timmy.entity.Msg com.timmy.controller.AllController.onlineDevicesForDirectUserSend()
16-Jul-2026 17:21:55.145 INFO [http-nio-8081-exec-1] org.springframework.web.servlet.mvc.method.annotation.RequestMappingHandlerMapping.registerHandlerMethod Mapped "{[/setUsernameToDevice],methods=[GET],params=[],headers=[],consumes=[],produces=[],custom=[]}" onto public com.timmy.entity.Msg com.timmy.controller.AllController.setUsernameToDevice(java.lang.String)
16-Jul-2026 17:21:55.146 INFO [http-nio-8081-exec-1] org.springframework.web.servlet.mvc.method.annotation.RequestMappingHandlerMapping.registerHandlerMethod Mapped "{[/syncUsernameDeltaAllDevicesStatus],methods=[GET],params=[],headers=[],consumes=[],produces=[],custom=[]}" onto public com.timmy.entity.Msg com.timmy.controller.AllController.syncUsernameDeltaAllDevicesStatus()
16-Jul-2026 17:21:55.146 INFO [http-nio-8081-exec-1] org.springframework.web.servlet.mvc.method.annotation.RequestMappingHandlerMapping.registerHandlerMethod Mapped "{[/syncInactiveUsersDisableAllDevices],methods=[GET],params=[],headers=[],consumes=[],produces=[],custom=[]}" onto public com.timmy.entity.Msg com.timmy.controller.AllController.syncInactiveUsersDisableAllDevices()
16-Jul-2026 17:21:55.147 INFO [http-nio-8081-exec-1] org.springframework.web.servlet.mvc.method.annotation.RequestMappingHandlerMapping.registerHandlerMethod Mapped "{[/syncUsersStatusAllDevices],methods=[GET],params=[],headers=[],consumes=[],produces=[],custom=[]}" onto public com.timmy.entity.Msg com.timmy.controller.AllController.syncUsersStatusAllDevices()
16-Jul-2026 17:21:55.147 INFO [http-nio-8081-exec-1] org.springframework.web.servlet.mvc.method.annotation.RequestMappingHandlerMapping.registerHandlerMethod Mapped "{[/syncUsersDeleteByDelDateAllDevices],methods=[GET],params=[],headers=[],consumes=[],produces=[],custom=[]}" onto public com.timmy.entity.Msg com.timmy.controller.AllController.syncUsersDeleteByDelDateAllDevices(java.lang.String)
16-Jul-2026 17:21:55.148 INFO [http-nio-8081-exec-1] org.springframework.web.servlet.mvc.method.annotation.RequestMappingHandlerMapping.registerHandlerMethod Mapped "{[/syncUserByDatabaseStatus],methods=[GET],params=[],headers=[],consumes=[],produces=[],custom=[]}" onto public com.timmy.entity.Msg com.timmy.controller.AllController.syncUserByDatabaseStatus(java.lang.Long)
16-Jul-2026 17:21:55.148 INFO [http-nio-8081-exec-1] org.springframework.web.servlet.mvc.method.annotation.RequestMappingHandlerMapping.registerHandlerMethod Mapped "{[/deleteUserFromAllDevices],methods=[GET],params=[],headers=[],consumes=[],produces=[],custom=[]}" onto public com.timmy.entity.Msg com.timmy.controller.AllController.deleteUserFromAllDevices(java.lang.Long)
16-Jul-2026 17:21:55.149 INFO [http-nio-8081-exec-1] org.springframework.web.servlet.mvc.method.annotation.RequestMappingHandlerMapping.registerHandlerMethod Mapped "{[/syncMasterDeviceFullToAll],methods=[GET],params=[],headers=[],consumes=[],produces=[],custom=[]}" onto public com.timmy.entity.Msg com.timmy.controller.AllController.syncMasterDeviceFullToAll(java.lang.String,boolean)
16-Jul-2026 17:21:55.150 INFO [http-nio-8081-exec-1] org.springframework.web.servlet.mvc.method.annotation.RequestMappingHandlerMapping.registerHandlerMethod Mapped "{[/climsRecords],methods=[],params=[],headers=[],consumes=[],produces=[],custom=[]}" onto public com.timmy.entity.Msg com.timmy.controller.AllController.getAllClimsLogFromDB(java.lang.Integer,java.lang.String,java.lang.String,java.lang.Boolean)
16-Jul-2026 17:21:55.150 INFO [http-nio-8081-exec-1] org.springframework.web.servlet.mvc.method.annotation.RequestMappingHandlerMapping.registerHandlerMethod Mapped "{[/directSendUsersToSelectedDevices],methods=[GET],params=[],headers=[],consumes=[],produces=[],custom=[]}" onto public com.timmy.entity.Msg com.timmy.controller.AllController.directSendUsersToSelectedDevices(java.lang.String,java.lang.String)
16-Jul-2026 17:21:55.152 INFO [http-nio-8081-exec-1] org.springframework.web.servlet.mvc.method.annotation.RequestMappingHandlerMapping.registerHandlerMethod Mapped "{[/login],methods=[GET],params=[],headers=[],consumes=[],produces=[],custom=[]}" onto public java.lang.String com.timmy.controller.AuthController.loginPage(javax.servlet.http.HttpSession)
16-Jul-2026 17:21:55.152 INFO [http-nio-8081-exec-1] org.springframework.web.servlet.mvc.method.annotation.RequestMappingHandlerMapping.registerHandlerMethod Mapped "{[/logout],methods=[GET],params=[],headers=[],consumes=[],produces=[],custom=[]}" onto public java.lang.String com.timmy.controller.AuthController.logout(javax.servlet.http.HttpSession)
16-Jul-2026 17:21:55.152 INFO [http-nio-8081-exec-1] org.springframework.web.servlet.mvc.method.annotation.RequestMappingHandlerMapping.registerHandlerMethod Mapped "{[/login],methods=[POST],params=[],headers=[],consumes=[],produces=[],custom=[]}" onto public java.lang.String com.timmy.controller.AuthController.login(java.lang.String,java.lang.String,javax.servlet.http.HttpSession)
16-Jul-2026 17:21:55.262 INFO [http-nio-8081-exec-1] org.springframework.web.servlet.handler.SimpleUrlHandlerMapping.registerHandler Mapped URL path [/resources] onto handler 'org.springframework.web.servlet.resource.ResourceHttpRequestHandler#0'
16-Jul-2026 17:22:00.876 INFO [http-nio-8081-exec-2] org.springframework.web.servlet.DispatcherServlet.initServletBean FrameworkServlet 'dispatcher': initialization started
16-Jul-2026 17:22:00.878 INFO [http-nio-8081-exec-2] org.springframework.web.context.support.XmlWebApplicationContext.prepareRefresh Refreshing WebApplicationContext for namespace 'dispatcher-servlet': startup date [Thu Jul 16 17:22:00 IST 2026]; parent: Root WebApplicationContext
16-Jul-2026 17:22:00.883 INFO [http-nio-8081-exec-2] org.springframework.beans.factory.xml.XmlBeanDefinitionReader.loadBeanDefinitions Loading XML bean definitions from URL [file:/C:/Users/sjay8/Downloads/yamuna_fina_project/patratu_fina_project/newwork/newwork/JAVA_2512/JAVA_2512/dist/client/FingerprintClient_IDSL_DEVICEFIX/app/tomcat/webapps/demo/WEB-INF/classes/spring-mvc.xml]
16-Jul-2026 17:22:01.091 INFO [http-nio-8081-exec-2] org.springframework.beans.factory.annotation.AutowiredAnnotationBeanPostProcessor.<init> JSR-330 'javax.inject.Inject' annotation found and supported for autowiring
16-Jul-2026 17:22:01.116 INFO [http-nio-8081-exec-2] org.springframework.web.servlet.mvc.method.annotation.RequestMappingHandlerMapping.registerHandlerMethod Mapped "{[/getUserInfo],methods=[GET],params=[],headers=[],consumes=[],produces=[],custom=[]}" onto public com.timmy.entity.Msg com.timmy.controller.AllController.getUserInfo(java.lang.String)
16-Jul-2026 17:22:01.117 INFO [http-nio-8081-exec-2] org.springframework.web.servlet.mvc.method.annotation.RequestMappingHandlerMapping.registerHandlerMethod Mapped "{[/configureMasterDeviceSync],methods=[GET],params=[],headers=[],consumes=[],produces=[],custom=[]}" onto public com.timmy.entity.Msg com.timmy.controller.AllController.configureMasterDeviceSync(java.lang.String,boolean)
16-Jul-2026 17:22:01.117 INFO [http-nio-8081-exec-2] org.springframework.web.servlet.mvc.method.annotation.RequestMappingHandlerMapping.registerHandlerMethod Mapped "{[/syncUsersByDatabaseAllDevicesStatus],methods=[GET],params=[],headers=[],consumes=[],produces=[],custom=[]}" onto public com.timmy.entity.Msg com.timmy.controller.AllController.syncUsersByDatabaseAllDevicesStatus()
16-Jul-2026 17:22:01.117 INFO [http-nio-8081-exec-2] org.springframework.web.servlet.mvc.method.annotation.RequestMappingHandlerMapping.registerHandlerMethod Mapped "{[/sendGetUserInfo],methods=[],params=[],headers=[],consumes=[],produces=[],custom=[]}" onto public com.timmy.entity.Msg com.timmy.controller.AllController.sendGetUserInfo(int,int,java.lang.String)
16-Jul-2026 17:22:01.117 INFO [http-nio-8081-exec-2] org.springframework.web.servlet.mvc.method.annotation.RequestMappingHandlerMapping.registerHandlerMethod Mapped "{[/setOneUser],methods=[GET],params=[],headers=[],consumes=[],produces=[],custom=[]}" onto public com.timmy.entity.Msg com.timmy.controller.AllController.setOneUserTo(java.lang.Long,int,java.lang.String)
16-Jul-2026 17:22:01.118 INFO [http-nio-8081-exec-2] org.springframework.web.servlet.mvc.method.annotation.RequestMappingHandlerMapping.registerHandlerMethod Mapped "{[/recordsLatest],methods=[],params=[],headers=[],consumes=[],produces=[],custom=[]}" onto public com.timmy.entity.Msg com.timmy.controller.AllController.getLatestLogFromDB(java.lang.Integer,java.lang.String,java.lang.String,java.lang.String,java.lang.String,java.lang.Integer,java.lang.Integer,java.lang.Boolean)
16-Jul-2026 17:22:01.118 INFO [http-nio-8081-exec-2] org.springframework.web.servlet.mvc.method.annotation.RequestMappingHandlerMapping.registerHandlerMethod Mapped "{[/initSystem],methods=[GET],params=[],headers=[],consumes=[],produces=[],custom=[]}" onto public com.timmy.entity.Msg com.timmy.controller.AllController.initSystem(java.lang.String)
16-Jul-2026 17:22:01.118 INFO [http-nio-8081-exec-2] org.springframework.web.servlet.mvc.method.annotation.RequestMappingHandlerMapping.registerHandlerMethod Mapped "{[/records],methods=[],params=[],headers=[],consumes=[],produces=[],custom=[]}" onto public com.timmy.entity.Msg com.timmy.controller.AllController.getAllLogFromDB(java.lang.Integer,java.lang.String,java.lang.Boolean)
16-Jul-2026 17:22:01.118 INFO [http-nio-8081-exec-2] org.springframework.web.servlet.mvc.method.annotation.RequestMappingHandlerMapping.registerHandlerMethod Mapped "{[/emps],methods=[],params=[],headers=[],consumes=[],produces=[],custom=[]}" onto public com.timmy.entity.Msg com.timmy.controller.AllController.getAllPersonFromDB(java.lang.Integer,java.lang.String)
16-Jul-2026 17:22:01.119 INFO [http-nio-8081-exec-2] org.springframework.web.servlet.mvc.method.annotation.RequestMappingHandlerMapping.registerHandlerMethod Mapped "{[/setPersonToDevice],methods=[GET],params=[],headers=[],consumes=[],produces=[],custom=[]}" onto public com.timmy.entity.Msg com.timmy.controller.AllController.sendSetUserInfo(java.lang.String)
16-Jul-2026 17:22:01.119 INFO [http-nio-8081-exec-2] org.springframework.web.servlet.mvc.method.annotation.RequestMappingHandlerMapping.registerHandlerMethod Mapped "{[/getNewLog],methods=[GET],params=[],headers=[],consumes=[],produces=[],custom=[]}" onto public com.timmy.entity.Msg com.timmy.controller.AllController.getNewLog(java.lang.String)
16-Jul-2026 17:22:01.122 INFO [http-nio-8081-exec-2] org.springframework.web.servlet.mvc.method.annotation.RequestMappingHandlerMapping.registerHandlerMethod Mapped "{[/openDoor],methods=[GET],params=[],headers=[],consumes=[],produces=[],custom=[]}" onto public com.timmy.entity.Msg com.timmy.controller.AllController.openDoor(int,java.lang.String)
16-Jul-2026 17:22:01.122 INFO [http-nio-8081-exec-2] org.springframework.web.servlet.mvc.method.annotation.RequestMappingHandlerMapping.registerHandlerMethod Mapped "{[/geUSerLock],methods=[GET],params=[],headers=[],consumes=[],produces=[],custom=[]}" onto public com.timmy.entity.Msg com.timmy.controller.AllController.getUserLock(java.lang.Integer,java.lang.String)
16-Jul-2026 17:22:01.123 INFO [http-nio-8081-exec-2] org.springframework.web.servlet.mvc.method.annotation.RequestMappingHandlerMapping.registerHandlerMethod Mapped "{[/setUserEnable],methods=[GET],params=[],headers=[],consumes=[],produces=[],custom=[]}" onto public com.timmy.entity.Msg com.timmy.controller.AllController.setUserEnable(java.lang.Long,java.lang.Integer,java.lang.String)
16-Jul-2026 17:22:01.123 INFO [http-nio-8081-exec-2] org.springframework.web.servlet.mvc.method.annotation.RequestMappingHandlerMapping.registerHandlerMethod Mapped "{[/cleanAdmin],methods=[GET],params=[],headers=[],consumes=[],produces=[],custom=[]}" onto public com.timmy.entity.Msg com.timmy.controller.AllController.cleanAdmin(java.lang.String)
16-Jul-2026 17:22:01.123 INFO [http-nio-8081-exec-2] org.springframework.web.servlet.mvc.method.annotation.RequestMappingHandlerMapping.registerHandlerMethod Mapped "{[/setUserToAllDevice],methods=[GET],params=[],headers=[],consumes=[],produces=[],custom=[]}" onto public com.timmy.entity.Msg com.timmy.controller.AllController.setUserToAllDevice()
16-Jul-2026 17:22:01.124 INFO [http-nio-8081-exec-2] org.springframework.web.servlet.mvc.method.annotation.RequestMappingHandlerMapping.registerHandlerMethod Mapped "{[/getDevLock],methods=[GET],params=[],headers=[],consumes=[],produces=[],custom=[]}" onto public com.timmy.entity.Msg com.timmy.controller.AllController.getDevLock(java.lang.String)
16-Jul-2026 17:22:01.124 INFO [http-nio-8081-exec-2] org.springframework.web.servlet.mvc.method.annotation.RequestMappingHandlerMapping.registerHandlerMethod Mapped "{[/synchronizeTime],methods=[GET],params=[],headers=[],consumes=[],produces=[],custom=[]}" onto public com.timmy.entity.Msg com.timmy.controller.AllController.synchronizeTime(java.lang.String)
16-Jul-2026 17:22:01.125 INFO [http-nio-8081-exec-2] org.springframework.web.servlet.mvc.method.annotation.RequestMappingHandlerMapping.registerHandlerMethod Mapped "{[/getDeviceInfo],methods=[GET],params=[],headers=[],consumes=[],produces=[],custom=[]}" onto public com.timmy.entity.Msg com.timmy.controller.AllController.getDeviceInfo(java.lang.String)
16-Jul-2026 17:22:01.125 INFO [http-nio-8081-exec-2] org.springframework.web.servlet.mvc.method.annotation.RequestMappingHandlerMapping.registerHandlerMethod Mapped "{[/getAllLog],methods=[GET],params=[],headers=[],consumes=[],produces=[],custom=[]}" onto public com.timmy.entity.Msg com.timmy.controller.AllController.getAllLog(java.lang.String)
16-Jul-2026 17:22:01.125 INFO [http-nio-8081-exec-2] org.springframework.web.servlet.mvc.method.annotation.RequestMappingHandlerMapping.registerHandlerMethod Mapped "{[/hello1],methods=[],params=[],headers=[],consumes=[],produces=[],custom=[]}" onto public java.lang.String com.timmy.controller.AllController.hello()
16-Jul-2026 17:22:01.126 INFO [http-nio-8081-exec-2] org.springframework.web.servlet.mvc.method.annotation.RequestMappingHandlerMapping.registerHandlerMethod Mapped "{[/updateDataPage],methods=[GET],params=[],headers=[],consumes=[],produces=[],custom=[]}" onto public java.lang.String com.timmy.controller.AllController.updateDataPage()
16-Jul-2026 17:22:01.126 INFO [http-nio-8081-exec-2] org.springframework.web.servlet.mvc.method.annotation.RequestMappingHandlerMapping.registerHandlerMethod Mapped "{[/getDeviceInOutMode],methods=[GET],params=[],headers=[],consumes=[],produces=[],custom=[]}" onto public com.timmy.entity.Msg com.timmy.controller.AllController.getDeviceInOutMode(java.lang.String)
16-Jul-2026 17:22:01.126 INFO [http-nio-8081-exec-2] org.springframework.web.servlet.mvc.method.annotation.RequestMappingHandlerMapping.registerHandlerMethod Mapped "{[/sendWs],methods=[GET],params=[],headers=[],consumes=[],produces=[],custom=[]}" onto public com.timmy.entity.Msg com.timmy.controller.AllController.sendWs(java.lang.String)
16-Jul-2026 17:22:01.126 INFO [http-nio-8081-exec-2] org.springframework.web.servlet.mvc.method.annotation.RequestMappingHandlerMapping.registerHandlerMethod Mapped "{[/climsRecordsPage],methods=[GET],params=[],headers=[],consumes=[],produces=[],custom=[]}" onto public java.lang.String com.timmy.controller.AllController.climsRecordsPage()
16-Jul-2026 17:22:01.126 INFO [http-nio-8081-exec-2] org.springframework.web.servlet.mvc.method.annotation.RequestMappingHandlerMapping.registerHandlerMethod Mapped "{[/device],methods=[GET],params=[],headers=[],consumes=[],produces=[],custom=[]}" onto public com.timmy.entity.Msg com.timmy.controller.AllController.getAllDevice()
16-Jul-2026 17:22:01.127 INFO [http-nio-8081-exec-2] org.springframework.web.servlet.mvc.method.annotation.RequestMappingHandlerMapping.registerHandlerMethod Mapped "{[/setDeviceInOutMode],methods=[GET],params=[],headers=[],consumes=[],produces=[],custom=[]}" onto public com.timmy.entity.Msg com.timmy.controller.AllController.setDeviceInOutMode(java.lang.String,java.lang.String,java.lang.Boolean)
16-Jul-2026 17:22:01.127 INFO [http-nio-8081-exec-2] org.springframework.web.servlet.mvc.method.annotation.RequestMappingHandlerMapping.registerHandlerMethod Mapped "{[/addPerson],methods=[POST],params=[],headers=[],consumes=[],produces=[],custom=[]}" onto public com.timmy.entity.Msg com.timmy.controller.AllController.addPerson(com.timmy.entity.PersonTemp,org.springframework.web.multipart.MultipartFile) throws java.lang.Exception
16-Jul-2026 17:22:01.127 INFO [http-nio-8081-exec-2] org.springframework.web.servlet.mvc.method.annotation.RequestMappingHandlerMapping.registerHandlerMethod Mapped "{[/enrollInfo],methods=[GET],params=[],headers=[],consumes=[],produces=[],custom=[]}" onto public com.timmy.entity.Msg com.timmy.controller.AllController.getAllEnrollInfo()
16-Jul-2026 17:22:01.127 INFO [http-nio-8081-exec-2] org.springframework.web.servlet.mvc.method.annotation.RequestMappingHandlerMapping.registerHandlerMethod Mapped "{[/savePerson],methods=[POST],params=[],headers=[],consumes=[],produces=[],custom=[]}" onto public com.timmy.entity.Msg com.timmy.controller.AllController.savePerson(com.timmy.entity.PersonTemp,org.springframework.web.multipart.MultipartFile,java.lang.String,java.lang.String)
16-Jul-2026 17:22:01.128 INFO [http-nio-8081-exec-2] org.springframework.web.servlet.mvc.method.annotation.RequestMappingHandlerMapping.registerHandlerMethod Mapped "{[/personDetail],methods=[GET],params=[],headers=[],consumes=[],produces=[],custom=[]}" onto public com.timmy.entity.Msg com.timmy.controller.AllController.personDetail(java.lang.Long)
16-Jul-2026 17:22:01.128 INFO [http-nio-8081-exec-2] org.springframework.web.servlet.mvc.method.annotation.RequestMappingHandlerMapping.registerHandlerMethod Mapped "{[/schedulerDailyStatus],methods=[GET],params=[],headers=[],consumes=[],produces=[],custom=[]}" onto public com.timmy.entity.Msg com.timmy.controller.AllController.schedulerDailyStatus(java.lang.Integer,java.lang.Integer,java.lang.Integer)
16-Jul-2026 17:22:01.128 INFO [http-nio-8081-exec-2] org.springframework.web.servlet.mvc.method.annotation.RequestMappingHandlerMapping.registerHandlerMethod Mapped "{[/schedulerStatusPage],methods=[GET],params=[],headers=[],consumes=[],produces=[],custom=[]}" onto public java.lang.String com.timmy.controller.AllController.schedulerStatusPage()
16-Jul-2026 17:22:01.129 INFO [http-nio-8081-exec-2] org.springframework.web.servlet.mvc.method.annotation.RequestMappingHandlerMapping.registerHandlerMethod Mapped "{[/setUserToAllDeviceStatus],methods=[GET],params=[],headers=[],consumes=[],produces=[],custom=[]}" onto public com.timmy.entity.Msg com.timmy.controller.AllController.setUserToAllDeviceStatus()
16-Jul-2026 17:22:01.129 INFO [http-nio-8081-exec-2] org.springframework.web.servlet.mvc.method.annotation.RequestMappingHandlerMapping.registerHandlerMethod Mapped "{[/syncUsersStatusByUpdDateAllDevices],methods=[GET],params=[],headers=[],consumes=[],produces=[],custom=[]}" onto public com.timmy.entity.Msg com.timmy.controller.AllController.syncUsersStatusByUpdDateAllDevices(java.lang.String)
16-Jul-2026 17:22:01.130 INFO [http-nio-8081-exec-2] org.springframework.web.servlet.mvc.method.annotation.RequestMappingHandlerMapping.registerHandlerMethod Mapped "{[/deletePersonFromDevice],methods=[GET],params=[],headers=[],consumes=[],produces=[],custom=[]}" onto public com.timmy.entity.Msg com.timmy.controller.AllController.deleteDeviceUserInfo(java.lang.Long,java.lang.String)
16-Jul-2026 17:22:01.130 INFO [http-nio-8081-exec-2] org.springframework.web.servlet.mvc.method.annotation.RequestMappingHandlerMapping.registerHandlerMethod Mapped "{[/syncUsernameDeltaAllDevices],methods=[GET],params=[],headers=[],consumes=[],produces=[],custom=[]}" onto public com.timmy.entity.Msg com.timmy.controller.AllController.syncUsernameDeltaAllDevices()
16-Jul-2026 17:22:01.130 INFO [http-nio-8081-exec-2] org.springframework.web.servlet.mvc.method.annotation.RequestMappingHandlerMapping.registerHandlerMethod Mapped "{[/syncUsersByDatabaseAllDevices],methods=[GET],params=[],headers=[],consumes=[],produces=[],custom=[]}" onto public com.timmy.entity.Msg com.timmy.controller.AllController.syncUsersByDatabaseAllDevices()
16-Jul-2026 17:22:01.131 INFO [http-nio-8081-exec-2] org.springframework.web.servlet.mvc.method.annotation.RequestMappingHandlerMapping.registerHandlerMethod Mapped "{[/masterDeviceSyncStatus],methods=[GET],params=[],headers=[],consumes=[],produces=[],custom=[]}" onto public com.timmy.entity.Msg com.timmy.controller.AllController.masterDeviceSyncStatus()
16-Jul-2026 17:22:01.131 INFO [http-nio-8081-exec-2] org.springframework.web.servlet.mvc.method.annotation.RequestMappingHandlerMapping.registerHandlerMethod Mapped "{[/onlineDevicesForDirectUserSend],methods=[GET],params=[],headers=[],consumes=[],produces=[],custom=[]}" onto public com.timmy.entity.Msg com.timmy.controller.AllController.onlineDevicesForDirectUserSend()
16-Jul-2026 17:22:01.132 INFO [http-nio-8081-exec-2] org.springframework.web.servlet.mvc.method.annotation.RequestMappingHandlerMapping.registerHandlerMethod Mapped "{[/setUsernameToDevice],methods=[GET],params=[],headers=[],consumes=[],produces=[],custom=[]}" onto public com.timmy.entity.Msg com.timmy.controller.AllController.setUsernameToDevice(java.lang.String)
16-Jul-2026 17:22:01.132 INFO [http-nio-8081-exec-2] org.springframework.web.servlet.mvc.method.annotation.RequestMappingHandlerMapping.registerHandlerMethod Mapped "{[/syncUsernameDeltaAllDevicesStatus],methods=[GET],params=[],headers=[],consumes=[],produces=[],custom=[]}" onto public com.timmy.entity.Msg com.timmy.controller.AllController.syncUsernameDeltaAllDevicesStatus()
16-Jul-2026 17:22:01.132 INFO [http-nio-8081-exec-2] org.springframework.web.servlet.mvc.method.annotation.RequestMappingHandlerMapping.registerHandlerMethod Mapped "{[/syncInactiveUsersDisableAllDevices],methods=[GET],params=[],headers=[],consumes=[],produces=[],custom=[]}" onto public com.timmy.entity.Msg com.timmy.controller.AllController.syncInactiveUsersDisableAllDevices()
16-Jul-2026 17:22:01.133 INFO [http-nio-8081-exec-2] org.springframework.web.servlet.mvc.method.annotation.RequestMappingHandlerMapping.registerHandlerMethod Mapped "{[/syncUsersStatusAllDevices],methods=[GET],params=[],headers=[],consumes=[],produces=[],custom=[]}" onto public com.timmy.entity.Msg com.timmy.controller.AllController.syncUsersStatusAllDevices()
16-Jul-2026 17:22:01.133 INFO [http-nio-8081-exec-2] org.springframework.web.servlet.mvc.method.annotation.RequestMappingHandlerMapping.registerHandlerMethod Mapped "{[/syncUsersDeleteByDelDateAllDevices],methods=[GET],params=[],headers=[],consumes=[],produces=[],custom=[]}" onto public com.timmy.entity.Msg com.timmy.controller.AllController.syncUsersDeleteByDelDateAllDevices(java.lang.String)
16-Jul-2026 17:22:01.133 INFO [http-nio-8081-exec-2] org.springframework.web.servlet.mvc.method.annotation.RequestMappingHandlerMapping.registerHandlerMethod Mapped "{[/syncUserByDatabaseStatus],methods=[GET],params=[],headers=[],consumes=[],produces=[],custom=[]}" onto public com.timmy.entity.Msg com.timmy.controller.AllController.syncUserByDatabaseStatus(java.lang.Long)
16-Jul-2026 17:22:01.134 INFO [http-nio-8081-exec-2] org.springframework.web.servlet.mvc.method.annotation.RequestMappingHandlerMapping.registerHandlerMethod Mapped "{[/deleteUserFromAllDevices],methods=[GET],params=[],headers=[],consumes=[],produces=[],custom=[]}" onto public com.timmy.entity.Msg com.timmy.controller.AllController.deleteUserFromAllDevices(java.lang.Long)
16-Jul-2026 17:22:01.134 INFO [http-nio-8081-exec-2] org.springframework.web.servlet.mvc.method.annotation.RequestMappingHandlerMapping.registerHandlerMethod Mapped "{[/syncMasterDeviceFullToAll],methods=[GET],params=[],headers=[],consumes=[],produces=[],custom=[]}" onto public com.timmy.entity.Msg com.timmy.controller.AllController.syncMasterDeviceFullToAll(java.lang.String,boolean)
16-Jul-2026 17:22:01.134 INFO [http-nio-8081-exec-2] org.springframework.web.servlet.mvc.method.annotation.RequestMappingHandlerMapping.registerHandlerMethod Mapped "{[/climsRecords],methods=[],params=[],headers=[],consumes=[],produces=[],custom=[]}" onto public com.timmy.entity.Msg com.timmy.controller.AllController.getAllClimsLogFromDB(java.lang.Integer,java.lang.String,java.lang.String,java.lang.Boolean)
16-Jul-2026 17:22:01.134 INFO [http-nio-8081-exec-2] org.springframework.web.servlet.mvc.method.annotation.RequestMappingHandlerMapping.registerHandlerMethod Mapped "{[/directSendUsersToSelectedDevices],methods=[GET],params=[],headers=[],consumes=[],produces=[],custom=[]}" onto public com.timmy.entity.Msg com.timmy.controller.AllController.directSendUsersToSelectedDevices(java.lang.String,java.lang.String)
16-Jul-2026 17:22:01.135 INFO [http-nio-8081-exec-2] org.springframework.web.servlet.mvc.method.annotation.RequestMappingHandlerMapping.registerHandlerMethod Mapped "{[/login],methods=[GET],params=[],headers=[],consumes=[],produces=[],custom=[]}" onto public java.lang.String com.timmy.controller.AuthController.loginPage(javax.servlet.http.HttpSession)
16-Jul-2026 17:22:01.135 INFO [http-nio-8081-exec-2] org.springframework.web.servlet.mvc.method.annotation.RequestMappingHandlerMapping.registerHandlerMethod Mapped "{[/logout],methods=[GET],params=[],headers=[],consumes=[],produces=[],custom=[]}" onto public java.lang.String com.timmy.controller.AuthController.logout(javax.servlet.http.HttpSession)
16-Jul-2026 17:22:01.135 INFO [http-nio-8081-exec-2] org.springframework.web.servlet.mvc.method.annotation.RequestMappingHandlerMapping.registerHandlerMethod Mapped "{[/login],methods=[POST],params=[],headers=[],consumes=[],produces=[],custom=[]}" onto public java.lang.String com.timmy.controller.AuthController.login(java.lang.String,java.lang.String,javax.servlet.http.HttpSession)
16-Jul-2026 17:22:01.207 INFO [http-nio-8081-exec-2] org.springframework.web.servlet.handler.SimpleUrlHandlerMapping.registerHandler Mapped URL path [/resources] onto handler 'org.springframework.web.servlet.resource.ResourceHttpRequestHandler#0'
16-Jul-2026 17:22:35.299 INFO [main] org.apache.catalina.startup.VersionLoggerListener.log Server version name:   Apache Tomcat/9.0.120
16-Jul-2026 17:22:35.310 INFO [main] org.apache.catalina.startup.VersionLoggerListener.log Server built:          Jul 3 2026 07:49:53 UTC
16-Jul-2026 17:22:35.310 INFO [main] org.apache.catalina.startup.VersionLoggerListener.log Server version number: 9.0.120.0
16-Jul-2026 17:22:35.311 INFO [main] org.apache.catalina.startup.VersionLoggerListener.log OS Name:               Windows 11
16-Jul-2026 17:22:35.311 INFO [main] org.apache.catalina.startup.VersionLoggerListener.log OS Version:            10.0
16-Jul-2026 17:22:35.311 INFO [main] org.apache.catalina.startup.VersionLoggerListener.log Architecture:          amd64
16-Jul-2026 17:22:35.312 INFO [main] org.apache.catalina.startup.VersionLoggerListener.log Java Home:             C:\Program Files\Microsoft\jdk-17.0.19.10-hotspot
16-Jul-2026 17:22:35.312 INFO [main] org.apache.catalina.startup.VersionLoggerListener.log JVM Version:           17.0.19+10-LTS
16-Jul-2026 17:22:35.313 INFO [main] org.apache.catalina.startup.VersionLoggerListener.log JVM Vendor:            Microsoft
16-Jul-2026 17:22:35.313 INFO [main] org.apache.catalina.startup.VersionLoggerListener.log CATALINA_BASE:         C:\Users\sjay8\Downloads\yamuna_fina_project\patratu_fina_project\newwork\newwork\JAVA_2512\JAVA_2512\dist\client\FingerprintClient_IDSL_DEVICEFIX\app\tomcat
16-Jul-2026 17:22:35.313 INFO [main] org.apache.catalina.startup.VersionLoggerListener.log CATALINA_HOME:         C:\Users\sjay8\Downloads\yamuna_fina_project\patratu_fina_project\newwork\newwork\JAVA_2512\JAVA_2512\dist\client\FingerprintClient_IDSL_DEVICEFIX\app\tomcat
16-Jul-2026 17:22:35.353 INFO [main] org.apache.catalina.startup.VersionLoggerListener.log Command line argument: --add-opens=java.base/java.lang=ALL-UNNAMED
16-Jul-2026 17:22:35.353 INFO [main] org.apache.catalina.startup.VersionLoggerListener.log Command line argument: --add-opens=java.base/java.lang.invoke=ALL-UNNAMED
16-Jul-2026 17:22:35.353 INFO [main] org.apache.catalina.startup.VersionLoggerListener.log Command line argument: --add-opens=java.base/java.lang.reflect=ALL-UNNAMED
16-Jul-2026 17:22:35.353 INFO [main] org.apache.catalina.startup.VersionLoggerListener.log Command line argument: --add-opens=java.base/java.io=ALL-UNNAMED
16-Jul-2026 17:22:35.353 INFO [main] org.apache.catalina.startup.VersionLoggerListener.log Command line argument: --add-opens=java.base/java.util=ALL-UNNAMED
16-Jul-2026 17:22:35.354 INFO [main] org.apache.catalina.startup.VersionLoggerListener.log Command line argument: --add-opens=java.base/java.util.concurrent=ALL-UNNAMED
16-Jul-2026 17:22:35.354 INFO [main] org.apache.catalina.startup.VersionLoggerListener.log Command line argument: --add-opens=java.rmi/sun.rmi.transport=ALL-UNNAMED
16-Jul-2026 17:22:35.354 INFO [main] org.apache.catalina.startup.VersionLoggerListener.log Command line argument: -Djava.util.logging.config.file=C:\Users\sjay8\Downloads\yamuna_fina_project\patratu_fina_project\newwork\newwork\JAVA_2512\JAVA_2512\dist\client\FingerprintClient_IDSL_DEVICEFIX\app\tomcat\conf\logging.properties
16-Jul-2026 17:22:35.354 INFO [main] org.apache.catalina.startup.VersionLoggerListener.log Command line argument: -Djava.util.logging.manager=org.apache.juli.ClassLoaderLogManager
16-Jul-2026 17:22:35.355 INFO [main] org.apache.catalina.startup.VersionLoggerListener.log Command line argument: -Djdk.tls.ephemeralDHKeySize=2048
16-Jul-2026 17:22:35.355 INFO [main] org.apache.catalina.startup.VersionLoggerListener.log Command line argument: -Djava.protocol.handler.pkgs=org.apache.catalina.webresources
16-Jul-2026 17:22:35.355 INFO [main] org.apache.catalina.startup.VersionLoggerListener.log Command line argument: -Dsun.io.useCanonCaches=false
16-Jul-2026 17:22:35.355 INFO [main] org.apache.catalina.startup.VersionLoggerListener.log Command line argument: -Dignore.endorsed.dirs=
16-Jul-2026 17:22:35.355 INFO [main] org.apache.catalina.startup.VersionLoggerListener.log Command line argument: -Dcatalina.base=C:\Users\sjay8\Downloads\yamuna_fina_project\patratu_fina_project\newwork\newwork\JAVA_2512\JAVA_2512\dist\client\FingerprintClient_IDSL_DEVICEFIX\app\tomcat
16-Jul-2026 17:22:35.356 INFO [main] org.apache.catalina.startup.VersionLoggerListener.log Command line argument: -Dcatalina.home=C:\Users\sjay8\Downloads\yamuna_fina_project\patratu_fina_project\newwork\newwork\JAVA_2512\JAVA_2512\dist\client\FingerprintClient_IDSL_DEVICEFIX\app\tomcat
16-Jul-2026 17:22:35.356 INFO [main] org.apache.catalina.startup.VersionLoggerListener.log Command line argument: -Djava.io.tmpdir=C:\Users\sjay8\Downloads\yamuna_fina_project\patratu_fina_project\newwork\newwork\JAVA_2512\JAVA_2512\dist\client\FingerprintClient_IDSL_DEVICEFIX\app\tomcat\temp
16-Jul-2026 17:22:35.399 INFO [main] org.apache.catalina.core.AprLifecycleListener.lifecycleEvent The Apache Tomcat Native library which allows using OpenSSL was not found on the java.library.path: [C:\Program Files\Microsoft\jdk-17.0.19.10-hotspot\bin;C:\WINDOWS\Sun\Java\bin;C:\WINDOWS\system32;C:\WINDOWS;C:\Program Files\Microsoft MPI\Bin\;C:\Program Files\Microsoft\jdk-17.0.19.10-hotspot\bin;C:\WINDOWS\system32;C:\WINDOWS;C:\WINDOWS\System32\Wbem;C:\WINDOWS\System32\WindowsPowerShell\v1.0\;C:\WINDOWS\System32\OpenSSH\;C:\Program Files\nodejs\;C:\Program Files\Git\cmd;C:\Program Files\Docker\Docker\resources\bin;C:\Program Files\PuTTY\;C:\Program Files\CMake\bin;C:\Program Files (x86)\Microsoft SQL Server\170\Tools\Binn\;C:\Program Files\Microsoft SQL Server\170\Tools\Binn\;C:\Program Files\Microsoft SQL Server\Client SDK\ODBC\180\Tools\Binn\;C:\Program Files\Microsoft SQL Server\170\DTS\Binn\;C:\Program Files (x86)\Microsoft SQL Server\170\DTS\Binn\;C:\Program Files (x86)\Arm GNU Toolchain arm-none-eabi\14.2 rel1\bin;C:\Users\sjay8\.espressif\eim_gui;C:\Users\sjay8\AppData\Local\Programs\Python\Python311\Scripts\;C:\Users\sjay8\AppData\Local\Programs\Python\Python311\;C:\Users\sjay8\AppData\Local\Programs\Python\Python314\Scripts\;C:\Users\sjay8\AppData\Local\Programs\Python\Python314\;C:\Users\sjay8\AppData\Local\Microsoft\WindowsApps;C:\Users\sjay8\AppData\Roaming\npm;C:\Users\sjay8\AppData\Local\Programs\Microsoft VS Code\bin;C:\src\flutter\bin;C:\Users\sjay8\AppData\Local\Microsoft\WinGet\Packages\Ninja-build.Ninja_Microsoft.Winget.Source_8wekyb3d8bbwe;C:\Users\sjay8\AppData\Local\Microsoft\WinGet\Packages\Gyan.FFmpeg_Microsoft.Winget.Source_8wekyb3d8bbwe\ffmpeg-8.1.2-full_build\bin;C:\Users\sjay8\AppData\Local\Microsoft\WinGet\Packages\taizod1024.redis-windows-fork_Microsoft.Winget.Source_8wekyb3d8bbwe\Redis-8.8.0-Windows-x64-msys2;C:\Users\sjay8\AppData\Local\Microsoft\WinGet\Packages\NSSM.NSSM_Microsoft.Winget.Source_8wekyb3d8bbwe\nssm-2.24-101-g897c7ad\win64;.]
16-Jul-2026 17:22:36.113 INFO [main] org.apache.coyote.AbstractProtocol.init Initializing ProtocolHandler ["http-nio-8081"]
16-Jul-2026 17:22:36.175 INFO [main] org.apache.catalina.startup.Catalina.load Server initialization in [1399] milliseconds
16-Jul-2026 17:22:36.288 INFO [main] org.apache.catalina.core.StandardService.startInternal Starting service [Catalina]
16-Jul-2026 17:22:36.288 INFO [main] org.apache.catalina.core.StandardEngine.startInternal Starting Servlet engine: [Apache Tomcat/9.0.120]
16-Jul-2026 17:22:36.311 INFO [main] org.apache.catalina.startup.HostConfig.deployDirectory Deploying web application directory [C:\Users\sjay8\Downloads\yamuna_fina_project\patratu_fina_project\newwork\newwork\JAVA_2512\JAVA_2512\dist\client\FingerprintClient_IDSL_DEVICEFIX\app\tomcat\webapps\demo]
16-Jul-2026 17:22:44.648 INFO [main] org.apache.jasper.servlet.TldScanner.scanJars At least one JAR was scanned for TLDs yet contained no TLDs. Enable debug logging for this logger for a complete list of JARs that were scanned but no TLDs were found in them. Skipping unneeded JARs during scanning can improve startup time and JSP compilation time.
16-Jul-2026 17:22:44.877 INFO [main] org.springframework.web.context.ContextLoader.initWebApplicationContext Root WebApplicationContext: initialization started
16-Jul-2026 17:22:45.428 INFO [main] org.springframework.web.context.support.XmlWebApplicationContext.prepareRefresh Refreshing Root WebApplicationContext: startup date [Thu Jul 16 17:22:45 IST 2026]; root of context hierarchy
16-Jul-2026 17:22:45.674 INFO [main] org.springframework.beans.factory.xml.XmlBeanDefinitionReader.loadBeanDefinitions Loading XML bean definitions from class path resource [spring-mybatis.xml]
16-Jul-2026 17:22:47.979 INFO [main] org.springframework.beans.factory.config.PropertyPlaceholderConfigurer.loadProperties Loading properties file from class path resource [jdbc.properties]
16-Jul-2026 17:22:48.015 INFO [main] org.springframework.beans.factory.annotation.AutowiredAnnotationBeanPostProcessor.<init> JSR-330 'javax.inject.Inject' annotation found and supported for autowiring
16-Jul-2026 17:22:53.451 INFO [main] org.springframework.web.context.ContextLoader.initWebApplicationContext Root WebApplicationContext: initialization completed in 8574 ms
16-Jul-2026 17:22:57.421 WARNING [main] org.apache.catalina.util.SessionIdGeneratorBase.createSecureRandom Creation of SecureRandom instance for session ID generation using [SHA1PRNG] took [252] milliseconds.
16-Jul-2026 17:22:57.500 INFO [main] org.springframework.web.servlet.DispatcherServlet.initServletBean FrameworkServlet 'dispatcher': initialization started
16-Jul-2026 17:22:57.507 INFO [main] org.springframework.web.context.support.XmlWebApplicationContext.prepareRefresh Refreshing WebApplicationContext for namespace 'dispatcher-servlet': startup date [Thu Jul 16 17:22:57 IST 2026]; parent: Root WebApplicationContext
16-Jul-2026 17:22:57.511 INFO [main] org.springframework.beans.factory.xml.XmlBeanDefinitionReader.loadBeanDefinitions Loading XML bean definitions from URL [file:/C:/Users/sjay8/Downloads/yamuna_fina_project/patratu_fina_project/newwork/newwork/JAVA_2512/JAVA_2512/dist/client/FingerprintClient_IDSL_DEVICEFIX/app/tomcat/webapps/demo/WEB-INF/classes/spring-mvc.xml]
16-Jul-2026 17:22:58.129 INFO [main] org.springframework.beans.factory.annotation.AutowiredAnnotationBeanPostProcessor.<init> JSR-330 'javax.inject.Inject' annotation found and supported for autowiring
16-Jul-2026 17:22:58.531 INFO [main] org.springframework.web.servlet.mvc.method.annotation.RequestMappingHandlerMapping.registerHandlerMethod Mapped "{[/configureMasterDeviceSync],methods=[GET],params=[],headers=[],consumes=[],produces=[],custom=[]}" onto public com.timmy.entity.Msg com.timmy.controller.AllController.configureMasterDeviceSync(java.lang.String,boolean)
16-Jul-2026 17:22:58.531 INFO [main] org.springframework.web.servlet.mvc.method.annotation.RequestMappingHandlerMapping.registerHandlerMethod Mapped "{[/getUserInfo],methods=[GET],params=[],headers=[],consumes=[],produces=[],custom=[]}" onto public com.timmy.entity.Msg com.timmy.controller.AllController.getUserInfo(java.lang.String)
16-Jul-2026 17:22:58.532 INFO [main] org.springframework.web.servlet.mvc.method.annotation.RequestMappingHandlerMapping.registerHandlerMethod Mapped "{[/syncUsersByDatabaseAllDevicesStatus],methods=[GET],params=[],headers=[],consumes=[],produces=[],custom=[]}" onto public com.timmy.entity.Msg com.timmy.controller.AllController.syncUsersByDatabaseAllDevicesStatus()
16-Jul-2026 17:22:58.532 INFO [main] org.springframework.web.servlet.mvc.method.annotation.RequestMappingHandlerMapping.registerHandlerMethod Mapped "{[/schedulerStatusPage],methods=[GET],params=[],headers=[],consumes=[],produces=[],custom=[]}" onto public java.lang.String com.timmy.controller.AllController.schedulerStatusPage()
16-Jul-2026 17:22:58.539 INFO [main] org.springframework.web.servlet.mvc.method.annotation.RequestMappingHandlerMapping.registerHandlerMethod Mapped "{[/schedulerDailyStatus],methods=[GET],params=[],headers=[],consumes=[],produces=[],custom=[]}" onto public com.timmy.entity.Msg com.timmy.controller.AllController.schedulerDailyStatus(java.lang.Integer,java.lang.Integer,java.lang.Integer)
16-Jul-2026 17:22:58.539 INFO [main] org.springframework.web.servlet.mvc.method.annotation.RequestMappingHandlerMapping.registerHandlerMethod Mapped "{[/onlineDevicesForDirectUserSend],methods=[GET],params=[],headers=[],consumes=[],produces=[],custom=[]}" onto public com.timmy.entity.Msg com.timmy.controller.AllController.onlineDevicesForDirectUserSend()
16-Jul-2026 17:22:58.541 INFO [main] org.springframework.web.servlet.mvc.method.annotation.RequestMappingHandlerMapping.registerHandlerMethod Mapped "{[/deletePersonFromDevice],methods=[GET],params=[],headers=[],consumes=[],produces=[],custom=[]}" onto public com.timmy.entity.Msg com.timmy.controller.AllController.deleteDeviceUserInfo(java.lang.Long,java.lang.String)
16-Jul-2026 17:22:58.541 INFO [main] org.springframework.web.servlet.mvc.method.annotation.RequestMappingHandlerMapping.registerHandlerMethod Mapped "{[/setUsernameToDevice],methods=[GET],params=[],headers=[],consumes=[],produces=[],custom=[]}" onto public com.timmy.entity.Msg com.timmy.controller.AllController.setUsernameToDevice(java.lang.String)
16-Jul-2026 17:22:58.542 INFO [main] org.springframework.web.servlet.mvc.method.annotation.RequestMappingHandlerMapping.registerHandlerMethod Mapped "{[/climsRecords],methods=[],params=[],headers=[],consumes=[],produces=[],custom=[]}" onto public com.timmy.entity.Msg com.timmy.controller.AllController.getAllClimsLogFromDB(java.lang.Integer,java.lang.String,java.lang.String,java.lang.Boolean)
16-Jul-2026 17:22:58.542 INFO [main] org.springframework.web.servlet.mvc.method.annotation.RequestMappingHandlerMapping.registerHandlerMethod Mapped "{[/masterDeviceSyncStatus],methods=[GET],params=[],headers=[],consumes=[],produces=[],custom=[]}" onto public com.timmy.entity.Msg com.timmy.controller.AllController.masterDeviceSyncStatus()
16-Jul-2026 17:22:58.543 INFO [main] org.springframework.web.servlet.mvc.method.annotation.RequestMappingHandlerMapping.registerHandlerMethod Mapped "{[/syncUsersByDatabaseAllDevices],methods=[GET],params=[],headers=[],consumes=[],produces=[],custom=[]}" onto public com.timmy.entity.Msg com.timmy.controller.AllController.syncUsersByDatabaseAllDevices()
16-Jul-2026 17:22:58.543 INFO [main] org.springframework.web.servlet.mvc.method.annotation.RequestMappingHandlerMapping.registerHandlerMethod Mapped "{[/syncUsersStatusByUpdDateAllDevices],methods=[GET],params=[],headers=[],consumes=[],produces=[],custom=[]}" onto public com.timmy.entity.Msg com.timmy.controller.AllController.syncUsersStatusByUpdDateAllDevices(java.lang.String)
16-Jul-2026 17:22:58.544 INFO [main] org.springframework.web.servlet.mvc.method.annotation.RequestMappingHandlerMapping.registerHandlerMethod Mapped "{[/syncUsersDeleteByDelDateAllDevices],methods=[GET],params=[],headers=[],consumes=[],produces=[],custom=[]}" onto public com.timmy.entity.Msg com.timmy.controller.AllController.syncUsersDeleteByDelDateAllDevices(java.lang.String)
16-Jul-2026 17:22:58.544 INFO [main] org.springframework.web.servlet.mvc.method.annotation.RequestMappingHandlerMapping.registerHandlerMethod Mapped "{[/syncInactiveUsersDisableAllDevices],methods=[GET],params=[],headers=[],consumes=[],produces=[],custom=[]}" onto public com.timmy.entity.Msg com.timmy.controller.AllController.syncInactiveUsersDisableAllDevices()
16-Jul-2026 17:22:58.544 INFO [main] org.springframework.web.servlet.mvc.method.annotation.RequestMappingHandlerMapping.registerHandlerMethod Mapped "{[/deleteUserFromAllDevices],methods=[GET],params=[],headers=[],consumes=[],produces=[],custom=[]}" onto public com.timmy.entity.Msg com.timmy.controller.AllController.deleteUserFromAllDevices(java.lang.Long)
16-Jul-2026 17:22:58.545 INFO [main] org.springframework.web.servlet.mvc.method.annotation.RequestMappingHandlerMapping.registerHandlerMethod Mapped "{[/setUserToAllDeviceStatus],methods=[GET],params=[],headers=[],consumes=[],produces=[],custom=[]}" onto public com.timmy.entity.Msg com.timmy.controller.AllController.setUserToAllDeviceStatus()
16-Jul-2026 17:22:58.545 INFO [main] org.springframework.web.servlet.mvc.method.annotation.RequestMappingHandlerMapping.registerHandlerMethod Mapped "{[/syncUsernameDeltaAllDevicesStatus],methods=[GET],params=[],headers=[],consumes=[],produces=[],custom=[]}" onto public com.timmy.entity.Msg com.timmy.controller.AllController.syncUsernameDeltaAllDevicesStatus()
16-Jul-2026 17:22:58.546 INFO [main] org.springframework.web.servlet.mvc.method.annotation.RequestMappingHandlerMapping.registerHandlerMethod Mapped "{[/syncMasterDeviceFullToAll],methods=[GET],params=[],headers=[],consumes=[],produces=[],custom=[]}" onto public com.timmy.entity.Msg com.timmy.controller.AllController.syncMasterDeviceFullToAll(java.lang.String,boolean)
16-Jul-2026 17:22:58.546 INFO [main] org.springframework.web.servlet.mvc.method.annotation.RequestMappingHandlerMapping.registerHandlerMethod Mapped "{[/syncUsersStatusAllDevices],methods=[GET],params=[],headers=[],consumes=[],produces=[],custom=[]}" onto public com.timmy.entity.Msg com.timmy.controller.AllController.syncUsersStatusAllDevices()
16-Jul-2026 17:22:58.546 INFO [main] org.springframework.web.servlet.mvc.method.annotation.RequestMappingHandlerMapping.registerHandlerMethod Mapped "{[/syncUsernameDeltaAllDevices],methods=[GET],params=[],headers=[],consumes=[],produces=[],custom=[]}" onto public com.timmy.entity.Msg com.timmy.controller.AllController.syncUsernameDeltaAllDevices()
16-Jul-2026 17:22:58.547 INFO [main] org.springframework.web.servlet.mvc.method.annotation.RequestMappingHandlerMapping.registerHandlerMethod Mapped "{[/syncUserByDatabaseStatus],methods=[GET],params=[],headers=[],consumes=[],produces=[],custom=[]}" onto public com.timmy.entity.Msg com.timmy.controller.AllController.syncUserByDatabaseStatus(java.lang.Long)
16-Jul-2026 17:22:58.547 INFO [main] org.springframework.web.servlet.mvc.method.annotation.RequestMappingHandlerMapping.registerHandlerMethod Mapped "{[/directSendUsersToSelectedDevices],methods=[GET],params=[],headers=[],consumes=[],produces=[],custom=[]}" onto public com.timmy.entity.Msg com.timmy.controller.AllController.directSendUsersToSelectedDevices(java.lang.String,java.lang.String)
16-Jul-2026 17:22:58.548 INFO [main] org.springframework.web.servlet.mvc.method.annotation.RequestMappingHandlerMapping.registerHandlerMethod Mapped "{[/getDeviceInfo],methods=[GET],params=[],headers=[],consumes=[],produces=[],custom=[]}" onto public com.timmy.entity.Msg com.timmy.controller.AllController.getDeviceInfo(java.lang.String)
16-Jul-2026 17:22:58.548 INFO [main] org.springframework.web.servlet.mvc.method.annotation.RequestMappingHandlerMapping.registerHandlerMethod Mapped "{[/getAllLog],methods=[GET],params=[],headers=[],consumes=[],produces=[],custom=[]}" onto public com.timmy.entity.Msg com.timmy.controller.AllController.getAllLog(java.lang.String)
16-Jul-2026 17:22:58.548 INFO [main] org.springframework.web.servlet.mvc.method.annotation.RequestMappingHandlerMapping.registerHandlerMethod Mapped "{[/device],methods=[GET],params=[],headers=[],consumes=[],produces=[],custom=[]}" onto public com.timmy.entity.Msg com.timmy.controller.AllController.getAllDevice()
16-Jul-2026 17:22:58.549 INFO [main] org.springframework.web.servlet.mvc.method.annotation.RequestMappingHandlerMapping.registerHandlerMethod Mapped "{[/setDeviceInOutMode],methods=[GET],params=[],headers=[],consumes=[],produces=[],custom=[]}" onto public com.timmy.entity.Msg com.timmy.controller.AllController.setDeviceInOutMode(java.lang.String,java.lang.String,java.lang.Boolean)
16-Jul-2026 17:22:58.549 INFO [main] org.springframework.web.servlet.mvc.method.annotation.RequestMappingHandlerMapping.registerHandlerMethod Mapped "{[/getDeviceInOutMode],methods=[GET],params=[],headers=[],consumes=[],produces=[],custom=[]}" onto public com.timmy.entity.Msg com.timmy.controller.AllController.getDeviceInOutMode(java.lang.String)
16-Jul-2026 17:22:58.550 INFO [main] org.springframework.web.servlet.mvc.method.annotation.RequestMappingHandlerMapping.registerHandlerMethod Mapped "{[/updateDataPage],methods=[GET],params=[],headers=[],consumes=[],produces=[],custom=[]}" onto public java.lang.String com.timmy.controller.AllController.updateDataPage()
16-Jul-2026 17:22:58.550 INFO [main] org.springframework.web.servlet.mvc.method.annotation.RequestMappingHandlerMapping.registerHandlerMethod Mapped "{[/climsRecordsPage],methods=[GET],params=[],headers=[],consumes=[],produces=[],custom=[]}" onto public java.lang.String com.timmy.controller.AllController.climsRecordsPage()
16-Jul-2026 17:22:58.551 INFO [main] org.springframework.web.servlet.mvc.method.annotation.RequestMappingHandlerMapping.registerHandlerMethod Mapped "{[/enrollInfo],methods=[GET],params=[],headers=[],consumes=[],produces=[],custom=[]}" onto public com.timmy.entity.Msg com.timmy.controller.AllController.getAllEnrollInfo()
16-Jul-2026 17:22:58.551 INFO [main] org.springframework.web.servlet.mvc.method.annotation.RequestMappingHandlerMapping.registerHandlerMethod Mapped "{[/hello1],methods=[],params=[],headers=[],consumes=[],produces=[],custom=[]}" onto public java.lang.String com.timmy.controller.AllController.hello()
16-Jul-2026 17:22:58.552 INFO [main] org.springframework.web.servlet.mvc.method.annotation.RequestMappingHandlerMapping.registerHandlerMethod Mapped "{[/addPerson],methods=[POST],params=[],headers=[],consumes=[],produces=[],custom=[]}" onto public com.timmy.entity.Msg com.timmy.controller.AllController.addPerson(com.timmy.entity.PersonTemp,org.springframework.web.multipart.MultipartFile) throws java.lang.Exception
16-Jul-2026 17:22:58.552 INFO [main] org.springframework.web.servlet.mvc.method.annotation.RequestMappingHandlerMapping.registerHandlerMethod Mapped "{[/savePerson],methods=[POST],params=[],headers=[],consumes=[],produces=[],custom=[]}" onto public com.timmy.entity.Msg com.timmy.controller.AllController.savePerson(com.timmy.entity.PersonTemp,org.springframework.web.multipart.MultipartFile,java.lang.String,java.lang.String)
16-Jul-2026 17:22:58.552 INFO [main] org.springframework.web.servlet.mvc.method.annotation.RequestMappingHandlerMapping.registerHandlerMethod Mapped "{[/sendWs],methods=[GET],params=[],headers=[],consumes=[],produces=[],custom=[]}" onto public com.timmy.entity.Msg com.timmy.controller.AllController.sendWs(java.lang.String)
16-Jul-2026 17:22:58.553 INFO [main] org.springframework.web.servlet.mvc.method.annotation.RequestMappingHandlerMapping.registerHandlerMethod Mapped "{[/personDetail],methods=[GET],params=[],headers=[],consumes=[],produces=[],custom=[]}" onto public com.timmy.entity.Msg com.timmy.controller.AllController.personDetail(java.lang.Long)
16-Jul-2026 17:22:58.553 INFO [main] org.springframework.web.servlet.mvc.method.annotation.RequestMappingHandlerMapping.registerHandlerMethod Mapped "{[/setPersonToDevice],methods=[GET],params=[],headers=[],consumes=[],produces=[],custom=[]}" onto public com.timmy.entity.Msg com.timmy.controller.AllController.sendSetUserInfo(java.lang.String)
16-Jul-2026 17:22:58.553 INFO [main] org.springframework.web.servlet.mvc.method.annotation.RequestMappingHandlerMapping.registerHandlerMethod Mapped "{[/sendGetUserInfo],methods=[],params=[],headers=[],consumes=[],produces=[],custom=[]}" onto public com.timmy.entity.Msg com.timmy.controller.AllController.sendGetUserInfo(int,int,java.lang.String)
16-Jul-2026 17:22:58.554 INFO [main] org.springframework.web.servlet.mvc.method.annotation.RequestMappingHandlerMapping.registerHandlerMethod Mapped "{[/setOneUser],methods=[GET],params=[],headers=[],consumes=[],produces=[],custom=[]}" onto public com.timmy.entity.Msg com.timmy.controller.AllController.setOneUserTo(java.lang.Long,int,java.lang.String)
16-Jul-2026 17:22:58.554 INFO [main] org.springframework.web.servlet.mvc.method.annotation.RequestMappingHandlerMapping.registerHandlerMethod Mapped "{[/getNewLog],methods=[GET],params=[],headers=[],consumes=[],produces=[],custom=[]}" onto public com.timmy.entity.Msg com.timmy.controller.AllController.getNewLog(java.lang.String)
16-Jul-2026 17:22:58.555 INFO [main] org.springframework.web.servlet.mvc.method.annotation.RequestMappingHandlerMapping.registerHandlerMethod Mapped "{[/emps],methods=[],params=[],headers=[],consumes=[],produces=[],custom=[]}" onto public com.timmy.entity.Msg com.timmy.controller.AllController.getAllPersonFromDB(java.lang.Integer,java.lang.String)
16-Jul-2026 17:22:58.555 INFO [main] org.springframework.web.servlet.mvc.method.annotation.RequestMappingHandlerMapping.registerHandlerMethod Mapped "{[/initSystem],methods=[GET],params=[],headers=[],consumes=[],produces=[],custom=[]}" onto public com.timmy.entity.Msg com.timmy.controller.AllController.initSystem(java.lang.String)
16-Jul-2026 17:22:58.572 INFO [main] org.springframework.web.servlet.mvc.method.annotation.RequestMappingHandlerMapping.registerHandlerMethod Mapped "{[/records],methods=[],params=[],headers=[],consumes=[],produces=[],custom=[]}" onto public com.timmy.entity.Msg com.timmy.controller.AllController.getAllLogFromDB(java.lang.Integer,java.lang.String,java.lang.Boolean)
16-Jul-2026 17:22:58.572 INFO [main] org.springframework.web.servlet.mvc.method.annotation.RequestMappingHandlerMapping.registerHandlerMethod Mapped "{[/recordsLatest],methods=[],params=[],headers=[],consumes=[],produces=[],custom=[]}" onto public com.timmy.entity.Msg com.timmy.controller.AllController.getLatestLogFromDB(java.lang.Integer,java.lang.String,java.lang.String,java.lang.String,java.lang.String,java.lang.Integer,java.lang.Integer,java.lang.Boolean)
16-Jul-2026 17:22:58.572 INFO [main] org.springframework.web.servlet.mvc.method.annotation.RequestMappingHandlerMapping.registerHandlerMethod Mapped "{[/setUserToAllDevice],methods=[GET],params=[],headers=[],consumes=[],produces=[],custom=[]}" onto public com.timmy.entity.Msg com.timmy.controller.AllController.setUserToAllDevice()
16-Jul-2026 17:22:58.573 INFO [main] org.springframework.web.servlet.mvc.method.annotation.RequestMappingHandlerMapping.registerHandlerMethod Mapped "{[/setUserEnable],methods=[GET],params=[],headers=[],consumes=[],produces=[],custom=[]}" onto public com.timmy.entity.Msg com.timmy.controller.AllController.setUserEnable(java.lang.Long,java.lang.Integer,java.lang.String)
16-Jul-2026 17:22:58.573 INFO [main] org.springframework.web.servlet.mvc.method.annotation.RequestMappingHandlerMapping.registerHandlerMethod Mapped "{[/geUSerLock],methods=[GET],params=[],headers=[],consumes=[],produces=[],custom=[]}" onto public com.timmy.entity.Msg com.timmy.controller.AllController.getUserLock(java.lang.Integer,java.lang.String)
16-Jul-2026 17:22:58.574 INFO [main] org.springframework.web.servlet.mvc.method.annotation.RequestMappingHandlerMapping.registerHandlerMethod Mapped "{[/getDevLock],methods=[GET],params=[],headers=[],consumes=[],produces=[],custom=[]}" onto public com.timmy.entity.Msg com.timmy.controller.AllController.getDevLock(java.lang.String)
16-Jul-2026 17:22:58.575 INFO [main] org.springframework.web.servlet.mvc.method.annotation.RequestMappingHandlerMapping.registerHandlerMethod Mapped "{[/cleanAdmin],methods=[GET],params=[],headers=[],consumes=[],produces=[],custom=[]}" onto public com.timmy.entity.Msg com.timmy.controller.AllController.cleanAdmin(java.lang.String)
16-Jul-2026 17:22:58.575 INFO [main] org.springframework.web.servlet.mvc.method.annotation.RequestMappingHandlerMapping.registerHandlerMethod Mapped "{[/openDoor],methods=[GET],params=[],headers=[],consumes=[],produces=[],custom=[]}" onto public com.timmy.entity.Msg com.timmy.controller.AllController.openDoor(int,java.lang.String)
16-Jul-2026 17:22:58.576 INFO [main] org.springframework.web.servlet.mvc.method.annotation.RequestMappingHandlerMapping.registerHandlerMethod Mapped "{[/synchronizeTime],methods=[GET],params=[],headers=[],consumes=[],produces=[],custom=[]}" onto public com.timmy.entity.Msg com.timmy.controller.AllController.synchronizeTime(java.lang.String)
16-Jul-2026 17:22:58.576 INFO [main] org.springframework.web.servlet.mvc.method.annotation.RequestMappingHandlerMapping.registerHandlerMethod Mapped "{[/login],methods=[GET],params=[],headers=[],consumes=[],produces=[],custom=[]}" onto public java.lang.String com.timmy.controller.AuthController.loginPage(javax.servlet.http.HttpSession)
16-Jul-2026 17:22:58.577 INFO [main] org.springframework.web.servlet.mvc.method.annotation.RequestMappingHandlerMapping.registerHandlerMethod Mapped "{[/logout],methods=[GET],params=[],headers=[],consumes=[],produces=[],custom=[]}" onto public java.lang.String com.timmy.controller.AuthController.logout(javax.servlet.http.HttpSession)
16-Jul-2026 17:22:58.577 INFO [main] org.springframework.web.servlet.mvc.method.annotation.RequestMappingHandlerMapping.registerHandlerMethod Mapped "{[/login],methods=[POST],params=[],headers=[],consumes=[],produces=[],custom=[]}" onto public java.lang.String com.timmy.controller.AuthController.login(java.lang.String,java.lang.String,javax.servlet.http.HttpSession)
16-Jul-2026 17:22:59.529 INFO [main] org.springframework.web.servlet.handler.SimpleUrlHandlerMapping.registerHandler Mapped URL path [/resources] onto handler 'org.springframework.web.servlet.resource.ResourceHttpRequestHandler#0'
16-Jul-2026 17:23:00.803 INFO [main] org.springframework.web.servlet.DispatcherServlet.initServletBean FrameworkServlet 'dispatcher': initialization completed in 3303 ms
16-Jul-2026 17:23:00.838 INFO [main] org.apache.catalina.startup.HostConfig.deployDirectory Deployment of web application directory [C:\Users\sjay8\Downloads\yamuna_fina_project\patratu_fina_project\newwork\newwork\JAVA_2512\JAVA_2512\dist\client\FingerprintClient_IDSL_DEVICEFIX\app\tomcat\webapps\demo] has finished in [24,526] ms
16-Jul-2026 17:23:00.838 INFO [main] org.apache.catalina.startup.HostConfig.deployDirectory Deploying web application directory [C:\Users\sjay8\Downloads\yamuna_fina_project\patratu_fina_project\newwork\newwork\JAVA_2512\JAVA_2512\dist\client\FingerprintClient_IDSL_DEVICEFIX\app\tomcat\webapps\docs]
16-Jul-2026 17:23:00.917 INFO [main] org.apache.catalina.startup.HostConfig.deployDirectory Deployment of web application directory [C:\Users\sjay8\Downloads\yamuna_fina_project\patratu_fina_project\newwork\newwork\JAVA_2512\JAVA_2512\dist\client\FingerprintClient_IDSL_DEVICEFIX\app\tomcat\webapps\docs] has finished in [79] ms
16-Jul-2026 17:23:00.918 INFO [main] org.apache.catalina.startup.HostConfig.deployDirectory Deploying web application directory [C:\Users\sjay8\Downloads\yamuna_fina_project\patratu_fina_project\newwork\newwork\JAVA_2512\JAVA_2512\dist\client\FingerprintClient_IDSL_DEVICEFIX\app\tomcat\webapps\examples]
16-Jul-2026 17:23:01.396 WARNING [main] org.apache.jasper.servlet.TldScanner.scanJspConfig Failed to process TLD with path [/WEB-INF/jsp/debug-taglib.tld] and URI [http://tomcat.apache.org/debug-taglib]. The specified path does not exist.
16-Jul-2026 17:23:01.464 SEVERE [main] org.apache.catalina.core.StandardContext.startInternal One or more listeners failed to start. Full details will be found in the appropriate container log file
16-Jul-2026 17:23:01.465 SEVERE [main] org.apache.catalina.core.StandardContext.startInternal Context [/examples] startup failed due to previous errors
16-Jul-2026 17:23:01.484 INFO [main] org.apache.catalina.startup.HostConfig.deployDirectory Deployment of web application directory [C:\Users\sjay8\Downloads\yamuna_fina_project\patratu_fina_project\newwork\newwork\JAVA_2512\JAVA_2512\dist\client\FingerprintClient_IDSL_DEVICEFIX\app\tomcat\webapps\examples] has finished in [566] ms
16-Jul-2026 17:23:01.485 INFO [main] org.apache.catalina.startup.HostConfig.deployDirectory Deploying web application directory [C:\Users\sjay8\Downloads\yamuna_fina_project\patratu_fina_project\newwork\newwork\JAVA_2512\JAVA_2512\dist\client\FingerprintClient_IDSL_DEVICEFIX\app\tomcat\webapps\host-manager]
16-Jul-2026 17:23:01.572 INFO [main] org.apache.catalina.startup.HostConfig.deployDirectory Deployment of web application directory [C:\Users\sjay8\Downloads\yamuna_fina_project\patratu_fina_project\newwork\newwork\JAVA_2512\JAVA_2512\dist\client\FingerprintClient_IDSL_DEVICEFIX\app\tomcat\webapps\host-manager] has finished in [86] ms
16-Jul-2026 17:23:01.573 INFO [main] org.apache.catalina.startup.HostConfig.deployDirectory Deploying web application directory [C:\Users\sjay8\Downloads\yamuna_fina_project\patratu_fina_project\newwork\newwork\JAVA_2512\JAVA_2512\dist\client\FingerprintClient_IDSL_DEVICEFIX\app\tomcat\webapps\manager]
16-Jul-2026 17:23:01.677 INFO [main] org.apache.catalina.startup.HostConfig.deployDirectory Deployment of web application directory [C:\Users\sjay8\Downloads\yamuna_fina_project\patratu_fina_project\newwork\newwork\JAVA_2512\JAVA_2512\dist\client\FingerprintClient_IDSL_DEVICEFIX\app\tomcat\webapps\manager] has finished in [104] ms
16-Jul-2026 17:23:01.678 INFO [main] org.apache.catalina.startup.HostConfig.deployDirectory Deploying web application directory [C:\Users\sjay8\Downloads\yamuna_fina_project\patratu_fina_project\newwork\newwork\JAVA_2512\JAVA_2512\dist\client\FingerprintClient_IDSL_DEVICEFIX\app\tomcat\webapps\ROOT]
16-Jul-2026 17:23:01.764 INFO [main] org.apache.catalina.startup.HostConfig.deployDirectory Deployment of web application directory [C:\Users\sjay8\Downloads\yamuna_fina_project\patratu_fina_project\newwork\newwork\JAVA_2512\JAVA_2512\dist\client\FingerprintClient_IDSL_DEVICEFIX\app\tomcat\webapps\ROOT] has finished in [86] ms
16-Jul-2026 17:23:01.773 INFO [main] org.apache.coyote.AbstractProtocol.start Starting ProtocolHandler ["http-nio-8081"]
16-Jul-2026 17:23:01.792 INFO [main] org.apache.catalina.startup.Catalina.start Server startup in [25616] milliseconds
16-Jul-2026 17:40:56.040 INFO [main] org.apache.catalina.startup.VersionLoggerListener.log Server version name:   Apache Tomcat/9.0.120
16-Jul-2026 17:40:56.051 INFO [main] org.apache.catalina.startup.VersionLoggerListener.log Server built:          Jul 3 2026 07:49:53 UTC
16-Jul-2026 17:40:56.051 INFO [main] org.apache.catalina.startup.VersionLoggerListener.log Server version number: 9.0.120.0
16-Jul-2026 17:40:56.052 INFO [main] org.apache.catalina.startup.VersionLoggerListener.log OS Name:               Windows 11
16-Jul-2026 17:40:56.052 INFO [main] org.apache.catalina.startup.VersionLoggerListener.log OS Version:            10.0
16-Jul-2026 17:40:56.052 INFO [main] org.apache.catalina.startup.VersionLoggerListener.log Architecture:          amd64
16-Jul-2026 17:40:56.052 INFO [main] org.apache.catalina.startup.VersionLoggerListener.log Java Home:             C:\Program Files\Microsoft\jdk-17.0.19.10-hotspot
16-Jul-2026 17:40:56.053 INFO [main] org.apache.catalina.startup.VersionLoggerListener.log JVM Version:           17.0.19+10-LTS
16-Jul-2026 17:40:56.053 INFO [main] org.apache.catalina.startup.VersionLoggerListener.log JVM Vendor:            Microsoft
16-Jul-2026 17:40:56.053 INFO [main] org.apache.catalina.startup.VersionLoggerListener.log CATALINA_BASE:         C:\Users\sjay8\Downloads\yamuna_fina_project\patratu_fina_project\newwork\newwork\JAVA_2512\JAVA_2512\dist\client\FingerprintClient_IDSL_DEVICEFIX\app\tomcat
16-Jul-2026 17:40:56.053 INFO [main] org.apache.catalina.startup.VersionLoggerListener.log CATALINA_HOME:         C:\Users\sjay8\Downloads\yamuna_fina_project\patratu_fina_project\newwork\newwork\JAVA_2512\JAVA_2512\dist\client\FingerprintClient_IDSL_DEVICEFIX\app\tomcat
16-Jul-2026 17:40:56.118 INFO [main] org.apache.catalina.startup.VersionLoggerListener.log Command line argument: --add-opens=java.base/java.lang=ALL-UNNAMED
16-Jul-2026 17:40:56.120 INFO [main] org.apache.catalina.startup.VersionLoggerListener.log Command line argument: --add-opens=java.base/java.lang.invoke=ALL-UNNAMED
16-Jul-2026 17:40:56.120 INFO [main] org.apache.catalina.startup.VersionLoggerListener.log Command line argument: --add-opens=java.base/java.lang.reflect=ALL-UNNAMED
16-Jul-2026 17:40:56.121 INFO [main] org.apache.catalina.startup.VersionLoggerListener.log Command line argument: --add-opens=java.base/java.io=ALL-UNNAMED
16-Jul-2026 17:40:56.121 INFO [main] org.apache.catalina.startup.VersionLoggerListener.log Command line argument: --add-opens=java.base/java.util=ALL-UNNAMED
16-Jul-2026 17:40:56.122 INFO [main] org.apache.catalina.startup.VersionLoggerListener.log Command line argument: --add-opens=java.base/java.util.concurrent=ALL-UNNAMED
16-Jul-2026 17:40:56.124 INFO [main] org.apache.catalina.startup.VersionLoggerListener.log Command line argument: --add-opens=java.rmi/sun.rmi.transport=ALL-UNNAMED
16-Jul-2026 17:40:56.126 INFO [main] org.apache.catalina.startup.VersionLoggerListener.log Command line argument: -Djava.util.logging.config.file=C:\Users\sjay8\Downloads\yamuna_fina_project\patratu_fina_project\newwork\newwork\JAVA_2512\JAVA_2512\dist\client\FingerprintClient_IDSL_DEVICEFIX\app\tomcat\conf\logging.properties
16-Jul-2026 17:40:56.126 INFO [main] org.apache.catalina.startup.VersionLoggerListener.log Command line argument: -Djava.util.logging.manager=org.apache.juli.ClassLoaderLogManager
16-Jul-2026 17:40:56.126 INFO [main] org.apache.catalina.startup.VersionLoggerListener.log Command line argument: -Djdk.tls.ephemeralDHKeySize=2048
16-Jul-2026 17:40:56.127 INFO [main] org.apache.catalina.startup.VersionLoggerListener.log Command line argument: -Djava.protocol.handler.pkgs=org.apache.catalina.webresources
16-Jul-2026 17:40:56.128 INFO [main] org.apache.catalina.startup.VersionLoggerListener.log Command line argument: -Dsun.io.useCanonCaches=false
16-Jul-2026 17:40:56.129 INFO [main] org.apache.catalina.startup.VersionLoggerListener.log Command line argument: -Dignore.endorsed.dirs=
16-Jul-2026 17:40:56.129 INFO [main] org.apache.catalina.startup.VersionLoggerListener.log Command line argument: -Dcatalina.base=C:\Users\sjay8\Downloads\yamuna_fina_project\patratu_fina_project\newwork\newwork\JAVA_2512\JAVA_2512\dist\client\FingerprintClient_IDSL_DEVICEFIX\app\tomcat
16-Jul-2026 17:40:56.131 INFO [main] org.apache.catalina.startup.VersionLoggerListener.log Command line argument: -Dcatalina.home=C:\Users\sjay8\Downloads\yamuna_fina_project\patratu_fina_project\newwork\newwork\JAVA_2512\JAVA_2512\dist\client\FingerprintClient_IDSL_DEVICEFIX\app\tomcat
16-Jul-2026 17:40:56.131 INFO [main] org.apache.catalina.startup.VersionLoggerListener.log Command line argument: -Djava.io.tmpdir=C:\Users\sjay8\Downloads\yamuna_fina_project\patratu_fina_project\newwork\newwork\JAVA_2512\JAVA_2512\dist\client\FingerprintClient_IDSL_DEVICEFIX\app\tomcat\temp
16-Jul-2026 17:40:56.168 INFO [main] org.apache.catalina.core.AprLifecycleListener.lifecycleEvent The Apache Tomcat Native library which allows using OpenSSL was not found on the java.library.path: [C:\Program Files\Microsoft\jdk-17.0.19.10-hotspot\bin;C:\WINDOWS\Sun\Java\bin;C:\WINDOWS\system32;C:\WINDOWS;C:\Program Files\Microsoft MPI\Bin\;C:\Program Files\Microsoft\jdk-17.0.19.10-hotspot\bin;C:\WINDOWS\system32;C:\WINDOWS;C:\WINDOWS\System32\Wbem;C:\WINDOWS\System32\WindowsPowerShell\v1.0\;C:\WINDOWS\System32\OpenSSH\;C:\Program Files\nodejs\;C:\Program Files\Git\cmd;C:\Program Files\Docker\Docker\resources\bin;C:\Program Files\PuTTY\;C:\Program Files\CMake\bin;C:\Program Files (x86)\Microsoft SQL Server\170\Tools\Binn\;C:\Program Files\Microsoft SQL Server\170\Tools\Binn\;C:\Program Files\Microsoft SQL Server\Client SDK\ODBC\180\Tools\Binn\;C:\Program Files\Microsoft SQL Server\170\DTS\Binn\;C:\Program Files (x86)\Microsoft SQL Server\170\DTS\Binn\;C:\Program Files (x86)\Arm GNU Toolchain arm-none-eabi\14.2 rel1\bin;C:\Users\sjay8\.espressif\eim_gui;C:\Users\sjay8\AppData\Local\Programs\Python\Python311\Scripts\;C:\Users\sjay8\AppData\Local\Programs\Python\Python311\;C:\Users\sjay8\AppData\Local\Programs\Python\Python314\Scripts\;C:\Users\sjay8\AppData\Local\Programs\Python\Python314\;C:\Users\sjay8\AppData\Local\Microsoft\WindowsApps;C:\Users\sjay8\AppData\Roaming\npm;C:\Users\sjay8\AppData\Local\Programs\Microsoft VS Code\bin;C:\src\flutter\bin;C:\Users\sjay8\AppData\Local\Microsoft\WinGet\Packages\Ninja-build.Ninja_Microsoft.Winget.Source_8wekyb3d8bbwe;C:\Users\sjay8\AppData\Local\Microsoft\WinGet\Packages\Gyan.FFmpeg_Microsoft.Winget.Source_8wekyb3d8bbwe\ffmpeg-8.1.2-full_build\bin;C:\Users\sjay8\AppData\Local\Microsoft\WinGet\Packages\taizod1024.redis-windows-fork_Microsoft.Winget.Source_8wekyb3d8bbwe\Redis-8.8.0-Windows-x64-msys2;C:\Users\sjay8\AppData\Local\Microsoft\WinGet\Packages\NSSM.NSSM_Microsoft.Winget.Source_8wekyb3d8bbwe\nssm-2.24-101-g897c7ad\win64;.]
16-Jul-2026 17:40:56.852 INFO [main] org.apache.coyote.AbstractProtocol.init Initializing ProtocolHandler ["http-nio-8081"]
16-Jul-2026 17:40:56.913 INFO [main] org.apache.catalina.startup.Catalina.load Server initialization in [1386] milliseconds
16-Jul-2026 17:40:57.033 INFO [main] org.apache.catalina.core.StandardService.startInternal Starting service [Catalina]
16-Jul-2026 17:40:57.035 INFO [main] org.apache.catalina.core.StandardEngine.startInternal Starting Servlet engine: [Apache Tomcat/9.0.120]
16-Jul-2026 17:40:57.082 INFO [main] org.apache.catalina.startup.HostConfig.deployDirectory Deploying web application directory [C:\Users\sjay8\Downloads\yamuna_fina_project\patratu_fina_project\newwork\newwork\JAVA_2512\JAVA_2512\dist\client\FingerprintClient_IDSL_DEVICEFIX\app\tomcat\webapps\demo]
16-Jul-2026 17:41:05.224 INFO [main] org.apache.jasper.servlet.TldScanner.scanJars At least one JAR was scanned for TLDs yet contained no TLDs. Enable debug logging for this logger for a complete list of JARs that were scanned but no TLDs were found in them. Skipping unneeded JARs during scanning can improve startup time and JSP compilation time.
16-Jul-2026 17:41:05.517 INFO [main] org.springframework.web.context.ContextLoader.initWebApplicationContext Root WebApplicationContext: initialization started
16-Jul-2026 17:41:05.997 INFO [main] org.springframework.web.context.support.XmlWebApplicationContext.prepareRefresh Refreshing Root WebApplicationContext: startup date [Thu Jul 16 17:41:05 IST 2026]; root of context hierarchy
16-Jul-2026 17:41:06.197 INFO [main] org.springframework.beans.factory.xml.XmlBeanDefinitionReader.loadBeanDefinitions Loading XML bean definitions from class path resource [spring-mybatis.xml]
16-Jul-2026 17:41:08.016 INFO [main] org.springframework.beans.factory.config.PropertyPlaceholderConfigurer.loadProperties Loading properties file from class path resource [jdbc.properties]
16-Jul-2026 17:41:08.039 INFO [main] org.springframework.beans.factory.annotation.AutowiredAnnotationBeanPostProcessor.<init> JSR-330 'javax.inject.Inject' annotation found and supported for autowiring
16-Jul-2026 17:41:12.289 INFO [main] org.springframework.web.context.ContextLoader.initWebApplicationContext Root WebApplicationContext: initialization completed in 6772 ms
16-Jul-2026 17:41:15.745 WARNING [main] org.apache.catalina.util.SessionIdGeneratorBase.createSecureRandom Creation of SecureRandom instance for session ID generation using [SHA1PRNG] took [255] milliseconds.
16-Jul-2026 17:41:15.816 INFO [main] org.springframework.web.servlet.DispatcherServlet.initServletBean FrameworkServlet 'dispatcher': initialization started
16-Jul-2026 17:41:15.826 INFO [main] org.springframework.web.context.support.XmlWebApplicationContext.prepareRefresh Refreshing WebApplicationContext for namespace 'dispatcher-servlet': startup date [Thu Jul 16 17:41:15 IST 2026]; parent: Root WebApplicationContext
16-Jul-2026 17:41:15.829 INFO [main] org.springframework.beans.factory.xml.XmlBeanDefinitionReader.loadBeanDefinitions Loading XML bean definitions from URL [file:/C:/Users/sjay8/Downloads/yamuna_fina_project/patratu_fina_project/newwork/newwork/JAVA_2512/JAVA_2512/dist/client/FingerprintClient_IDSL_DEVICEFIX/app/tomcat/webapps/demo/WEB-INF/classes/spring-mvc.xml]
16-Jul-2026 17:41:16.365 INFO [main] org.springframework.beans.factory.annotation.AutowiredAnnotationBeanPostProcessor.<init> JSR-330 'javax.inject.Inject' annotation found and supported for autowiring
16-Jul-2026 17:41:16.705 INFO [main] org.springframework.web.servlet.mvc.method.annotation.RequestMappingHandlerMapping.registerHandlerMethod Mapped "{[/getDeviceInfo],methods=[GET],params=[],headers=[],consumes=[],produces=[],custom=[]}" onto public com.timmy.entity.Msg com.timmy.controller.AllController.getDeviceInfo(java.lang.String)
16-Jul-2026 17:41:16.706 INFO [main] org.springframework.web.servlet.mvc.method.annotation.RequestMappingHandlerMapping.registerHandlerMethod Mapped "{[/getAllLog],methods=[GET],params=[],headers=[],consumes=[],produces=[],custom=[]}" onto public com.timmy.entity.Msg com.timmy.controller.AllController.getAllLog(java.lang.String)
16-Jul-2026 17:41:16.706 INFO [main] org.springframework.web.servlet.mvc.method.annotation.RequestMappingHandlerMapping.registerHandlerMethod Mapped "{[/getUserInfo],methods=[GET],params=[],headers=[],consumes=[],produces=[],custom=[]}" onto public com.timmy.entity.Msg com.timmy.controller.AllController.getUserInfo(java.lang.String)
16-Jul-2026 17:41:16.707 INFO [main] org.springframework.web.servlet.mvc.method.annotation.RequestMappingHandlerMapping.registerHandlerMethod Mapped "{[/schedulerStatusPage],methods=[GET],params=[],headers=[],consumes=[],produces=[],custom=[]}" onto public java.lang.String com.timmy.controller.AllController.schedulerStatusPage()
16-Jul-2026 17:41:16.707 INFO [main] org.springframework.web.servlet.mvc.method.annotation.RequestMappingHandlerMapping.registerHandlerMethod Mapped "{[/schedulerDailyStatus],methods=[GET],params=[],headers=[],consumes=[],produces=[],custom=[]}" onto public com.timmy.entity.Msg com.timmy.controller.AllController.schedulerDailyStatus(java.lang.Integer,java.lang.Integer,java.lang.Integer)
16-Jul-2026 17:41:16.708 INFO [main] org.springframework.web.servlet.mvc.method.annotation.RequestMappingHandlerMapping.registerHandlerMethod Mapped "{[/masterDeviceSyncStatus],methods=[GET],params=[],headers=[],consumes=[],produces=[],custom=[]}" onto public com.timmy.entity.Msg com.timmy.controller.AllController.masterDeviceSyncStatus()
16-Jul-2026 17:41:16.708 INFO [main] org.springframework.web.servlet.mvc.method.annotation.RequestMappingHandlerMapping.registerHandlerMethod Mapped "{[/climsRecords],methods=[],params=[],headers=[],consumes=[],produces=[],custom=[]}" onto public com.timmy.entity.Msg com.timmy.controller.AllController.getAllClimsLogFromDB(java.lang.Integer,java.lang.String,java.lang.String,java.lang.Boolean)
16-Jul-2026 17:41:16.708 INFO [main] org.springframework.web.servlet.mvc.method.annotation.RequestMappingHandlerMapping.registerHandlerMethod Mapped "{[/deletePersonFromDevice],methods=[GET],params=[],headers=[],consumes=[],produces=[],custom=[]}" onto public com.timmy.entity.Msg com.timmy.controller.AllController.deleteDeviceUserInfo(java.lang.Long,java.lang.String)
16-Jul-2026 17:41:16.709 INFO [main] org.springframework.web.servlet.mvc.method.annotation.RequestMappingHandlerMapping.registerHandlerMethod Mapped "{[/syncMasterDeviceFullToAll],methods=[GET],params=[],headers=[],consumes=[],produces=[],custom=[]}" onto public com.timmy.entity.Msg com.timmy.controller.AllController.syncMasterDeviceFullToAll(java.lang.String,boolean)
16-Jul-2026 17:41:16.709 INFO [main] org.springframework.web.servlet.mvc.method.annotation.RequestMappingHandlerMapping.registerHandlerMethod Mapped "{[/setUsernameToDevice],methods=[GET],params=[],headers=[],consumes=[],produces=[],custom=[]}" onto public com.timmy.entity.Msg com.timmy.controller.AllController.setUsernameToDevice(java.lang.String)
16-Jul-2026 17:41:16.710 INFO [main] org.springframework.web.servlet.mvc.method.annotation.RequestMappingHandlerMapping.registerHandlerMethod Mapped "{[/syncUsersStatusByUpdDateAllDevices],methods=[GET],params=[],headers=[],consumes=[],produces=[],custom=[]}" onto public com.timmy.entity.Msg com.timmy.controller.AllController.syncUsersStatusByUpdDateAllDevices(java.lang.String)
16-Jul-2026 17:41:16.710 INFO [main] org.springframework.web.servlet.mvc.method.annotation.RequestMappingHandlerMapping.registerHandlerMethod Mapped "{[/setUserToAllDeviceStatus],methods=[GET],params=[],headers=[],consumes=[],produces=[],custom=[]}" onto public com.timmy.entity.Msg com.timmy.controller.AllController.setUserToAllDeviceStatus()
16-Jul-2026 17:41:16.711 INFO [main] org.springframework.web.servlet.mvc.method.annotation.RequestMappingHandlerMapping.registerHandlerMethod Mapped "{[/directSendUsersToSelectedDevices],methods=[GET],params=[],headers=[],consumes=[],produces=[],custom=[]}" onto public com.timmy.entity.Msg com.timmy.controller.AllController.directSendUsersToSelectedDevices(java.lang.String,java.lang.String)
16-Jul-2026 17:41:16.711 INFO [main] org.springframework.web.servlet.mvc.method.annotation.RequestMappingHandlerMapping.registerHandlerMethod Mapped "{[/onlineDevicesForDirectUserSend],methods=[GET],params=[],headers=[],consumes=[],produces=[],custom=[]}" onto public com.timmy.entity.Msg com.timmy.controller.AllController.onlineDevicesForDirectUserSend()
16-Jul-2026 17:41:16.712 INFO [main] org.springframework.web.servlet.mvc.method.annotation.RequestMappingHandlerMapping.registerHandlerMethod Mapped "{[/syncUsernameDeltaAllDevices],methods=[GET],params=[],headers=[],consumes=[],produces=[],custom=[]}" onto public com.timmy.entity.Msg com.timmy.controller.AllController.syncUsernameDeltaAllDevices()
16-Jul-2026 17:41:16.712 INFO [main] org.springframework.web.servlet.mvc.method.annotation.RequestMappingHandlerMapping.registerHandlerMethod Mapped "{[/syncInactiveUsersDisableAllDevices],methods=[GET],params=[],headers=[],consumes=[],produces=[],custom=[]}" onto public com.timmy.entity.Msg com.timmy.controller.AllController.syncInactiveUsersDisableAllDevices()
16-Jul-2026 17:41:16.712 INFO [main] org.springframework.web.servlet.mvc.method.annotation.RequestMappingHandlerMapping.registerHandlerMethod Mapped "{[/syncUsersDeleteByDelDateAllDevices],methods=[GET],params=[],headers=[],consumes=[],produces=[],custom=[]}" onto public com.timmy.entity.Msg com.timmy.controller.AllController.syncUsersDeleteByDelDateAllDevices(java.lang.String)
16-Jul-2026 17:41:16.713 INFO [main] org.springframework.web.servlet.mvc.method.annotation.RequestMappingHandlerMapping.registerHandlerMethod Mapped "{[/syncUsersStatusAllDevices],methods=[GET],params=[],headers=[],consumes=[],produces=[],custom=[]}" onto public com.timmy.entity.Msg com.timmy.controller.AllController.syncUsersStatusAllDevices()
16-Jul-2026 17:41:16.713 INFO [main] org.springframework.web.servlet.mvc.method.annotation.RequestMappingHandlerMapping.registerHandlerMethod Mapped "{[/syncUsernameDeltaAllDevicesStatus],methods=[GET],params=[],headers=[],consumes=[],produces=[],custom=[]}" onto public com.timmy.entity.Msg com.timmy.controller.AllController.syncUsernameDeltaAllDevicesStatus()
16-Jul-2026 17:41:16.714 INFO [main] org.springframework.web.servlet.mvc.method.annotation.RequestMappingHandlerMapping.registerHandlerMethod Mapped "{[/syncUserByDatabaseStatus],methods=[GET],params=[],headers=[],consumes=[],produces=[],custom=[]}" onto public com.timmy.entity.Msg com.timmy.controller.AllController.syncUserByDatabaseStatus(java.lang.Long)
16-Jul-2026 17:41:16.714 INFO [main] org.springframework.web.servlet.mvc.method.annotation.RequestMappingHandlerMapping.registerHandlerMethod Mapped "{[/deleteUserFromAllDevices],methods=[GET],params=[],headers=[],consumes=[],produces=[],custom=[]}" onto public com.timmy.entity.Msg com.timmy.controller.AllController.deleteUserFromAllDevices(java.lang.Long)
16-Jul-2026 17:41:16.714 INFO [main] org.springframework.web.servlet.mvc.method.annotation.RequestMappingHandlerMapping.registerHandlerMethod Mapped "{[/syncUsersByDatabaseAllDevices],methods=[GET],params=[],headers=[],consumes=[],produces=[],custom=[]}" onto public com.timmy.entity.Msg com.timmy.controller.AllController.syncUsersByDatabaseAllDevices()
16-Jul-2026 17:41:16.715 INFO [main] org.springframework.web.servlet.mvc.method.annotation.RequestMappingHandlerMapping.registerHandlerMethod Mapped "{[/syncUsersByDatabaseAllDevicesStatus],methods=[GET],params=[],headers=[],consumes=[],produces=[],custom=[]}" onto public com.timmy.entity.Msg com.timmy.controller.AllController.syncUsersByDatabaseAllDevicesStatus()
16-Jul-2026 17:41:16.715 INFO [main] org.springframework.web.servlet.mvc.method.annotation.RequestMappingHandlerMapping.registerHandlerMethod Mapped "{[/configureMasterDeviceSync],methods=[GET],params=[],headers=[],consumes=[],produces=[],custom=[]}" onto public com.timmy.entity.Msg com.timmy.controller.AllController.configureMasterDeviceSync(java.lang.String,boolean)
16-Jul-2026 17:41:16.716 INFO [main] org.springframework.web.servlet.mvc.method.annotation.RequestMappingHandlerMapping.registerHandlerMethod Mapped "{[/device],methods=[GET],params=[],headers=[],consumes=[],produces=[],custom=[]}" onto public com.timmy.entity.Msg com.timmy.controller.AllController.getAllDevice()
16-Jul-2026 17:41:16.716 INFO [main] org.springframework.web.servlet.mvc.method.annotation.RequestMappingHandlerMapping.registerHandlerMethod Mapped "{[/getDeviceInOutMode],methods=[GET],params=[],headers=[],consumes=[],produces=[],custom=[]}" onto public com.timmy.entity.Msg com.timmy.controller.AllController.getDeviceInOutMode(java.lang.String)
16-Jul-2026 17:41:16.716 INFO [main] org.springframework.web.servlet.mvc.method.annotation.RequestMappingHandlerMapping.registerHandlerMethod Mapped "{[/setDeviceInOutMode],methods=[GET],params=[],headers=[],consumes=[],produces=[],custom=[]}" onto public com.timmy.entity.Msg com.timmy.controller.AllController.setDeviceInOutMode(java.lang.String,java.lang.String,java.lang.Boolean)
16-Jul-2026 17:41:16.717 INFO [main] org.springframework.web.servlet.mvc.method.annotation.RequestMappingHandlerMapping.registerHandlerMethod Mapped "{[/hello1],methods=[],params=[],headers=[],consumes=[],produces=[],custom=[]}" onto public java.lang.String com.timmy.controller.AllController.hello()
16-Jul-2026 17:41:16.718 INFO [main] org.springframework.web.servlet.mvc.method.annotation.RequestMappingHandlerMapping.registerHandlerMethod Mapped "{[/updateDataPage],methods=[GET],params=[],headers=[],consumes=[],produces=[],custom=[]}" onto public java.lang.String com.timmy.controller.AllController.updateDataPage()
16-Jul-2026 17:41:16.718 INFO [main] org.springframework.web.servlet.mvc.method.annotation.RequestMappingHandlerMapping.registerHandlerMethod Mapped "{[/climsRecordsPage],methods=[GET],params=[],headers=[],consumes=[],produces=[],custom=[]}" onto public java.lang.String com.timmy.controller.AllController.climsRecordsPage()
16-Jul-2026 17:41:16.719 INFO [main] org.springframework.web.servlet.mvc.method.annotation.RequestMappingHandlerMapping.registerHandlerMethod Mapped "{[/savePerson],methods=[POST],params=[],headers=[],consumes=[],produces=[],custom=[]}" onto public com.timmy.entity.Msg com.timmy.controller.AllController.savePerson(com.timmy.entity.PersonTemp,org.springframework.web.multipart.MultipartFile,java.lang.String,java.lang.String)
16-Jul-2026 17:41:16.719 INFO [main] org.springframework.web.servlet.mvc.method.annotation.RequestMappingHandlerMapping.registerHandlerMethod Mapped "{[/personDetail],methods=[GET],params=[],headers=[],consumes=[],produces=[],custom=[]}" onto public com.timmy.entity.Msg com.timmy.controller.AllController.personDetail(java.lang.Long)
16-Jul-2026 17:41:16.720 INFO [main] org.springframework.web.servlet.mvc.method.annotation.RequestMappingHandlerMapping.registerHandlerMethod Mapped "{[/addPerson],methods=[POST],params=[],headers=[],consumes=[],produces=[],custom=[]}" onto public com.timmy.entity.Msg com.timmy.controller.AllController.addPerson(com.timmy.entity.PersonTemp,org.springframework.web.multipart.MultipartFile) throws java.lang.Exception
16-Jul-2026 17:41:16.720 INFO [main] org.springframework.web.servlet.mvc.method.annotation.RequestMappingHandlerMapping.registerHandlerMethod Mapped "{[/enrollInfo],methods=[GET],params=[],headers=[],consumes=[],produces=[],custom=[]}" onto public com.timmy.entity.Msg com.timmy.controller.AllController.getAllEnrollInfo()
16-Jul-2026 17:41:16.720 INFO [main] org.springframework.web.servlet.mvc.method.annotation.RequestMappingHandlerMapping.registerHandlerMethod Mapped "{[/sendWs],methods=[GET],params=[],headers=[],consumes=[],produces=[],custom=[]}" onto public com.timmy.entity.Msg com.timmy.controller.AllController.sendWs(java.lang.String)
16-Jul-2026 17:41:16.735 INFO [main] org.springframework.web.servlet.mvc.method.annotation.RequestMappingHandlerMapping.registerHandlerMethod Mapped "{[/sendGetUserInfo],methods=[],params=[],headers=[],consumes=[],produces=[],custom=[]}" onto public com.timmy.entity.Msg com.timmy.controller.AllController.sendGetUserInfo(int,int,java.lang.String)
16-Jul-2026 17:41:16.736 INFO [main] org.springframework.web.servlet.mvc.method.annotation.RequestMappingHandlerMapping.registerHandlerMethod Mapped "{[/setPersonToDevice],methods=[GET],params=[],headers=[],consumes=[],produces=[],custom=[]}" onto public com.timmy.entity.Msg com.timmy.controller.AllController.sendSetUserInfo(java.lang.String)
16-Jul-2026 17:41:16.736 INFO [main] org.springframework.web.servlet.mvc.method.annotation.RequestMappingHandlerMapping.registerHandlerMethod Mapped "{[/getNewLog],methods=[GET],params=[],headers=[],consumes=[],produces=[],custom=[]}" onto public com.timmy.entity.Msg com.timmy.controller.AllController.getNewLog(java.lang.String)
16-Jul-2026 17:41:16.737 INFO [main] org.springframework.web.servlet.mvc.method.annotation.RequestMappingHandlerMapping.registerHandlerMethod Mapped "{[/recordsLatest],methods=[],params=[],headers=[],consumes=[],produces=[],custom=[]}" onto public com.timmy.entity.Msg com.timmy.controller.AllController.getLatestLogFromDB(java.lang.Integer,java.lang.String,java.lang.String,java.lang.String,java.lang.String,java.lang.Integer,java.lang.Integer,java.lang.Boolean)
16-Jul-2026 17:41:16.737 INFO [main] org.springframework.web.servlet.mvc.method.annotation.RequestMappingHandlerMapping.registerHandlerMethod Mapped "{[/setOneUser],methods=[GET],params=[],headers=[],consumes=[],produces=[],custom=[]}" onto public com.timmy.entity.Msg com.timmy.controller.AllController.setOneUserTo(java.lang.Long,int,java.lang.String)
16-Jul-2026 17:41:16.738 INFO [main] org.springframework.web.servlet.mvc.method.annotation.RequestMappingHandlerMapping.registerHandlerMethod Mapped "{[/emps],methods=[],params=[],headers=[],consumes=[],produces=[],custom=[]}" onto public com.timmy.entity.Msg com.timmy.controller.AllController.getAllPersonFromDB(java.lang.Integer,java.lang.String)
16-Jul-2026 17:41:16.738 INFO [main] org.springframework.web.servlet.mvc.method.annotation.RequestMappingHandlerMapping.registerHandlerMethod Mapped "{[/records],methods=[],params=[],headers=[],consumes=[],produces=[],custom=[]}" onto public com.timmy.entity.Msg com.timmy.controller.AllController.getAllLogFromDB(java.lang.Integer,java.lang.String,java.lang.Boolean)
16-Jul-2026 17:41:16.739 INFO [main] org.springframework.web.servlet.mvc.method.annotation.RequestMappingHandlerMapping.registerHandlerMethod Mapped "{[/initSystem],methods=[GET],params=[],headers=[],consumes=[],produces=[],custom=[]}" onto public com.timmy.entity.Msg com.timmy.controller.AllController.initSystem(java.lang.String)
16-Jul-2026 17:41:16.739 INFO [main] org.springframework.web.servlet.mvc.method.annotation.RequestMappingHandlerMapping.registerHandlerMethod Mapped "{[/geUSerLock],methods=[GET],params=[],headers=[],consumes=[],produces=[],custom=[]}" onto public com.timmy.entity.Msg com.timmy.controller.AllController.getUserLock(java.lang.Integer,java.lang.String)
16-Jul-2026 17:41:16.739 INFO [main] org.springframework.web.servlet.mvc.method.annotation.RequestMappingHandlerMapping.registerHandlerMethod Mapped "{[/cleanAdmin],methods=[GET],params=[],headers=[],consumes=[],produces=[],custom=[]}" onto public com.timmy.entity.Msg com.timmy.controller.AllController.cleanAdmin(java.lang.String)
16-Jul-2026 17:41:16.740 INFO [main] org.springframework.web.servlet.mvc.method.annotation.RequestMappingHandlerMapping.registerHandlerMethod Mapped "{[/setUserToAllDevice],methods=[GET],params=[],headers=[],consumes=[],produces=[],custom=[]}" onto public com.timmy.entity.Msg com.timmy.controller.AllController.setUserToAllDevice()
16-Jul-2026 17:41:16.740 INFO [main] org.springframework.web.servlet.mvc.method.annotation.RequestMappingHandlerMapping.registerHandlerMethod Mapped "{[/openDoor],methods=[GET],params=[],headers=[],consumes=[],produces=[],custom=[]}" onto public com.timmy.entity.Msg com.timmy.controller.AllController.openDoor(int,java.lang.String)
16-Jul-2026 17:41:16.741 INFO [main] org.springframework.web.servlet.mvc.method.annotation.RequestMappingHandlerMapping.registerHandlerMethod Mapped "{[/getDevLock],methods=[GET],params=[],headers=[],consumes=[],produces=[],custom=[]}" onto public com.timmy.entity.Msg com.timmy.controller.AllController.getDevLock(java.lang.String)
16-Jul-2026 17:41:16.741 INFO [main] org.springframework.web.servlet.mvc.method.annotation.RequestMappingHandlerMapping.registerHandlerMethod Mapped "{[/setUserEnable],methods=[GET],params=[],headers=[],consumes=[],produces=[],custom=[]}" onto public com.timmy.entity.Msg com.timmy.controller.AllController.setUserEnable(java.lang.Long,java.lang.Integer,java.lang.String)
16-Jul-2026 17:41:16.742 INFO [main] org.springframework.web.servlet.mvc.method.annotation.RequestMappingHandlerMapping.registerHandlerMethod Mapped "{[/synchronizeTime],methods=[GET],params=[],headers=[],consumes=[],produces=[],custom=[]}" onto public com.timmy.entity.Msg com.timmy.controller.AllController.synchronizeTime(java.lang.String)
16-Jul-2026 17:41:16.742 INFO [main] org.springframework.web.servlet.mvc.method.annotation.RequestMappingHandlerMapping.registerHandlerMethod Mapped "{[/login],methods=[GET],params=[],headers=[],consumes=[],produces=[],custom=[]}" onto public java.lang.String com.timmy.controller.AuthController.loginPage(javax.servlet.http.HttpSession)
16-Jul-2026 17:41:16.743 INFO [main] org.springframework.web.servlet.mvc.method.annotation.RequestMappingHandlerMapping.registerHandlerMethod Mapped "{[/logout],methods=[GET],params=[],headers=[],consumes=[],produces=[],custom=[]}" onto public java.lang.String com.timmy.controller.AuthController.logout(javax.servlet.http.HttpSession)
16-Jul-2026 17:41:16.744 INFO [main] org.springframework.web.servlet.mvc.method.annotation.RequestMappingHandlerMapping.registerHandlerMethod Mapped "{[/login],methods=[POST],params=[],headers=[],consumes=[],produces=[],custom=[]}" onto public java.lang.String com.timmy.controller.AuthController.login(java.lang.String,java.lang.String,javax.servlet.http.HttpSession)
16-Jul-2026 17:41:17.617 INFO [main] org.springframework.web.servlet.handler.SimpleUrlHandlerMapping.registerHandler Mapped URL path [/resources] onto handler 'org.springframework.web.servlet.resource.ResourceHttpRequestHandler#0'
16-Jul-2026 17:41:18.484 INFO [main] org.springframework.web.servlet.DispatcherServlet.initServletBean FrameworkServlet 'dispatcher': initialization completed in 2666 ms
16-Jul-2026 17:41:18.506 INFO [main] org.apache.catalina.startup.HostConfig.deployDirectory Deployment of web application directory [C:\Users\sjay8\Downloads\yamuna_fina_project\patratu_fina_project\newwork\newwork\JAVA_2512\JAVA_2512\dist\client\FingerprintClient_IDSL_DEVICEFIX\app\tomcat\webapps\demo] has finished in [21,424] ms
16-Jul-2026 17:41:18.508 INFO [main] org.apache.catalina.startup.HostConfig.deployDirectory Deploying web application directory [C:\Users\sjay8\Downloads\yamuna_fina_project\patratu_fina_project\newwork\newwork\JAVA_2512\JAVA_2512\dist\client\FingerprintClient_IDSL_DEVICEFIX\app\tomcat\webapps\docs]
16-Jul-2026 17:41:18.579 INFO [main] org.apache.catalina.startup.HostConfig.deployDirectory Deployment of web application directory [C:\Users\sjay8\Downloads\yamuna_fina_project\patratu_fina_project\newwork\newwork\JAVA_2512\JAVA_2512\dist\client\FingerprintClient_IDSL_DEVICEFIX\app\tomcat\webapps\docs] has finished in [73] ms
16-Jul-2026 17:41:18.579 INFO [main] org.apache.catalina.startup.HostConfig.deployDirectory Deploying web application directory [C:\Users\sjay8\Downloads\yamuna_fina_project\patratu_fina_project\newwork\newwork\JAVA_2512\JAVA_2512\dist\client\FingerprintClient_IDSL_DEVICEFIX\app\tomcat\webapps\examples]
16-Jul-2026 17:41:19.049 WARNING [main] org.apache.jasper.servlet.TldScanner.scanJspConfig Failed to process TLD with path [/WEB-INF/jsp/debug-taglib.tld] and URI [http://tomcat.apache.org/debug-taglib]. The specified path does not exist.
16-Jul-2026 17:41:19.135 SEVERE [main] org.apache.catalina.core.StandardContext.startInternal One or more listeners failed to start. Full details will be found in the appropriate container log file
16-Jul-2026 17:41:19.136 SEVERE [main] org.apache.catalina.core.StandardContext.startInternal Context [/examples] startup failed due to previous errors
16-Jul-2026 17:41:19.158 INFO [main] org.apache.catalina.startup.HostConfig.deployDirectory Deployment of web application directory [C:\Users\sjay8\Downloads\yamuna_fina_project\patratu_fina_project\newwork\newwork\JAVA_2512\JAVA_2512\dist\client\FingerprintClient_IDSL_DEVICEFIX\app\tomcat\webapps\examples] has finished in [579] ms
16-Jul-2026 17:41:19.159 INFO [main] org.apache.catalina.startup.HostConfig.deployDirectory Deploying web application directory [C:\Users\sjay8\Downloads\yamuna_fina_project\patratu_fina_project\newwork\newwork\JAVA_2512\JAVA_2512\dist\client\FingerprintClient_IDSL_DEVICEFIX\app\tomcat\webapps\host-manager]
16-Jul-2026 17:41:19.249 INFO [main] org.apache.catalina.startup.HostConfig.deployDirectory Deployment of web application directory [C:\Users\sjay8\Downloads\yamuna_fina_project\patratu_fina_project\newwork\newwork\JAVA_2512\JAVA_2512\dist\client\FingerprintClient_IDSL_DEVICEFIX\app\tomcat\webapps\host-manager] has finished in [89] ms
16-Jul-2026 17:41:19.249 INFO [main] org.apache.catalina.startup.HostConfig.deployDirectory Deploying web application directory [C:\Users\sjay8\Downloads\yamuna_fina_project\patratu_fina_project\newwork\newwork\JAVA_2512\JAVA_2512\dist\client\FingerprintClient_IDSL_DEVICEFIX\app\tomcat\webapps\manager]
16-Jul-2026 17:41:19.329 INFO [main] org.apache.catalina.startup.HostConfig.deployDirectory Deployment of web application directory [C:\Users\sjay8\Downloads\yamuna_fina_project\patratu_fina_project\newwork\newwork\JAVA_2512\JAVA_2512\dist\client\FingerprintClient_IDSL_DEVICEFIX\app\tomcat\webapps\manager] has finished in [79] ms
16-Jul-2026 17:41:19.329 INFO [main] org.apache.catalina.startup.HostConfig.deployDirectory Deploying web application directory [C:\Users\sjay8\Downloads\yamuna_fina_project\patratu_fina_project\newwork\newwork\JAVA_2512\JAVA_2512\dist\client\FingerprintClient_IDSL_DEVICEFIX\app\tomcat\webapps\ROOT]
16-Jul-2026 17:41:19.395 INFO [main] org.apache.catalina.startup.HostConfig.deployDirectory Deployment of web application directory [C:\Users\sjay8\Downloads\yamuna_fina_project\patratu_fina_project\newwork\newwork\JAVA_2512\JAVA_2512\dist\client\FingerprintClient_IDSL_DEVICEFIX\app\tomcat\webapps\ROOT] has finished in [66] ms
16-Jul-2026 17:41:19.400 INFO [main] org.apache.coyote.AbstractProtocol.start Starting ProtocolHandler ["http-nio-8081"]
16-Jul-2026 17:41:19.421 INFO [main] org.apache.catalina.startup.Catalina.start Server startup in [22506] milliseconds
16-Jul-2026 17:45:36.553 WARNING [http-nio-8081-exec-5] org.springframework.web.servlet.PageNotFound.noHandlerFound No mapping found for HTTP request with URI [/demo/updateData] in DispatcherServlet with name 'dispatcher'
16-Jul-2026 17:49:35.184 WARNING [http-nio-8081-exec-4] org.springframework.web.servlet.PageNotFound.noHandlerFound No mapping found for HTTP request with URI [/demo/updateData] in DispatcherServlet with name 'dispatcher'
