16-Jul-2026 16:50:28.564 SEVERE [main] org.apache.catalina.core.StandardContext.listenerStart Error configuring application listener of class [listeners.ContextListener]
	java.lang.ClassNotFoundException: listeners.ContextListener
		at org.apache.catalina.loader.WebappClassLoaderBase.loadClass(WebappClassLoaderBase.java:1441)
		at org.apache.catalina.loader.WebappClassLoaderBase.loadClass(WebappClassLoaderBase.java:1250)
		at org.apache.catalina.core.DefaultInstanceManager.loadClass(DefaultInstanceManager.java:535)
		at org.apache.catalina.core.DefaultInstanceManager.loadClassMaybePrivileged(DefaultInstanceManager.java:509)
		at org.apache.catalina.core.DefaultInstanceManager.newInstance(DefaultInstanceManager.java:177)
		at org.apache.catalina.core.StandardContext.listenerStart(StandardContext.java:4131)
		at org.apache.catalina.core.StandardContext.startInternal(StandardContext.java:4646)
		at org.apache.catalina.util.LifecycleBase.start(LifecycleBase.java:170)
		at org.apache.catalina.core.ContainerBase.addChildInternal(ContainerBase.java:616)
		at org.apache.catalina.core.ContainerBase.addChild(ContainerBase.java:588)
		at org.apache.catalina.core.StandardHost.addChild(StandardHost.java:622)
		at org.apache.catalina.startup.HostConfig.deployDirectory(HostConfig.java:1180)
		at org.apache.catalina.startup.HostConfig$DeployDirectory.run(HostConfig.java:1904)
		at java.base/java.util.concurrent.Executors$RunnableAdapter.call(Executors.java:539)
		at java.base/java.util.concurrent.FutureTask.run(FutureTask.java:264)
		at org.apache.tomcat.util.threads.InlineExecutorService.execute(InlineExecutorService.java:82)
		at java.base/java.util.concurrent.AbstractExecutorService.submit(AbstractExecutorService.java:123)
		at org.apache.catalina.startup.HostConfig.deployDirectories(HostConfig.java:1084)
		at org.apache.catalina.startup.HostConfig.deployApps(HostConfig.java:499)
		at org.apache.catalina.startup.HostConfig.start(HostConfig.java:1594)
		at org.apache.catalina.startup.HostConfig.lifecycleEvent(HostConfig.java:333)
		at org.apache.catalina.util.LifecycleBase.fireLifecycleEvent(LifecycleBase.java:115)
		at org.apache.catalina.util.LifecycleBase.setStateInternal(LifecycleBase.java:395)
		at org.apache.catalina.util.LifecycleBase.setState(LifecycleBase.java:342)
		at org.apache.catalina.core.ContainerBase.startInternal(ContainerBase.java:792)
		at org.apache.catalina.core.StandardHost.startInternal(StandardHost.java:740)
		at org.apache.catalina.util.LifecycleBase.start(LifecycleBase.java:170)
		at org.apache.catalina.core.ContainerBase$StartChild.call(ContainerBase.java:1243)
		at org.apache.catalina.core.ContainerBase$StartChild.call(ContainerBase.java:1233)
		at java.base/java.util.concurrent.FutureTask.run(FutureTask.java:264)
		at org.apache.tomcat.util.threads.InlineExecutorService.execute(InlineExecutorService.java:82)
		at java.base/java.util.concurrent.AbstractExecutorService.submit(AbstractExecutorService.java:145)
		at org.apache.catalina.core.ContainerBase.startInternal(ContainerBase.java:765)
		at org.apache.catalina.core.StandardEngine.startInternal(StandardEngine.java:209)
		at org.apache.catalina.util.LifecycleBase.start(LifecycleBase.java:170)
		at org.apache.catalina.core.StandardService.startInternal(StandardService.java:433)
		at org.apache.catalina.util.LifecycleBase.start(LifecycleBase.java:170)
		at org.apache.catalina.core.StandardServer.startInternal(StandardServer.java:879)
		at org.apache.catalina.util.LifecycleBase.start(LifecycleBase.java:170)
		at org.apache.catalina.startup.Catalina.start(Catalina.java:861)
		at java.base/jdk.internal.reflect.NativeMethodAccessorImpl.invoke0(Native Method)
		at java.base/jdk.internal.reflect.NativeMethodAccessorImpl.invoke(NativeMethodAccessorImpl.java:77)
		at java.base/jdk.internal.reflect.DelegatingMethodAccessorImpl.invoke(DelegatingMethodAccessorImpl.java:43)
		at java.base/java.lang.reflect.Method.invoke(Method.java:569)
		at org.apache.catalina.startup.Bootstrap.start(Bootstrap.java:348)
		at org.apache.catalina.startup.Bootstrap.main(Bootstrap.java:485)
16-Jul-2026 16:50:28.575 SEVERE [main] org.apache.catalina.core.StandardContext.listenerStart Error configuring application listener of class [async.AsyncStockContextListener]
	java.lang.ClassNotFoundException: async.AsyncStockContextListener
		at org.apache.catalina.loader.WebappClassLoaderBase.loadClass(WebappClassLoaderBase.java:1441)
		at org.apache.catalina.loader.WebappClassLoaderBase.loadClass(WebappClassLoaderBase.java:1250)
		at org.apache.catalina.core.DefaultInstanceManager.loadClass(DefaultInstanceManager.java:535)
		at org.apache.catalina.core.DefaultInstanceManager.loadClassMaybePrivileged(DefaultInstanceManager.java:509)
		at org.apache.catalina.core.DefaultInstanceManager.newInstance(DefaultInstanceManager.java:177)
		at org.apache.catalina.core.StandardContext.listenerStart(StandardContext.java:4131)
		at org.apache.catalina.core.StandardContext.startInternal(StandardContext.java:4646)
		at org.apache.catalina.util.LifecycleBase.start(LifecycleBase.java:170)
		at org.apache.catalina.core.ContainerBase.addChildInternal(ContainerBase.java:616)
		at org.apache.catalina.core.ContainerBase.addChild(ContainerBase.java:588)
		at org.apache.catalina.core.StandardHost.addChild(StandardHost.java:622)
		at org.apache.catalina.startup.HostConfig.deployDirectory(HostConfig.java:1180)
		at org.apache.catalina.startup.HostConfig$DeployDirectory.run(HostConfig.java:1904)
		at java.base/java.util.concurrent.Executors$RunnableAdapter.call(Executors.java:539)
		at java.base/java.util.concurrent.FutureTask.run(FutureTask.java:264)
		at org.apache.tomcat.util.threads.InlineExecutorService.execute(InlineExecutorService.java:82)
		at java.base/java.util.concurrent.AbstractExecutorService.submit(AbstractExecutorService.java:123)
		at org.apache.catalina.startup.HostConfig.deployDirectories(HostConfig.java:1084)
		at org.apache.catalina.startup.HostConfig.deployApps(HostConfig.java:499)
		at org.apache.catalina.startup.HostConfig.start(HostConfig.java:1594)
		at org.apache.catalina.startup.HostConfig.lifecycleEvent(HostConfig.java:333)
		at org.apache.catalina.util.LifecycleBase.fireLifecycleEvent(LifecycleBase.java:115)
		at org.apache.catalina.util.LifecycleBase.setStateInternal(LifecycleBase.java:395)
		at org.apache.catalina.util.LifecycleBase.setState(LifecycleBase.java:342)
		at org.apache.catalina.core.ContainerBase.startInternal(ContainerBase.java:792)
		at org.apache.catalina.core.StandardHost.startInternal(StandardHost.java:740)
		at org.apache.catalina.util.LifecycleBase.start(LifecycleBase.java:170)
		at org.apache.catalina.core.ContainerBase$StartChild.call(ContainerBase.java:1243)
		at org.apache.catalina.core.ContainerBase$StartChild.call(ContainerBase.java:1233)
		at java.base/java.util.concurrent.FutureTask.run(FutureTask.java:264)
		at org.apache.tomcat.util.threads.InlineExecutorService.execute(InlineExecutorService.java:82)
		at java.base/java.util.concurrent.AbstractExecutorService.submit(AbstractExecutorService.java:145)
		at org.apache.catalina.core.ContainerBase.startInternal(ContainerBase.java:765)
		at org.apache.catalina.core.StandardEngine.startInternal(StandardEngine.java:209)
		at org.apache.catalina.util.LifecycleBase.start(LifecycleBase.java:170)
		at org.apache.catalina.core.StandardService.startInternal(StandardService.java:433)
		at org.apache.catalina.util.LifecycleBase.start(LifecycleBase.java:170)
		at org.apache.catalina.core.StandardServer.startInternal(StandardServer.java:879)
		at org.apache.catalina.util.LifecycleBase.start(LifecycleBase.java:170)
		at org.apache.catalina.startup.Catalina.start(Catalina.java:861)
		at java.base/jdk.internal.reflect.NativeMethodAccessorImpl.invoke0(Native Method)
		at java.base/jdk.internal.reflect.NativeMethodAccessorImpl.invoke(NativeMethodAccessorImpl.java:77)
		at java.base/jdk.internal.reflect.DelegatingMethodAccessorImpl.invoke(DelegatingMethodAccessorImpl.java:43)
		at java.base/java.lang.reflect.Method.invoke(Method.java:569)
		at org.apache.catalina.startup.Bootstrap.start(Bootstrap.java:348)
		at org.apache.catalina.startup.Bootstrap.main(Bootstrap.java:485)
16-Jul-2026 16:50:28.579 SEVERE [main] org.apache.catalina.core.StandardContext.listenerStart Error configuring application listener of class [websocket.drawboard.DrawboardContextListener]
	java.lang.ClassNotFoundException: websocket.drawboard.DrawboardContextListener
		at org.apache.catalina.loader.WebappClassLoaderBase.loadClass(WebappClassLoaderBase.java:1441)
		at org.apache.catalina.loader.WebappClassLoaderBase.loadClass(WebappClassLoaderBase.java:1250)
		at org.apache.catalina.core.DefaultInstanceManager.loadClass(DefaultInstanceManager.java:535)
		at org.apache.catalina.core.DefaultInstanceManager.loadClassMaybePrivileged(DefaultInstanceManager.java:509)
		at org.apache.catalina.core.DefaultInstanceManager.newInstance(DefaultInstanceManager.java:177)
		at org.apache.catalina.core.StandardContext.listenerStart(StandardContext.java:4131)
		at org.apache.catalina.core.StandardContext.startInternal(StandardContext.java:4646)
		at org.apache.catalina.util.LifecycleBase.start(LifecycleBase.java:170)
		at org.apache.catalina.core.ContainerBase.addChildInternal(ContainerBase.java:616)
		at org.apache.catalina.core.ContainerBase.addChild(ContainerBase.java:588)
		at org.apache.catalina.core.StandardHost.addChild(StandardHost.java:622)
		at org.apache.catalina.startup.HostConfig.deployDirectory(HostConfig.java:1180)
		at org.apache.catalina.startup.HostConfig$DeployDirectory.run(HostConfig.java:1904)
		at java.base/java.util.concurrent.Executors$RunnableAdapter.call(Executors.java:539)
		at java.base/java.util.concurrent.FutureTask.run(FutureTask.java:264)
		at org.apache.tomcat.util.threads.InlineExecutorService.execute(InlineExecutorService.java:82)
		at java.base/java.util.concurrent.AbstractExecutorService.submit(AbstractExecutorService.java:123)
		at org.apache.catalina.startup.HostConfig.deployDirectories(HostConfig.java:1084)
		at org.apache.catalina.startup.HostConfig.deployApps(HostConfig.java:499)
		at org.apache.catalina.startup.HostConfig.start(HostConfig.java:1594)
		at org.apache.catalina.startup.HostConfig.lifecycleEvent(HostConfig.java:333)
		at org.apache.catalina.util.LifecycleBase.fireLifecycleEvent(LifecycleBase.java:115)
		at org.apache.catalina.util.LifecycleBase.setStateInternal(LifecycleBase.java:395)
		at org.apache.catalina.util.LifecycleBase.setState(LifecycleBase.java:342)
		at org.apache.catalina.core.ContainerBase.startInternal(ContainerBase.java:792)
		at org.apache.catalina.core.StandardHost.startInternal(StandardHost.java:740)
		at org.apache.catalina.util.LifecycleBase.start(LifecycleBase.java:170)
		at org.apache.catalina.core.ContainerBase$StartChild.call(ContainerBase.java:1243)
		at org.apache.catalina.core.ContainerBase$StartChild.call(ContainerBase.java:1233)
		at java.base/java.util.concurrent.FutureTask.run(FutureTask.java:264)
		at org.apache.tomcat.util.threads.InlineExecutorService.execute(InlineExecutorService.java:82)
		at java.base/java.util.concurrent.AbstractExecutorService.submit(AbstractExecutorService.java:145)
		at org.apache.catalina.core.ContainerBase.startInternal(ContainerBase.java:765)
		at org.apache.catalina.core.StandardEngine.startInternal(StandardEngine.java:209)
		at org.apache.catalina.util.LifecycleBase.start(LifecycleBase.java:170)
		at org.apache.catalina.core.StandardService.startInternal(StandardService.java:433)
		at org.apache.catalina.util.LifecycleBase.start(LifecycleBase.java:170)
		at org.apache.catalina.core.StandardServer.startInternal(StandardServer.java:879)
		at org.apache.catalina.util.LifecycleBase.start(LifecycleBase.java:170)
		at org.apache.catalina.startup.Catalina.start(Catalina.java:861)
		at java.base/jdk.internal.reflect.NativeMethodAccessorImpl.invoke0(Native Method)
		at java.base/jdk.internal.reflect.NativeMethodAccessorImpl.invoke(NativeMethodAccessorImpl.java:77)
		at java.base/jdk.internal.reflect.DelegatingMethodAccessorImpl.invoke(DelegatingMethodAccessorImpl.java:43)
		at java.base/java.lang.reflect.Method.invoke(Method.java:569)
		at org.apache.catalina.startup.Bootstrap.start(Bootstrap.java:348)
		at org.apache.catalina.startup.Bootstrap.main(Bootstrap.java:485)
16-Jul-2026 16:50:28.580 SEVERE [main] org.apache.catalina.core.StandardContext.listenerStart Skipped installing application listeners due to previous error(s)
16-Jul-2026 16:52:48.307 SEVERE [main] org.apache.catalina.core.StandardContext.listenerStart Error configuring application listener of class [org.springframework.web.context.ContextLoaderListener]
	java.lang.ClassNotFoundException: org.springframework.web.context.ContextLoaderListener
		at org.apache.catalina.loader.WebappClassLoaderBase.loadClass(WebappClassLoaderBase.java:1441)
		at org.apache.catalina.loader.WebappClassLoaderBase.loadClass(WebappClassLoaderBase.java:1250)
		at org.apache.catalina.core.DefaultInstanceManager.loadClass(DefaultInstanceManager.java:535)
		at org.apache.catalina.core.DefaultInstanceManager.loadClassMaybePrivileged(DefaultInstanceManager.java:509)
		at org.apache.catalina.core.DefaultInstanceManager.newInstance(DefaultInstanceManager.java:177)
		at org.apache.catalina.core.StandardContext.listenerStart(StandardContext.java:4131)
		at org.apache.catalina.core.StandardContext.startInternal(StandardContext.java:4646)
		at org.apache.catalina.util.LifecycleBase.start(LifecycleBase.java:170)
		at org.apache.catalina.core.ContainerBase.addChildInternal(ContainerBase.java:616)
		at org.apache.catalina.core.ContainerBase.addChild(ContainerBase.java:588)
		at org.apache.catalina.core.StandardHost.addChild(StandardHost.java:622)
		at org.apache.catalina.startup.HostConfig.deployDirectory(HostConfig.java:1180)
		at org.apache.catalina.startup.HostConfig$DeployDirectory.run(HostConfig.java:1904)
		at java.base/java.util.concurrent.Executors$RunnableAdapter.call(Executors.java:539)
		at java.base/java.util.concurrent.FutureTask.run(FutureTask.java:264)
		at org.apache.tomcat.util.threads.InlineExecutorService.execute(InlineExecutorService.java:82)
		at java.base/java.util.concurrent.AbstractExecutorService.submit(AbstractExecutorService.java:123)
		at org.apache.catalina.startup.HostConfig.deployDirectories(HostConfig.java:1084)
		at org.apache.catalina.startup.HostConfig.deployApps(HostConfig.java:499)
		at org.apache.catalina.startup.HostConfig.start(HostConfig.java:1594)
		at org.apache.catalina.startup.HostConfig.lifecycleEvent(HostConfig.java:333)
		at org.apache.catalina.util.LifecycleBase.fireLifecycleEvent(LifecycleBase.java:115)
		at org.apache.catalina.util.LifecycleBase.setStateInternal(LifecycleBase.java:395)
		at org.apache.catalina.util.LifecycleBase.setState(LifecycleBase.java:342)
		at org.apache.catalina.core.ContainerBase.startInternal(ContainerBase.java:792)
		at org.apache.catalina.core.StandardHost.startInternal(StandardHost.java:740)
		at org.apache.catalina.util.LifecycleBase.start(LifecycleBase.java:170)
		at org.apache.catalina.core.ContainerBase$StartChild.call(ContainerBase.java:1243)
		at org.apache.catalina.core.ContainerBase$StartChild.call(ContainerBase.java:1233)
		at java.base/java.util.concurrent.FutureTask.run(FutureTask.java:264)
		at org.apache.tomcat.util.threads.InlineExecutorService.execute(InlineExecutorService.java:82)
		at java.base/java.util.concurrent.AbstractExecutorService.submit(AbstractExecutorService.java:145)
		at org.apache.catalina.core.ContainerBase.startInternal(ContainerBase.java:765)
		at org.apache.catalina.core.StandardEngine.startInternal(StandardEngine.java:209)
		at org.apache.catalina.util.LifecycleBase.start(LifecycleBase.java:170)
		at org.apache.catalina.core.StandardService.startInternal(StandardService.java:433)
		at org.apache.catalina.util.LifecycleBase.start(LifecycleBase.java:170)
		at org.apache.catalina.core.StandardServer.startInternal(StandardServer.java:879)
		at org.apache.catalina.util.LifecycleBase.start(LifecycleBase.java:170)
		at org.apache.catalina.startup.Catalina.start(Catalina.java:861)
		at java.base/jdk.internal.reflect.NativeMethodAccessorImpl.invoke0(Native Method)
		at java.base/jdk.internal.reflect.NativeMethodAccessorImpl.invoke(NativeMethodAccessorImpl.java:77)
		at java.base/jdk.internal.reflect.DelegatingMethodAccessorImpl.invoke(DelegatingMethodAccessorImpl.java:43)
		at java.base/java.lang.reflect.Method.invoke(Method.java:569)
		at org.apache.catalina.startup.Bootstrap.start(Bootstrap.java:348)
		at org.apache.catalina.startup.Bootstrap.main(Bootstrap.java:485)
16-Jul-2026 16:52:48.307 SEVERE [main] org.apache.catalina.core.StandardContext.listenerStart Error configuring application listener of class [com.timmy.util.InitializationListener]
	java.lang.ClassNotFoundException: com.timmy.util.InitializationListener
		at org.apache.catalina.loader.WebappClassLoaderBase.loadClass(WebappClassLoaderBase.java:1441)
		at org.apache.catalina.loader.WebappClassLoaderBase.loadClass(WebappClassLoaderBase.java:1250)
		at org.apache.catalina.core.DefaultInstanceManager.loadClass(DefaultInstanceManager.java:535)
		at org.apache.catalina.core.DefaultInstanceManager.loadClassMaybePrivileged(DefaultInstanceManager.java:509)
		at org.apache.catalina.core.DefaultInstanceManager.newInstance(DefaultInstanceManager.java:177)
		at org.apache.catalina.core.StandardContext.listenerStart(StandardContext.java:4131)
		at org.apache.catalina.core.StandardContext.startInternal(StandardContext.java:4646)
		at org.apache.catalina.util.LifecycleBase.start(LifecycleBase.java:170)
		at org.apache.catalina.core.ContainerBase.addChildInternal(ContainerBase.java:616)
		at org.apache.catalina.core.ContainerBase.addChild(ContainerBase.java:588)
		at org.apache.catalina.core.StandardHost.addChild(StandardHost.java:622)
		at org.apache.catalina.startup.HostConfig.deployDirectory(HostConfig.java:1180)
		at org.apache.catalina.startup.HostConfig$DeployDirectory.run(HostConfig.java:1904)
		at java.base/java.util.concurrent.Executors$RunnableAdapter.call(Executors.java:539)
		at java.base/java.util.concurrent.FutureTask.run(FutureTask.java:264)
		at org.apache.tomcat.util.threads.InlineExecutorService.execute(InlineExecutorService.java:82)
		at java.base/java.util.concurrent.AbstractExecutorService.submit(AbstractExecutorService.java:123)
		at org.apache.catalina.startup.HostConfig.deployDirectories(HostConfig.java:1084)
		at org.apache.catalina.startup.HostConfig.deployApps(HostConfig.java:499)
		at org.apache.catalina.startup.HostConfig.start(HostConfig.java:1594)
		at org.apache.catalina.startup.HostConfig.lifecycleEvent(HostConfig.java:333)
		at org.apache.catalina.util.LifecycleBase.fireLifecycleEvent(LifecycleBase.java:115)
		at org.apache.catalina.util.LifecycleBase.setStateInternal(LifecycleBase.java:395)
		at org.apache.catalina.util.LifecycleBase.setState(LifecycleBase.java:342)
		at org.apache.catalina.core.ContainerBase.startInternal(ContainerBase.java:792)
		at org.apache.catalina.core.StandardHost.startInternal(StandardHost.java:740)
		at org.apache.catalina.util.LifecycleBase.start(LifecycleBase.java:170)
		at org.apache.catalina.core.ContainerBase$StartChild.call(ContainerBase.java:1243)
		at org.apache.catalina.core.ContainerBase$StartChild.call(ContainerBase.java:1233)
		at java.base/java.util.concurrent.FutureTask.run(FutureTask.java:264)
		at org.apache.tomcat.util.threads.InlineExecutorService.execute(InlineExecutorService.java:82)
		at java.base/java.util.concurrent.AbstractExecutorService.submit(AbstractExecutorService.java:145)
		at org.apache.catalina.core.ContainerBase.startInternal(ContainerBase.java:765)
		at org.apache.catalina.core.StandardEngine.startInternal(StandardEngine.java:209)
		at org.apache.catalina.util.LifecycleBase.start(LifecycleBase.java:170)
		at org.apache.catalina.core.StandardService.startInternal(StandardService.java:433)
		at org.apache.catalina.util.LifecycleBase.start(LifecycleBase.java:170)
		at org.apache.catalina.core.StandardServer.startInternal(StandardServer.java:879)
		at org.apache.catalina.util.LifecycleBase.start(LifecycleBase.java:170)
		at org.apache.catalina.startup.Catalina.start(Catalina.java:861)
		at java.base/jdk.internal.reflect.NativeMethodAccessorImpl.invoke0(Native Method)
		at java.base/jdk.internal.reflect.NativeMethodAccessorImpl.invoke(NativeMethodAccessorImpl.java:77)
		at java.base/jdk.internal.reflect.DelegatingMethodAccessorImpl.invoke(DelegatingMethodAccessorImpl.java:43)
		at java.base/java.lang.reflect.Method.invoke(Method.java:569)
		at org.apache.catalina.startup.Bootstrap.start(Bootstrap.java:348)
		at org.apache.catalina.startup.Bootstrap.main(Bootstrap.java:485)
16-Jul-2026 16:52:48.308 SEVERE [main] org.apache.catalina.core.StandardContext.listenerStart Skipped installing application listeners due to previous error(s)
16-Jul-2026 16:52:49.339 SEVERE [main] org.apache.catalina.core.StandardContext.listenerStart Error configuring application listener of class [listeners.ContextListener]
	java.lang.ClassNotFoundException: listeners.ContextListener
		at org.apache.catalina.loader.WebappClassLoaderBase.loadClass(WebappClassLoaderBase.java:1441)
		at org.apache.catalina.loader.WebappClassLoaderBase.loadClass(WebappClassLoaderBase.java:1250)
		at org.apache.catalina.core.DefaultInstanceManager.loadClass(DefaultInstanceManager.java:535)
		at org.apache.catalina.core.DefaultInstanceManager.loadClassMaybePrivileged(DefaultInstanceManager.java:509)
		at org.apache.catalina.core.DefaultInstanceManager.newInstance(DefaultInstanceManager.java:177)
		at org.apache.catalina.core.StandardContext.listenerStart(StandardContext.java:4131)
		at org.apache.catalina.core.StandardContext.startInternal(StandardContext.java:4646)
		at org.apache.catalina.util.LifecycleBase.start(LifecycleBase.java:170)
		at org.apache.catalina.core.ContainerBase.addChildInternal(ContainerBase.java:616)
		at org.apache.catalina.core.ContainerBase.addChild(ContainerBase.java:588)
		at org.apache.catalina.core.StandardHost.addChild(StandardHost.java:622)
		at org.apache.catalina.startup.HostConfig.deployDirectory(HostConfig.java:1180)
		at org.apache.catalina.startup.HostConfig$DeployDirectory.run(HostConfig.java:1904)
		at java.base/java.util.concurrent.Executors$RunnableAdapter.call(Executors.java:539)
		at java.base/java.util.concurrent.FutureTask.run(FutureTask.java:264)
		at org.apache.tomcat.util.threads.InlineExecutorService.execute(InlineExecutorService.java:82)
		at java.base/java.util.concurrent.AbstractExecutorService.submit(AbstractExecutorService.java:123)
		at org.apache.catalina.startup.HostConfig.deployDirectories(HostConfig.java:1084)
		at org.apache.catalina.startup.HostConfig.deployApps(HostConfig.java:499)
		at org.apache.catalina.startup.HostConfig.start(HostConfig.java:1594)
		at org.apache.catalina.startup.HostConfig.lifecycleEvent(HostConfig.java:333)
		at org.apache.catalina.util.LifecycleBase.fireLifecycleEvent(LifecycleBase.java:115)
		at org.apache.catalina.util.LifecycleBase.setStateInternal(LifecycleBase.java:395)
		at org.apache.catalina.util.LifecycleBase.setState(LifecycleBase.java:342)
		at org.apache.catalina.core.ContainerBase.startInternal(ContainerBase.java:792)
		at org.apache.catalina.core.StandardHost.startInternal(StandardHost.java:740)
		at org.apache.catalina.util.LifecycleBase.start(LifecycleBase.java:170)
		at org.apache.catalina.core.ContainerBase$StartChild.call(ContainerBase.java:1243)
		at org.apache.catalina.core.ContainerBase$StartChild.call(ContainerBase.java:1233)
		at java.base/java.util.concurrent.FutureTask.run(FutureTask.java:264)
		at org.apache.tomcat.util.threads.InlineExecutorService.execute(InlineExecutorService.java:82)
		at java.base/java.util.concurrent.AbstractExecutorService.submit(AbstractExecutorService.java:145)
		at org.apache.catalina.core.ContainerBase.startInternal(ContainerBase.java:765)
		at org.apache.catalina.core.StandardEngine.startInternal(StandardEngine.java:209)
		at org.apache.catalina.util.LifecycleBase.start(LifecycleBase.java:170)
		at org.apache.catalina.core.StandardService.startInternal(StandardService.java:433)
		at org.apache.catalina.util.LifecycleBase.start(LifecycleBase.java:170)
		at org.apache.catalina.core.StandardServer.startInternal(StandardServer.java:879)
		at org.apache.catalina.util.LifecycleBase.start(LifecycleBase.java:170)
		at org.apache.catalina.startup.Catalina.start(Catalina.java:861)
		at java.base/jdk.internal.reflect.NativeMethodAccessorImpl.invoke0(Native Method)
		at java.base/jdk.internal.reflect.NativeMethodAccessorImpl.invoke(NativeMethodAccessorImpl.java:77)
		at java.base/jdk.internal.reflect.DelegatingMethodAccessorImpl.invoke(DelegatingMethodAccessorImpl.java:43)
		at java.base/java.lang.reflect.Method.invoke(Method.java:569)
		at org.apache.catalina.startup.Bootstrap.start(Bootstrap.java:348)
		at org.apache.catalina.startup.Bootstrap.main(Bootstrap.java:485)
16-Jul-2026 16:52:49.348 SEVERE [main] org.apache.catalina.core.StandardContext.listenerStart Error configuring application listener of class [async.AsyncStockContextListener]
	java.lang.ClassNotFoundException: async.AsyncStockContextListener
		at org.apache.catalina.loader.WebappClassLoaderBase.loadClass(WebappClassLoaderBase.java:1441)
		at org.apache.catalina.loader.WebappClassLoaderBase.loadClass(WebappClassLoaderBase.java:1250)
		at org.apache.catalina.core.DefaultInstanceManager.loadClass(DefaultInstanceManager.java:535)
		at org.apache.catalina.core.DefaultInstanceManager.loadClassMaybePrivileged(DefaultInstanceManager.java:509)
		at org.apache.catalina.core.DefaultInstanceManager.newInstance(DefaultInstanceManager.java:177)
		at org.apache.catalina.core.StandardContext.listenerStart(StandardContext.java:4131)
		at org.apache.catalina.core.StandardContext.startInternal(StandardContext.java:4646)
		at org.apache.catalina.util.LifecycleBase.start(LifecycleBase.java:170)
		at org.apache.catalina.core.ContainerBase.addChildInternal(ContainerBase.java:616)
		at org.apache.catalina.core.ContainerBase.addChild(ContainerBase.java:588)
		at org.apache.catalina.core.StandardHost.addChild(StandardHost.java:622)
		at org.apache.catalina.startup.HostConfig.deployDirectory(HostConfig.java:1180)
		at org.apache.catalina.startup.HostConfig$DeployDirectory.run(HostConfig.java:1904)
		at java.base/java.util.concurrent.Executors$RunnableAdapter.call(Executors.java:539)
		at java.base/java.util.concurrent.FutureTask.run(FutureTask.java:264)
		at org.apache.tomcat.util.threads.InlineExecutorService.execute(InlineExecutorService.java:82)
		at java.base/java.util.concurrent.AbstractExecutorService.submit(AbstractExecutorService.java:123)
		at org.apache.catalina.startup.HostConfig.deployDirectories(HostConfig.java:1084)
		at org.apache.catalina.startup.HostConfig.deployApps(HostConfig.java:499)
		at org.apache.catalina.startup.HostConfig.start(HostConfig.java:1594)
		at org.apache.catalina.startup.HostConfig.lifecycleEvent(HostConfig.java:333)
		at org.apache.catalina.util.LifecycleBase.fireLifecycleEvent(LifecycleBase.java:115)
		at org.apache.catalina.util.LifecycleBase.setStateInternal(LifecycleBase.java:395)
		at org.apache.catalina.util.LifecycleBase.setState(LifecycleBase.java:342)
		at org.apache.catalina.core.ContainerBase.startInternal(ContainerBase.java:792)
		at org.apache.catalina.core.StandardHost.startInternal(StandardHost.java:740)
		at org.apache.catalina.util.LifecycleBase.start(LifecycleBase.java:170)
		at org.apache.catalina.core.ContainerBase$StartChild.call(ContainerBase.java:1243)
		at org.apache.catalina.core.ContainerBase$StartChild.call(ContainerBase.java:1233)
		at java.base/java.util.concurrent.FutureTask.run(FutureTask.java:264)
		at org.apache.tomcat.util.threads.InlineExecutorService.execute(InlineExecutorService.java:82)
		at java.base/java.util.concurrent.AbstractExecutorService.submit(AbstractExecutorService.java:145)
		at org.apache.catalina.core.ContainerBase.startInternal(ContainerBase.java:765)
		at org.apache.catalina.core.StandardEngine.startInternal(StandardEngine.java:209)
		at org.apache.catalina.util.LifecycleBase.start(LifecycleBase.java:170)
		at org.apache.catalina.core.StandardService.startInternal(StandardService.java:433)
		at org.apache.catalina.util.LifecycleBase.start(LifecycleBase.java:170)
		at org.apache.catalina.core.StandardServer.startInternal(StandardServer.java:879)
		at org.apache.catalina.util.LifecycleBase.start(LifecycleBase.java:170)
		at org.apache.catalina.startup.Catalina.start(Catalina.java:861)
		at java.base/jdk.internal.reflect.NativeMethodAccessorImpl.invoke0(Native Method)
		at java.base/jdk.internal.reflect.NativeMethodAccessorImpl.invoke(NativeMethodAccessorImpl.java:77)
		at java.base/jdk.internal.reflect.DelegatingMethodAccessorImpl.invoke(DelegatingMethodAccessorImpl.java:43)
		at java.base/java.lang.reflect.Method.invoke(Method.java:569)
		at org.apache.catalina.startup.Bootstrap.start(Bootstrap.java:348)
		at org.apache.catalina.startup.Bootstrap.main(Bootstrap.java:485)
16-Jul-2026 16:52:49.356 SEVERE [main] org.apache.catalina.core.StandardContext.listenerStart Error configuring application listener of class [websocket.drawboard.DrawboardContextListener]
	java.lang.ClassNotFoundException: websocket.drawboard.DrawboardContextListener
		at org.apache.catalina.loader.WebappClassLoaderBase.loadClass(WebappClassLoaderBase.java:1441)
		at org.apache.catalina.loader.WebappClassLoaderBase.loadClass(WebappClassLoaderBase.java:1250)
		at org.apache.catalina.core.DefaultInstanceManager.loadClass(DefaultInstanceManager.java:535)
		at org.apache.catalina.core.DefaultInstanceManager.loadClassMaybePrivileged(DefaultInstanceManager.java:509)
		at org.apache.catalina.core.DefaultInstanceManager.newInstance(DefaultInstanceManager.java:177)
		at org.apache.catalina.core.StandardContext.listenerStart(StandardContext.java:4131)
		at org.apache.catalina.core.StandardContext.startInternal(StandardContext.java:4646)
		at org.apache.catalina.util.LifecycleBase.start(LifecycleBase.java:170)
		at org.apache.catalina.core.ContainerBase.addChildInternal(ContainerBase.java:616)
		at org.apache.catalina.core.ContainerBase.addChild(ContainerBase.java:588)
		at org.apache.catalina.core.StandardHost.addChild(StandardHost.java:622)
		at org.apache.catalina.startup.HostConfig.deployDirectory(HostConfig.java:1180)
		at org.apache.catalina.startup.HostConfig$DeployDirectory.run(HostConfig.java:1904)
		at java.base/java.util.concurrent.Executors$RunnableAdapter.call(Executors.java:539)
		at java.base/java.util.concurrent.FutureTask.run(FutureTask.java:264)
		at org.apache.tomcat.util.threads.InlineExecutorService.execute(InlineExecutorService.java:82)
		at java.base/java.util.concurrent.AbstractExecutorService.submit(AbstractExecutorService.java:123)
		at org.apache.catalina.startup.HostConfig.deployDirectories(HostConfig.java:1084)
		at org.apache.catalina.startup.HostConfig.deployApps(HostConfig.java:499)
		at org.apache.catalina.startup.HostConfig.start(HostConfig.java:1594)
		at org.apache.catalina.startup.HostConfig.lifecycleEvent(HostConfig.java:333)
		at org.apache.catalina.util.LifecycleBase.fireLifecycleEvent(LifecycleBase.java:115)
		at org.apache.catalina.util.LifecycleBase.setStateInternal(LifecycleBase.java:395)
		at org.apache.catalina.util.LifecycleBase.setState(LifecycleBase.java:342)
		at org.apache.catalina.core.ContainerBase.startInternal(ContainerBase.java:792)
		at org.apache.catalina.core.StandardHost.startInternal(StandardHost.java:740)
		at org.apache.catalina.util.LifecycleBase.start(LifecycleBase.java:170)
		at org.apache.catalina.core.ContainerBase$StartChild.call(ContainerBase.java:1243)
		at org.apache.catalina.core.ContainerBase$StartChild.call(ContainerBase.java:1233)
		at java.base/java.util.concurrent.FutureTask.run(FutureTask.java:264)
		at org.apache.tomcat.util.threads.InlineExecutorService.execute(InlineExecutorService.java:82)
		at java.base/java.util.concurrent.AbstractExecutorService.submit(AbstractExecutorService.java:145)
		at org.apache.catalina.core.ContainerBase.startInternal(ContainerBase.java:765)
		at org.apache.catalina.core.StandardEngine.startInternal(StandardEngine.java:209)
		at org.apache.catalina.util.LifecycleBase.start(LifecycleBase.java:170)
		at org.apache.catalina.core.StandardService.startInternal(StandardService.java:433)
		at org.apache.catalina.util.LifecycleBase.start(LifecycleBase.java:170)
		at org.apache.catalina.core.StandardServer.startInternal(StandardServer.java:879)
		at org.apache.catalina.util.LifecycleBase.start(LifecycleBase.java:170)
		at org.apache.catalina.startup.Catalina.start(Catalina.java:861)
		at java.base/jdk.internal.reflect.NativeMethodAccessorImpl.invoke0(Native Method)
		at java.base/jdk.internal.reflect.NativeMethodAccessorImpl.invoke(NativeMethodAccessorImpl.java:77)
		at java.base/jdk.internal.reflect.DelegatingMethodAccessorImpl.invoke(DelegatingMethodAccessorImpl.java:43)
		at java.base/java.lang.reflect.Method.invoke(Method.java:569)
		at org.apache.catalina.startup.Bootstrap.start(Bootstrap.java:348)
		at org.apache.catalina.startup.Bootstrap.main(Bootstrap.java:485)
16-Jul-2026 16:52:49.356 SEVERE [main] org.apache.catalina.core.StandardContext.listenerStart Skipped installing application listeners due to previous error(s)
16-Jul-2026 17:01:59.586 INFO [main] org.apache.catalina.core.ApplicationContext.log No Spring WebApplicationInitializer types detected on classpath
16-Jul-2026 17:01:59.737 INFO [main] org.apache.catalina.core.ApplicationContext.log Initializing Spring root WebApplicationContext
16-Jul-2026 17:02:02.033 SEVERE [main] org.apache.catalina.core.StandardContext.listenerStart Exception sending context initialized event to listener instance of class [org.springframework.web.context.ContextLoaderListener]
	org.springframework.beans.factory.BeanDefinitionStoreException: Failed to load bean class: com.timmy.controller.AllController; nested exception is java.io.FileNotFoundException: class path resource [com/timmy/controller/AllController$ProfileImagePayload.class] cannot be opened because it does not exist
		at org.springframework.context.annotation.ConfigurationClassParser.parse(ConfigurationClassParser.java:159)
		at org.springframework.context.annotation.ConfigurationClassPostProcessor.processConfigBeanDefinitions(ConfigurationClassPostProcessor.java:299)
		at org.springframework.context.annotation.ConfigurationClassPostProcessor.postProcessBeanDefinitionRegistry(ConfigurationClassPostProcessor.java:243)
		at org.springframework.context.support.PostProcessorRegistrationDelegate.invokeBeanDefinitionRegistryPostProcessors(PostProcessorRegistrationDelegate.java:254)
		at org.springframework.context.support.PostProcessorRegistrationDelegate.invokeBeanFactoryPostProcessors(PostProcessorRegistrationDelegate.java:94)
		at org.springframework.context.support.AbstractApplicationContext.invokeBeanFactoryPostProcessors(AbstractApplicationContext.java:609)
		at org.springframework.context.support.AbstractApplicationContext.refresh(AbstractApplicationContext.java:464)
		at org.springframework.web.context.ContextLoader.configureAndRefreshWebApplicationContext(ContextLoader.java:403)
		at org.springframework.web.context.ContextLoader.initWebApplicationContext(ContextLoader.java:306)
		at org.springframework.web.context.ContextLoaderListener.contextInitialized(ContextLoaderListener.java:106)
		at org.apache.catalina.core.StandardContext.listenerStart(StandardContext.java:4204)
		at org.apache.catalina.core.StandardContext.startInternal(StandardContext.java:4646)
		at org.apache.catalina.util.LifecycleBase.start(LifecycleBase.java:170)
		at org.apache.catalina.core.ContainerBase.addChildInternal(ContainerBase.java:616)
		at org.apache.catalina.core.ContainerBase.addChild(ContainerBase.java:588)
		at org.apache.catalina.core.StandardHost.addChild(StandardHost.java:622)
		at org.apache.catalina.startup.HostConfig.deployDirectory(HostConfig.java:1180)
		at org.apache.catalina.startup.HostConfig$DeployDirectory.run(HostConfig.java:1904)
		at java.base/java.util.concurrent.Executors$RunnableAdapter.call(Executors.java:539)
		at java.base/java.util.concurrent.FutureTask.run(FutureTask.java:264)
		at org.apache.tomcat.util.threads.InlineExecutorService.execute(InlineExecutorService.java:82)
		at java.base/java.util.concurrent.AbstractExecutorService.submit(AbstractExecutorService.java:123)
		at org.apache.catalina.startup.HostConfig.deployDirectories(HostConfig.java:1084)
		at org.apache.catalina.startup.HostConfig.deployApps(HostConfig.java:499)
		at org.apache.catalina.startup.HostConfig.start(HostConfig.java:1594)
		at org.apache.catalina.startup.HostConfig.lifecycleEvent(HostConfig.java:333)
		at org.apache.catalina.util.LifecycleBase.fireLifecycleEvent(LifecycleBase.java:115)
		at org.apache.catalina.util.LifecycleBase.setStateInternal(LifecycleBase.java:395)
		at org.apache.catalina.util.LifecycleBase.setState(LifecycleBase.java:342)
		at org.apache.catalina.core.ContainerBase.startInternal(ContainerBase.java:792)
		at org.apache.catalina.core.StandardHost.startInternal(StandardHost.java:740)
		at org.apache.catalina.util.LifecycleBase.start(LifecycleBase.java:170)
		at org.apache.catalina.core.ContainerBase$StartChild.call(ContainerBase.java:1243)
		at org.apache.catalina.core.ContainerBase$StartChild.call(ContainerBase.java:1233)
		at java.base/java.util.concurrent.FutureTask.run(FutureTask.java:264)
		at org.apache.tomcat.util.threads.InlineExecutorService.execute(InlineExecutorService.java:82)
		at java.base/java.util.concurrent.AbstractExecutorService.submit(AbstractExecutorService.java:145)
		at org.apache.catalina.core.ContainerBase.startInternal(ContainerBase.java:765)
		at org.apache.catalina.core.StandardEngine.startInternal(StandardEngine.java:209)
		at org.apache.catalina.util.LifecycleBase.start(LifecycleBase.java:170)
		at org.apache.catalina.core.StandardService.startInternal(StandardService.java:433)
		at org.apache.catalina.util.LifecycleBase.start(LifecycleBase.java:170)
		at org.apache.catalina.core.StandardServer.startInternal(StandardServer.java:879)
		at org.apache.catalina.util.LifecycleBase.start(LifecycleBase.java:170)
		at org.apache.catalina.startup.Catalina.start(Catalina.java:861)
		at java.base/jdk.internal.reflect.NativeMethodAccessorImpl.invoke0(Native Method)
		at java.base/jdk.internal.reflect.NativeMethodAccessorImpl.invoke(NativeMethodAccessorImpl.java:77)
		at java.base/jdk.internal.reflect.DelegatingMethodAccessorImpl.invoke(DelegatingMethodAccessorImpl.java:43)
		at java.base/java.lang.reflect.Method.invoke(Method.java:569)
		at org.apache.catalina.startup.Bootstrap.start(Bootstrap.java:348)
		at org.apache.catalina.startup.Bootstrap.main(Bootstrap.java:485)
	Caused by: java.io.FileNotFoundException: class path resource [com/timmy/controller/AllController$ProfileImagePayload.class] cannot be opened because it does not exist
		at org.springframework.core.io.ClassPathResource.getInputStream(ClassPathResource.java:158)
		at org.springframework.core.type.classreading.SimpleMetadataReader.<init>(SimpleMetadataReader.java:50)
		at org.springframework.core.type.classreading.SimpleMetadataReaderFactory.getMetadataReader(SimpleMetadataReaderFactory.java:82)
		at org.springframework.core.type.classreading.CachingMetadataReaderFactory.getMetadataReader(CachingMetadataReaderFactory.java:102)
		at org.springframework.core.type.classreading.SimpleMetadataReaderFactory.getMetadataReader(SimpleMetadataReaderFactory.java:77)
		at org.springframework.context.annotation.ConfigurationClassParser.asSourceClass(ConfigurationClassParser.java:551)
		at org.springframework.context.annotation.ConfigurationClassParser$SourceClass.getMemberClasses(ConfigurationClassParser.java:700)
		at org.springframework.context.annotation.ConfigurationClassParser.processMemberClasses(ConfigurationClassParser.java:292)
		at org.springframework.context.annotation.ConfigurationClassParser.doProcessConfigurationClass(ConfigurationClassParser.java:222)
		at org.springframework.context.annotation.ConfigurationClassParser.processConfigurationClass(ConfigurationClassParser.java:205)
		at org.springframework.context.annotation.ConfigurationClassParser.parse(ConfigurationClassParser.java:173)
		at org.springframework.context.annotation.ConfigurationClassParser.parse(ConfigurationClassParser.java:155)
		... 50 more
16-Jul-2026 17:02:02.035 SEVERE [main] org.apache.catalina.core.StandardContext.listenerStart Exception sending context initialized event to listener instance of class [com.timmy.util.InitializationListener]
	org.springframework.beans.factory.BeanDefinitionStoreException: Failed to load bean class: com.timmy.controller.AllController; nested exception is java.io.FileNotFoundException: class path resource [com/timmy/controller/AllController$ProfileImagePayload.class] cannot be opened because it does not exist
		at org.springframework.context.annotation.ConfigurationClassParser.parse(ConfigurationClassParser.java:159)
		at org.springframework.context.annotation.ConfigurationClassPostProcessor.processConfigBeanDefinitions(ConfigurationClassPostProcessor.java:299)
		at org.springframework.context.annotation.ConfigurationClassPostProcessor.postProcessBeanDefinitionRegistry(ConfigurationClassPostProcessor.java:243)
		at org.springframework.context.support.PostProcessorRegistrationDelegate.invokeBeanDefinitionRegistryPostProcessors(PostProcessorRegistrationDelegate.java:254)
		at org.springframework.context.support.PostProcessorRegistrationDelegate.invokeBeanFactoryPostProcessors(PostProcessorRegistrationDelegate.java:94)
		at org.springframework.context.support.AbstractApplicationContext.invokeBeanFactoryPostProcessors(AbstractApplicationContext.java:609)
		at org.springframework.context.support.AbstractApplicationContext.refresh(AbstractApplicationContext.java:464)
		at org.springframework.web.context.ContextLoader.configureAndRefreshWebApplicationContext(ContextLoader.java:403)
		at org.springframework.web.context.ContextLoader.initWebApplicationContext(ContextLoader.java:306)
		at org.springframework.web.context.ContextLoaderListener.contextInitialized(ContextLoaderListener.java:106)
		at org.apache.catalina.core.StandardContext.listenerStart(StandardContext.java:4204)
		at org.apache.catalina.core.StandardContext.startInternal(StandardContext.java:4646)
		at org.apache.catalina.util.LifecycleBase.start(LifecycleBase.java:170)
		at org.apache.catalina.core.ContainerBase.addChildInternal(ContainerBase.java:616)
		at org.apache.catalina.core.ContainerBase.addChild(ContainerBase.java:588)
		at org.apache.catalina.core.StandardHost.addChild(StandardHost.java:622)
		at org.apache.catalina.startup.HostConfig.deployDirectory(HostConfig.java:1180)
		at org.apache.catalina.startup.HostConfig$DeployDirectory.run(HostConfig.java:1904)
		at java.base/java.util.concurrent.Executors$RunnableAdapter.call(Executors.java:539)
		at java.base/java.util.concurrent.FutureTask.run(FutureTask.java:264)
		at org.apache.tomcat.util.threads.InlineExecutorService.execute(InlineExecutorService.java:82)
		at java.base/java.util.concurrent.AbstractExecutorService.submit(AbstractExecutorService.java:123)
		at org.apache.catalina.startup.HostConfig.deployDirectories(HostConfig.java:1084)
		at org.apache.catalina.startup.HostConfig.deployApps(HostConfig.java:499)
		at org.apache.catalina.startup.HostConfig.start(HostConfig.java:1594)
		at org.apache.catalina.startup.HostConfig.lifecycleEvent(HostConfig.java:333)
		at org.apache.catalina.util.LifecycleBase.fireLifecycleEvent(LifecycleBase.java:115)
		at org.apache.catalina.util.LifecycleBase.setStateInternal(LifecycleBase.java:395)
		at org.apache.catalina.util.LifecycleBase.setState(LifecycleBase.java:342)
		at org.apache.catalina.core.ContainerBase.startInternal(ContainerBase.java:792)
		at org.apache.catalina.core.StandardHost.startInternal(StandardHost.java:740)
		at org.apache.catalina.util.LifecycleBase.start(LifecycleBase.java:170)
		at org.apache.catalina.core.ContainerBase$StartChild.call(ContainerBase.java:1243)
		at org.apache.catalina.core.ContainerBase$StartChild.call(ContainerBase.java:1233)
		at java.base/java.util.concurrent.FutureTask.run(FutureTask.java:264)
		at org.apache.tomcat.util.threads.InlineExecutorService.execute(InlineExecutorService.java:82)
		at java.base/java.util.concurrent.AbstractExecutorService.submit(AbstractExecutorService.java:145)
		at org.apache.catalina.core.ContainerBase.startInternal(ContainerBase.java:765)
		at org.apache.catalina.core.StandardEngine.startInternal(StandardEngine.java:209)
		at org.apache.catalina.util.LifecycleBase.start(LifecycleBase.java:170)
		at org.apache.catalina.core.StandardService.startInternal(StandardService.java:433)
		at org.apache.catalina.util.LifecycleBase.start(LifecycleBase.java:170)
		at org.apache.catalina.core.StandardServer.startInternal(StandardServer.java:879)
		at org.apache.catalina.util.LifecycleBase.start(LifecycleBase.java:170)
		at org.apache.catalina.startup.Catalina.start(Catalina.java:861)
		at java.base/jdk.internal.reflect.NativeMethodAccessorImpl.invoke0(Native Method)
		at java.base/jdk.internal.reflect.NativeMethodAccessorImpl.invoke(NativeMethodAccessorImpl.java:77)
		at java.base/jdk.internal.reflect.DelegatingMethodAccessorImpl.invoke(DelegatingMethodAccessorImpl.java:43)
		at java.base/java.lang.reflect.Method.invoke(Method.java:569)
		at org.apache.catalina.startup.Bootstrap.start(Bootstrap.java:348)
		at org.apache.catalina.startup.Bootstrap.main(Bootstrap.java:485)
	Caused by: java.io.FileNotFoundException: class path resource [com/timmy/controller/AllController$ProfileImagePayload.class] cannot be opened because it does not exist
		at org.springframework.core.io.ClassPathResource.getInputStream(ClassPathResource.java:158)
		at org.springframework.core.type.classreading.SimpleMetadataReader.<init>(SimpleMetadataReader.java:50)
		at org.springframework.core.type.classreading.SimpleMetadataReaderFactory.getMetadataReader(SimpleMetadataReaderFactory.java:82)
		at org.springframework.core.type.classreading.CachingMetadataReaderFactory.getMetadataReader(CachingMetadataReaderFactory.java:102)
		at org.springframework.core.type.classreading.SimpleMetadataReaderFactory.getMetadataReader(SimpleMetadataReaderFactory.java:77)
		at org.springframework.context.annotation.ConfigurationClassParser.asSourceClass(ConfigurationClassParser.java:551)
		at org.springframework.context.annotation.ConfigurationClassParser$SourceClass.getMemberClasses(ConfigurationClassParser.java:700)
		at org.springframework.context.annotation.ConfigurationClassParser.processMemberClasses(ConfigurationClassParser.java:292)
		at org.springframework.context.annotation.ConfigurationClassParser.doProcessConfigurationClass(ConfigurationClassParser.java:222)
		at org.springframework.context.annotation.ConfigurationClassParser.processConfigurationClass(ConfigurationClassParser.java:205)
		at org.springframework.context.annotation.ConfigurationClassParser.parse(ConfigurationClassParser.java:173)
		at org.springframework.context.annotation.ConfigurationClassParser.parse(ConfigurationClassParser.java:155)
		... 50 more
16-Jul-2026 17:02:02.356 SEVERE [main] org.apache.catalina.core.StandardContext.listenerStop Exception sending context destroyed event to listener instance of class [com.timmy.util.InitializationListener]
	org.springframework.beans.factory.BeanDefinitionStoreException: Failed to load bean class: com.timmy.controller.AllController; nested exception is java.io.FileNotFoundException: class path resource [com/timmy/controller/AllController$ProfileImagePayload.class] cannot be opened because it does not exist
		at org.springframework.context.annotation.ConfigurationClassParser.parse(ConfigurationClassParser.java:159)
		at org.springframework.context.annotation.ConfigurationClassPostProcessor.processConfigBeanDefinitions(ConfigurationClassPostProcessor.java:299)
		at org.springframework.context.annotation.ConfigurationClassPostProcessor.postProcessBeanDefinitionRegistry(ConfigurationClassPostProcessor.java:243)
		at org.springframework.context.support.PostProcessorRegistrationDelegate.invokeBeanDefinitionRegistryPostProcessors(PostProcessorRegistrationDelegate.java:254)
		at org.springframework.context.support.PostProcessorRegistrationDelegate.invokeBeanFactoryPostProcessors(PostProcessorRegistrationDelegate.java:94)
		at org.springframework.context.support.AbstractApplicationContext.invokeBeanFactoryPostProcessors(AbstractApplicationContext.java:609)
		at org.springframework.context.support.AbstractApplicationContext.refresh(AbstractApplicationContext.java:464)
		at org.springframework.web.context.ContextLoader.configureAndRefreshWebApplicationContext(ContextLoader.java:403)
		at org.springframework.web.context.ContextLoader.initWebApplicationContext(ContextLoader.java:306)
		at org.springframework.web.context.ContextLoaderListener.contextInitialized(ContextLoaderListener.java:106)
		at org.apache.catalina.core.StandardContext.listenerStart(StandardContext.java:4204)
		at org.apache.catalina.core.StandardContext.startInternal(StandardContext.java:4646)
		at org.apache.catalina.util.LifecycleBase.start(LifecycleBase.java:170)
		at org.apache.catalina.core.ContainerBase.addChildInternal(ContainerBase.java:616)
		at org.apache.catalina.core.ContainerBase.addChild(ContainerBase.java:588)
		at org.apache.catalina.core.StandardHost.addChild(StandardHost.java:622)
		at org.apache.catalina.startup.HostConfig.deployDirectory(HostConfig.java:1180)
		at org.apache.catalina.startup.HostConfig$DeployDirectory.run(HostConfig.java:1904)
		at java.base/java.util.concurrent.Executors$RunnableAdapter.call(Executors.java:539)
		at java.base/java.util.concurrent.FutureTask.run(FutureTask.java:264)
		at org.apache.tomcat.util.threads.InlineExecutorService.execute(InlineExecutorService.java:82)
		at java.base/java.util.concurrent.AbstractExecutorService.submit(AbstractExecutorService.java:123)
		at org.apache.catalina.startup.HostConfig.deployDirectories(HostConfig.java:1084)
		at org.apache.catalina.startup.HostConfig.deployApps(HostConfig.java:499)
		at org.apache.catalina.startup.HostConfig.start(HostConfig.java:1594)
		at org.apache.catalina.startup.HostConfig.lifecycleEvent(HostConfig.java:333)
		at org.apache.catalina.util.LifecycleBase.fireLifecycleEvent(LifecycleBase.java:115)
		at org.apache.catalina.util.LifecycleBase.setStateInternal(LifecycleBase.java:395)
		at org.apache.catalina.util.LifecycleBase.setState(LifecycleBase.java:342)
		at org.apache.catalina.core.ContainerBase.startInternal(ContainerBase.java:792)
		at org.apache.catalina.core.StandardHost.startInternal(StandardHost.java:740)
		at org.apache.catalina.util.LifecycleBase.start(LifecycleBase.java:170)
		at org.apache.catalina.core.ContainerBase$StartChild.call(ContainerBase.java:1243)
		at org.apache.catalina.core.ContainerBase$StartChild.call(ContainerBase.java:1233)
		at java.base/java.util.concurrent.FutureTask.run(FutureTask.java:264)
		at org.apache.tomcat.util.threads.InlineExecutorService.execute(InlineExecutorService.java:82)
		at java.base/java.util.concurrent.AbstractExecutorService.submit(AbstractExecutorService.java:145)
		at org.apache.catalina.core.ContainerBase.startInternal(ContainerBase.java:765)
		at org.apache.catalina.core.StandardEngine.startInternal(StandardEngine.java:209)
		at org.apache.catalina.util.LifecycleBase.start(LifecycleBase.java:170)
		at org.apache.catalina.core.StandardService.startInternal(StandardService.java:433)
		at org.apache.catalina.util.LifecycleBase.start(LifecycleBase.java:170)
		at org.apache.catalina.core.StandardServer.startInternal(StandardServer.java:879)
		at org.apache.catalina.util.LifecycleBase.start(LifecycleBase.java:170)
		at org.apache.catalina.startup.Catalina.start(Catalina.java:861)
		at java.base/jdk.internal.reflect.NativeMethodAccessorImpl.invoke0(Native Method)
		at java.base/jdk.internal.reflect.NativeMethodAccessorImpl.invoke(NativeMethodAccessorImpl.java:77)
		at java.base/jdk.internal.reflect.DelegatingMethodAccessorImpl.invoke(DelegatingMethodAccessorImpl.java:43)
		at java.base/java.lang.reflect.Method.invoke(Method.java:569)
		at org.apache.catalina.startup.Bootstrap.start(Bootstrap.java:348)
		at org.apache.catalina.startup.Bootstrap.main(Bootstrap.java:485)
	Caused by: java.io.FileNotFoundException: class path resource [com/timmy/controller/AllController$ProfileImagePayload.class] cannot be opened because it does not exist
		at org.springframework.core.io.ClassPathResource.getInputStream(ClassPathResource.java:158)
		at org.springframework.core.type.classreading.SimpleMetadataReader.<init>(SimpleMetadataReader.java:50)
		at org.springframework.core.type.classreading.SimpleMetadataReaderFactory.getMetadataReader(SimpleMetadataReaderFactory.java:82)
		at org.springframework.core.type.classreading.CachingMetadataReaderFactory.getMetadataReader(CachingMetadataReaderFactory.java:102)
		at org.springframework.core.type.classreading.SimpleMetadataReaderFactory.getMetadataReader(SimpleMetadataReaderFactory.java:77)
		at org.springframework.context.annotation.ConfigurationClassParser.asSourceClass(ConfigurationClassParser.java:551)
		at org.springframework.context.annotation.ConfigurationClassParser$SourceClass.getMemberClasses(ConfigurationClassParser.java:700)
		at org.springframework.context.annotation.ConfigurationClassParser.processMemberClasses(ConfigurationClassParser.java:292)
		at org.springframework.context.annotation.ConfigurationClassParser.doProcessConfigurationClass(ConfigurationClassParser.java:222)
		at org.springframework.context.annotation.ConfigurationClassParser.processConfigurationClass(ConfigurationClassParser.java:205)
		at org.springframework.context.annotation.ConfigurationClassParser.parse(ConfigurationClassParser.java:173)
		at org.springframework.context.annotation.ConfigurationClassParser.parse(ConfigurationClassParser.java:155)
		... 50 more
16-Jul-2026 17:02:02.356 INFO [main] org.apache.catalina.core.ApplicationContext.log Closing Spring root WebApplicationContext
16-Jul-2026 17:02:03.016 SEVERE [main] org.apache.catalina.core.StandardContext.listenerStart Error configuring application listener of class [listeners.ContextListener]
	java.lang.ClassNotFoundException: listeners.ContextListener
		at org.apache.catalina.loader.WebappClassLoaderBase.loadClass(WebappClassLoaderBase.java:1441)
		at org.apache.catalina.loader.WebappClassLoaderBase.loadClass(WebappClassLoaderBase.java:1250)
		at org.apache.catalina.core.DefaultInstanceManager.loadClass(DefaultInstanceManager.java:535)
		at org.apache.catalina.core.DefaultInstanceManager.loadClassMaybePrivileged(DefaultInstanceManager.java:509)
		at org.apache.catalina.core.DefaultInstanceManager.newInstance(DefaultInstanceManager.java:177)
		at org.apache.catalina.core.StandardContext.listenerStart(StandardContext.java:4131)
		at org.apache.catalina.core.StandardContext.startInternal(StandardContext.java:4646)
		at org.apache.catalina.util.LifecycleBase.start(LifecycleBase.java:170)
		at org.apache.catalina.core.ContainerBase.addChildInternal(ContainerBase.java:616)
		at org.apache.catalina.core.ContainerBase.addChild(ContainerBase.java:588)
		at org.apache.catalina.core.StandardHost.addChild(StandardHost.java:622)
		at org.apache.catalina.startup.HostConfig.deployDirectory(HostConfig.java:1180)
		at org.apache.catalina.startup.HostConfig$DeployDirectory.run(HostConfig.java:1904)
		at java.base/java.util.concurrent.Executors$RunnableAdapter.call(Executors.java:539)
		at java.base/java.util.concurrent.FutureTask.run(FutureTask.java:264)
		at org.apache.tomcat.util.threads.InlineExecutorService.execute(InlineExecutorService.java:82)
		at java.base/java.util.concurrent.AbstractExecutorService.submit(AbstractExecutorService.java:123)
		at org.apache.catalina.startup.HostConfig.deployDirectories(HostConfig.java:1084)
		at org.apache.catalina.startup.HostConfig.deployApps(HostConfig.java:499)
		at org.apache.catalina.startup.HostConfig.start(HostConfig.java:1594)
		at org.apache.catalina.startup.HostConfig.lifecycleEvent(HostConfig.java:333)
		at org.apache.catalina.util.LifecycleBase.fireLifecycleEvent(LifecycleBase.java:115)
		at org.apache.catalina.util.LifecycleBase.setStateInternal(LifecycleBase.java:395)
		at org.apache.catalina.util.LifecycleBase.setState(LifecycleBase.java:342)
		at org.apache.catalina.core.ContainerBase.startInternal(ContainerBase.java:792)
		at org.apache.catalina.core.StandardHost.startInternal(StandardHost.java:740)
		at org.apache.catalina.util.LifecycleBase.start(LifecycleBase.java:170)
		at org.apache.catalina.core.ContainerBase$StartChild.call(ContainerBase.java:1243)
		at org.apache.catalina.core.ContainerBase$StartChild.call(ContainerBase.java:1233)
		at java.base/java.util.concurrent.FutureTask.run(FutureTask.java:264)
		at org.apache.tomcat.util.threads.InlineExecutorService.execute(InlineExecutorService.java:82)
		at java.base/java.util.concurrent.AbstractExecutorService.submit(AbstractExecutorService.java:145)
		at org.apache.catalina.core.ContainerBase.startInternal(ContainerBase.java:765)
		at org.apache.catalina.core.StandardEngine.startInternal(StandardEngine.java:209)
		at org.apache.catalina.util.LifecycleBase.start(LifecycleBase.java:170)
		at org.apache.catalina.core.StandardService.startInternal(StandardService.java:433)
		at org.apache.catalina.util.LifecycleBase.start(LifecycleBase.java:170)
		at org.apache.catalina.core.StandardServer.startInternal(StandardServer.java:879)
		at org.apache.catalina.util.LifecycleBase.start(LifecycleBase.java:170)
		at org.apache.catalina.startup.Catalina.start(Catalina.java:861)
		at java.base/jdk.internal.reflect.NativeMethodAccessorImpl.invoke0(Native Method)
		at java.base/jdk.internal.reflect.NativeMethodAccessorImpl.invoke(NativeMethodAccessorImpl.java:77)
		at java.base/jdk.internal.reflect.DelegatingMethodAccessorImpl.invoke(DelegatingMethodAccessorImpl.java:43)
		at java.base/java.lang.reflect.Method.invoke(Method.java:569)
		at org.apache.catalina.startup.Bootstrap.start(Bootstrap.java:348)
		at org.apache.catalina.startup.Bootstrap.main(Bootstrap.java:485)
16-Jul-2026 17:02:03.025 SEVERE [main] org.apache.catalina.core.StandardContext.listenerStart Error configuring application listener of class [async.AsyncStockContextListener]
	java.lang.ClassNotFoundException: async.AsyncStockContextListener
		at org.apache.catalina.loader.WebappClassLoaderBase.loadClass(WebappClassLoaderBase.java:1441)
		at org.apache.catalina.loader.WebappClassLoaderBase.loadClass(WebappClassLoaderBase.java:1250)
		at org.apache.catalina.core.DefaultInstanceManager.loadClass(DefaultInstanceManager.java:535)
		at org.apache.catalina.core.DefaultInstanceManager.loadClassMaybePrivileged(DefaultInstanceManager.java:509)
		at org.apache.catalina.core.DefaultInstanceManager.newInstance(DefaultInstanceManager.java:177)
		at org.apache.catalina.core.StandardContext.listenerStart(StandardContext.java:4131)
		at org.apache.catalina.core.StandardContext.startInternal(StandardContext.java:4646)
		at org.apache.catalina.util.LifecycleBase.start(LifecycleBase.java:170)
		at org.apache.catalina.core.ContainerBase.addChildInternal(ContainerBase.java:616)
		at org.apache.catalina.core.ContainerBase.addChild(ContainerBase.java:588)
		at org.apache.catalina.core.StandardHost.addChild(StandardHost.java:622)
		at org.apache.catalina.startup.HostConfig.deployDirectory(HostConfig.java:1180)
		at org.apache.catalina.startup.HostConfig$DeployDirectory.run(HostConfig.java:1904)
		at java.base/java.util.concurrent.Executors$RunnableAdapter.call(Executors.java:539)
		at java.base/java.util.concurrent.FutureTask.run(FutureTask.java:264)
		at org.apache.tomcat.util.threads.InlineExecutorService.execute(InlineExecutorService.java:82)
		at java.base/java.util.concurrent.AbstractExecutorService.submit(AbstractExecutorService.java:123)
		at org.apache.catalina.startup.HostConfig.deployDirectories(HostConfig.java:1084)
		at org.apache.catalina.startup.HostConfig.deployApps(HostConfig.java:499)
		at org.apache.catalina.startup.HostConfig.start(HostConfig.java:1594)
		at org.apache.catalina.startup.HostConfig.lifecycleEvent(HostConfig.java:333)
		at org.apache.catalina.util.LifecycleBase.fireLifecycleEvent(LifecycleBase.java:115)
		at org.apache.catalina.util.LifecycleBase.setStateInternal(LifecycleBase.java:395)
		at org.apache.catalina.util.LifecycleBase.setState(LifecycleBase.java:342)
		at org.apache.catalina.core.ContainerBase.startInternal(ContainerBase.java:792)
		at org.apache.catalina.core.StandardHost.startInternal(StandardHost.java:740)
		at org.apache.catalina.util.LifecycleBase.start(LifecycleBase.java:170)
		at org.apache.catalina.core.ContainerBase$StartChild.call(ContainerBase.java:1243)
		at org.apache.catalina.core.ContainerBase$StartChild.call(ContainerBase.java:1233)
		at java.base/java.util.concurrent.FutureTask.run(FutureTask.java:264)
		at org.apache.tomcat.util.threads.InlineExecutorService.execute(InlineExecutorService.java:82)
		at java.base/java.util.concurrent.AbstractExecutorService.submit(AbstractExecutorService.java:145)
		at org.apache.catalina.core.ContainerBase.startInternal(ContainerBase.java:765)
		at org.apache.catalina.core.StandardEngine.startInternal(StandardEngine.java:209)
		at org.apache.catalina.util.LifecycleBase.start(LifecycleBase.java:170)
		at org.apache.catalina.core.StandardService.startInternal(StandardService.java:433)
		at org.apache.catalina.util.LifecycleBase.start(LifecycleBase.java:170)
		at org.apache.catalina.core.StandardServer.startInternal(StandardServer.java:879)
		at org.apache.catalina.util.LifecycleBase.start(LifecycleBase.java:170)
		at org.apache.catalina.startup.Catalina.start(Catalina.java:861)
		at java.base/jdk.internal.reflect.NativeMethodAccessorImpl.invoke0(Native Method)
		at java.base/jdk.internal.reflect.NativeMethodAccessorImpl.invoke(NativeMethodAccessorImpl.java:77)
		at java.base/jdk.internal.reflect.DelegatingMethodAccessorImpl.invoke(DelegatingMethodAccessorImpl.java:43)
		at java.base/java.lang.reflect.Method.invoke(Method.java:569)
		at org.apache.catalina.startup.Bootstrap.start(Bootstrap.java:348)
		at org.apache.catalina.startup.Bootstrap.main(Bootstrap.java:485)
16-Jul-2026 17:02:03.028 SEVERE [main] org.apache.catalina.core.StandardContext.listenerStart Error configuring application listener of class [websocket.drawboard.DrawboardContextListener]
	java.lang.ClassNotFoundException: websocket.drawboard.DrawboardContextListener
		at org.apache.catalina.loader.WebappClassLoaderBase.loadClass(WebappClassLoaderBase.java:1441)
		at org.apache.catalina.loader.WebappClassLoaderBase.loadClass(WebappClassLoaderBase.java:1250)
		at org.apache.catalina.core.DefaultInstanceManager.loadClass(DefaultInstanceManager.java:535)
		at org.apache.catalina.core.DefaultInstanceManager.loadClassMaybePrivileged(DefaultInstanceManager.java:509)
		at org.apache.catalina.core.DefaultInstanceManager.newInstance(DefaultInstanceManager.java:177)
		at org.apache.catalina.core.StandardContext.listenerStart(StandardContext.java:4131)
		at org.apache.catalina.core.StandardContext.startInternal(StandardContext.java:4646)
		at org.apache.catalina.util.LifecycleBase.start(LifecycleBase.java:170)
		at org.apache.catalina.core.ContainerBase.addChildInternal(ContainerBase.java:616)
		at org.apache.catalina.core.ContainerBase.addChild(ContainerBase.java:588)
		at org.apache.catalina.core.StandardHost.addChild(StandardHost.java:622)
		at org.apache.catalina.startup.HostConfig.deployDirectory(HostConfig.java:1180)
		at org.apache.catalina.startup.HostConfig$DeployDirectory.run(HostConfig.java:1904)
		at java.base/java.util.concurrent.Executors$RunnableAdapter.call(Executors.java:539)
		at java.base/java.util.concurrent.FutureTask.run(FutureTask.java:264)
		at org.apache.tomcat.util.threads.InlineExecutorService.execute(InlineExecutorService.java:82)
		at java.base/java.util.concurrent.AbstractExecutorService.submit(AbstractExecutorService.java:123)
		at org.apache.catalina.startup.HostConfig.deployDirectories(HostConfig.java:1084)
		at org.apache.catalina.startup.HostConfig.deployApps(HostConfig.java:499)
		at org.apache.catalina.startup.HostConfig.start(HostConfig.java:1594)
		at org.apache.catalina.startup.HostConfig.lifecycleEvent(HostConfig.java:333)
		at org.apache.catalina.util.LifecycleBase.fireLifecycleEvent(LifecycleBase.java:115)
		at org.apache.catalina.util.LifecycleBase.setStateInternal(LifecycleBase.java:395)
		at org.apache.catalina.util.LifecycleBase.setState(LifecycleBase.java:342)
		at org.apache.catalina.core.ContainerBase.startInternal(ContainerBase.java:792)
		at org.apache.catalina.core.StandardHost.startInternal(StandardHost.java:740)
		at org.apache.catalina.util.LifecycleBase.start(LifecycleBase.java:170)
		at org.apache.catalina.core.ContainerBase$StartChild.call(ContainerBase.java:1243)
		at org.apache.catalina.core.ContainerBase$StartChild.call(ContainerBase.java:1233)
		at java.base/java.util.concurrent.FutureTask.run(FutureTask.java:264)
		at org.apache.tomcat.util.threads.InlineExecutorService.execute(InlineExecutorService.java:82)
		at java.base/java.util.concurrent.AbstractExecutorService.submit(AbstractExecutorService.java:145)
		at org.apache.catalina.core.ContainerBase.startInternal(ContainerBase.java:765)
		at org.apache.catalina.core.StandardEngine.startInternal(StandardEngine.java:209)
		at org.apache.catalina.util.LifecycleBase.start(LifecycleBase.java:170)
		at org.apache.catalina.core.StandardService.startInternal(StandardService.java:433)
		at org.apache.catalina.util.LifecycleBase.start(LifecycleBase.java:170)
		at org.apache.catalina.core.StandardServer.startInternal(StandardServer.java:879)
		at org.apache.catalina.util.LifecycleBase.start(LifecycleBase.java:170)
		at org.apache.catalina.startup.Catalina.start(Catalina.java:861)
		at java.base/jdk.internal.reflect.NativeMethodAccessorImpl.invoke0(Native Method)
		at java.base/jdk.internal.reflect.NativeMethodAccessorImpl.invoke(NativeMethodAccessorImpl.java:77)
		at java.base/jdk.internal.reflect.DelegatingMethodAccessorImpl.invoke(DelegatingMethodAccessorImpl.java:43)
		at java.base/java.lang.reflect.Method.invoke(Method.java:569)
		at org.apache.catalina.startup.Bootstrap.start(Bootstrap.java:348)
		at org.apache.catalina.startup.Bootstrap.main(Bootstrap.java:485)
16-Jul-2026 17:02:03.028 SEVERE [main] org.apache.catalina.core.StandardContext.listenerStart Skipped installing application listeners due to previous error(s)
16-Jul-2026 17:03:42.256 INFO [main] org.apache.catalina.core.ApplicationContext.log No Spring WebApplicationInitializer types detected on classpath
16-Jul-2026 17:03:42.374 INFO [main] org.apache.catalina.core.ApplicationContext.log Initializing Spring root WebApplicationContext
16-Jul-2026 17:03:44.556 SEVERE [main] org.apache.catalina.core.StandardContext.listenerStart Exception sending context initialized event to listener instance of class [org.springframework.web.context.ContextLoaderListener]
	org.springframework.beans.factory.BeanDefinitionStoreException: Failed to load bean class: com.timmy.serviceImpl.UsernameDeltaSyncService; nested exception is java.io.FileNotFoundException: class path resource [com/timmy/serviceImpl/UsernameDeltaSyncService$DeviceSyncDetail.class] cannot be opened because it does not exist
		at org.springframework.context.annotation.ConfigurationClassParser.parse(ConfigurationClassParser.java:159)
		at org.springframework.context.annotation.ConfigurationClassPostProcessor.processConfigBeanDefinitions(ConfigurationClassPostProcessor.java:299)
		at org.springframework.context.annotation.ConfigurationClassPostProcessor.postProcessBeanDefinitionRegistry(ConfigurationClassPostProcessor.java:243)
		at org.springframework.context.support.PostProcessorRegistrationDelegate.invokeBeanDefinitionRegistryPostProcessors(PostProcessorRegistrationDelegate.java:254)
		at org.springframework.context.support.PostProcessorRegistrationDelegate.invokeBeanFactoryPostProcessors(PostProcessorRegistrationDelegate.java:94)
		at org.springframework.context.support.AbstractApplicationContext.invokeBeanFactoryPostProcessors(AbstractApplicationContext.java:609)
		at org.springframework.context.support.AbstractApplicationContext.refresh(AbstractApplicationContext.java:464)
		at org.springframework.web.context.ContextLoader.configureAndRefreshWebApplicationContext(ContextLoader.java:403)
		at org.springframework.web.context.ContextLoader.initWebApplicationContext(ContextLoader.java:306)
		at org.springframework.web.context.ContextLoaderListener.contextInitialized(ContextLoaderListener.java:106)
		at org.apache.catalina.core.StandardContext.listenerStart(StandardContext.java:4204)
		at org.apache.catalina.core.StandardContext.startInternal(StandardContext.java:4646)
		at org.apache.catalina.util.LifecycleBase.start(LifecycleBase.java:170)
		at org.apache.catalina.core.ContainerBase.addChildInternal(ContainerBase.java:616)
		at org.apache.catalina.core.ContainerBase.addChild(ContainerBase.java:588)
		at org.apache.catalina.core.StandardHost.addChild(StandardHost.java:622)
		at org.apache.catalina.startup.HostConfig.deployDirectory(HostConfig.java:1180)
		at org.apache.catalina.startup.HostConfig$DeployDirectory.run(HostConfig.java:1904)
		at java.base/java.util.concurrent.Executors$RunnableAdapter.call(Executors.java:539)
		at java.base/java.util.concurrent.FutureTask.run(FutureTask.java:264)
		at org.apache.tomcat.util.threads.InlineExecutorService.execute(InlineExecutorService.java:82)
		at java.base/java.util.concurrent.AbstractExecutorService.submit(AbstractExecutorService.java:123)
		at org.apache.catalina.startup.HostConfig.deployDirectories(HostConfig.java:1084)
		at org.apache.catalina.startup.HostConfig.deployApps(HostConfig.java:499)
		at org.apache.catalina.startup.HostConfig.start(HostConfig.java:1594)
		at org.apache.catalina.startup.HostConfig.lifecycleEvent(HostConfig.java:333)
		at org.apache.catalina.util.LifecycleBase.fireLifecycleEvent(LifecycleBase.java:115)
		at org.apache.catalina.util.LifecycleBase.setStateInternal(LifecycleBase.java:395)
		at org.apache.catalina.util.LifecycleBase.setState(LifecycleBase.java:342)
		at org.apache.catalina.core.ContainerBase.startInternal(ContainerBase.java:792)
		at org.apache.catalina.core.StandardHost.startInternal(StandardHost.java:740)
		at org.apache.catalina.util.LifecycleBase.start(LifecycleBase.java:170)
		at org.apache.catalina.core.ContainerBase$StartChild.call(ContainerBase.java:1243)
		at org.apache.catalina.core.ContainerBase$StartChild.call(ContainerBase.java:1233)
		at java.base/java.util.concurrent.FutureTask.run(FutureTask.java:264)
		at org.apache.tomcat.util.threads.InlineExecutorService.execute(InlineExecutorService.java:82)
		at java.base/java.util.concurrent.AbstractExecutorService.submit(AbstractExecutorService.java:145)
		at org.apache.catalina.core.ContainerBase.startInternal(ContainerBase.java:765)
		at org.apache.catalina.core.StandardEngine.startInternal(StandardEngine.java:209)
		at org.apache.catalina.util.LifecycleBase.start(LifecycleBase.java:170)
		at org.apache.catalina.core.StandardService.startInternal(StandardService.java:433)
		at org.apache.catalina.util.LifecycleBase.start(LifecycleBase.java:170)
		at org.apache.catalina.core.StandardServer.startInternal(StandardServer.java:879)
		at org.apache.catalina.util.LifecycleBase.start(LifecycleBase.java:170)
		at org.apache.catalina.startup.Catalina.start(Catalina.java:861)
		at java.base/jdk.internal.reflect.NativeMethodAccessorImpl.invoke0(Native Method)
		at java.base/jdk.internal.reflect.NativeMethodAccessorImpl.invoke(NativeMethodAccessorImpl.java:77)
		at java.base/jdk.internal.reflect.DelegatingMethodAccessorImpl.invoke(DelegatingMethodAccessorImpl.java:43)
		at java.base/java.lang.reflect.Method.invoke(Method.java:569)
		at org.apache.catalina.startup.Bootstrap.start(Bootstrap.java:348)
		at org.apache.catalina.startup.Bootstrap.main(Bootstrap.java:485)
	Caused by: java.io.FileNotFoundException: class path resource [com/timmy/serviceImpl/UsernameDeltaSyncService$DeviceSyncDetail.class] cannot be opened because it does not exist
		at org.springframework.core.io.ClassPathResource.getInputStream(ClassPathResource.java:158)
		at org.springframework.core.type.classreading.SimpleMetadataReader.<init>(SimpleMetadataReader.java:50)
		at org.springframework.core.type.classreading.SimpleMetadataReaderFactory.getMetadataReader(SimpleMetadataReaderFactory.java:82)
		at org.springframework.core.type.classreading.CachingMetadataReaderFactory.getMetadataReader(CachingMetadataReaderFactory.java:102)
		at org.springframework.core.type.classreading.SimpleMetadataReaderFactory.getMetadataReader(SimpleMetadataReaderFactory.java:77)
		at org.springframework.context.annotation.ConfigurationClassParser.asSourceClass(ConfigurationClassParser.java:551)
		at org.springframework.context.annotation.ConfigurationClassParser$SourceClass.getMemberClasses(ConfigurationClassParser.java:700)
		at org.springframework.context.annotation.ConfigurationClassParser.processMemberClasses(ConfigurationClassParser.java:292)
		at org.springframework.context.annotation.ConfigurationClassParser.doProcessConfigurationClass(ConfigurationClassParser.java:222)
		at org.springframework.context.annotation.ConfigurationClassParser.processConfigurationClass(ConfigurationClassParser.java:205)
		at org.springframework.context.annotation.ConfigurationClassParser.parse(ConfigurationClassParser.java:173)
		at org.springframework.context.annotation.ConfigurationClassParser.parse(ConfigurationClassParser.java:155)
		... 50 more
16-Jul-2026 17:03:44.556 SEVERE [main] org.apache.catalina.core.StandardContext.listenerStart Exception sending context initialized event to listener instance of class [com.timmy.util.InitializationListener]
	org.springframework.beans.factory.BeanDefinitionStoreException: Failed to load bean class: com.timmy.serviceImpl.UsernameDeltaSyncService; nested exception is java.io.FileNotFoundException: class path resource [com/timmy/serviceImpl/UsernameDeltaSyncService$DeviceSyncDetail.class] cannot be opened because it does not exist
		at org.springframework.context.annotation.ConfigurationClassParser.parse(ConfigurationClassParser.java:159)
		at org.springframework.context.annotation.ConfigurationClassPostProcessor.processConfigBeanDefinitions(ConfigurationClassPostProcessor.java:299)
		at org.springframework.context.annotation.ConfigurationClassPostProcessor.postProcessBeanDefinitionRegistry(ConfigurationClassPostProcessor.java:243)
		at org.springframework.context.support.PostProcessorRegistrationDelegate.invokeBeanDefinitionRegistryPostProcessors(PostProcessorRegistrationDelegate.java:254)
		at org.springframework.context.support.PostProcessorRegistrationDelegate.invokeBeanFactoryPostProcessors(PostProcessorRegistrationDelegate.java:94)
		at org.springframework.context.support.AbstractApplicationContext.invokeBeanFactoryPostProcessors(AbstractApplicationContext.java:609)
		at org.springframework.context.support.AbstractApplicationContext.refresh(AbstractApplicationContext.java:464)
		at org.springframework.web.context.ContextLoader.configureAndRefreshWebApplicationContext(ContextLoader.java:403)
		at org.springframework.web.context.ContextLoader.initWebApplicationContext(ContextLoader.java:306)
		at org.springframework.web.context.ContextLoaderListener.contextInitialized(ContextLoaderListener.java:106)
		at org.apache.catalina.core.StandardContext.listenerStart(StandardContext.java:4204)
		at org.apache.catalina.core.StandardContext.startInternal(StandardContext.java:4646)
		at org.apache.catalina.util.LifecycleBase.start(LifecycleBase.java:170)
		at org.apache.catalina.core.ContainerBase.addChildInternal(ContainerBase.java:616)
		at org.apache.catalina.core.ContainerBase.addChild(ContainerBase.java:588)
		at org.apache.catalina.core.StandardHost.addChild(StandardHost.java:622)
		at org.apache.catalina.startup.HostConfig.deployDirectory(HostConfig.java:1180)
		at org.apache.catalina.startup.HostConfig$DeployDirectory.run(HostConfig.java:1904)
		at java.base/java.util.concurrent.Executors$RunnableAdapter.call(Executors.java:539)
		at java.base/java.util.concurrent.FutureTask.run(FutureTask.java:264)
		at org.apache.tomcat.util.threads.InlineExecutorService.execute(InlineExecutorService.java:82)
		at java.base/java.util.concurrent.AbstractExecutorService.submit(AbstractExecutorService.java:123)
		at org.apache.catalina.startup.HostConfig.deployDirectories(HostConfig.java:1084)
		at org.apache.catalina.startup.HostConfig.deployApps(HostConfig.java:499)
		at org.apache.catalina.startup.HostConfig.start(HostConfig.java:1594)
		at org.apache.catalina.startup.HostConfig.lifecycleEvent(HostConfig.java:333)
		at org.apache.catalina.util.LifecycleBase.fireLifecycleEvent(LifecycleBase.java:115)
		at org.apache.catalina.util.LifecycleBase.setStateInternal(LifecycleBase.java:395)
		at org.apache.catalina.util.LifecycleBase.setState(LifecycleBase.java:342)
		at org.apache.catalina.core.ContainerBase.startInternal(ContainerBase.java:792)
		at org.apache.catalina.core.StandardHost.startInternal(StandardHost.java:740)
		at org.apache.catalina.util.LifecycleBase.start(LifecycleBase.java:170)
		at org.apache.catalina.core.ContainerBase$StartChild.call(ContainerBase.java:1243)
		at org.apache.catalina.core.ContainerBase$StartChild.call(ContainerBase.java:1233)
		at java.base/java.util.concurrent.FutureTask.run(FutureTask.java:264)
		at org.apache.tomcat.util.threads.InlineExecutorService.execute(InlineExecutorService.java:82)
		at java.base/java.util.concurrent.AbstractExecutorService.submit(AbstractExecutorService.java:145)
		at org.apache.catalina.core.ContainerBase.startInternal(ContainerBase.java:765)
		at org.apache.catalina.core.StandardEngine.startInternal(StandardEngine.java:209)
		at org.apache.catalina.util.LifecycleBase.start(LifecycleBase.java:170)
		at org.apache.catalina.core.StandardService.startInternal(StandardService.java:433)
		at org.apache.catalina.util.LifecycleBase.start(LifecycleBase.java:170)
		at org.apache.catalina.core.StandardServer.startInternal(StandardServer.java:879)
		at org.apache.catalina.util.LifecycleBase.start(LifecycleBase.java:170)
		at org.apache.catalina.startup.Catalina.start(Catalina.java:861)
		at java.base/jdk.internal.reflect.NativeMethodAccessorImpl.invoke0(Native Method)
		at java.base/jdk.internal.reflect.NativeMethodAccessorImpl.invoke(NativeMethodAccessorImpl.java:77)
		at java.base/jdk.internal.reflect.DelegatingMethodAccessorImpl.invoke(DelegatingMethodAccessorImpl.java:43)
		at java.base/java.lang.reflect.Method.invoke(Method.java:569)
		at org.apache.catalina.startup.Bootstrap.start(Bootstrap.java:348)
		at org.apache.catalina.startup.Bootstrap.main(Bootstrap.java:485)
	Caused by: java.io.FileNotFoundException: class path resource [com/timmy/serviceImpl/UsernameDeltaSyncService$DeviceSyncDetail.class] cannot be opened because it does not exist
		at org.springframework.core.io.ClassPathResource.getInputStream(ClassPathResource.java:158)
		at org.springframework.core.type.classreading.SimpleMetadataReader.<init>(SimpleMetadataReader.java:50)
		at org.springframework.core.type.classreading.SimpleMetadataReaderFactory.getMetadataReader(SimpleMetadataReaderFactory.java:82)
		at org.springframework.core.type.classreading.CachingMetadataReaderFactory.getMetadataReader(CachingMetadataReaderFactory.java:102)
		at org.springframework.core.type.classreading.SimpleMetadataReaderFactory.getMetadataReader(SimpleMetadataReaderFactory.java:77)
		at org.springframework.context.annotation.ConfigurationClassParser.asSourceClass(ConfigurationClassParser.java:551)
		at org.springframework.context.annotation.ConfigurationClassParser$SourceClass.getMemberClasses(ConfigurationClassParser.java:700)
		at org.springframework.context.annotation.ConfigurationClassParser.processMemberClasses(ConfigurationClassParser.java:292)
		at org.springframework.context.annotation.ConfigurationClassParser.doProcessConfigurationClass(ConfigurationClassParser.java:222)
		at org.springframework.context.annotation.ConfigurationClassParser.processConfigurationClass(ConfigurationClassParser.java:205)
		at org.springframework.context.annotation.ConfigurationClassParser.parse(ConfigurationClassParser.java:173)
		at org.springframework.context.annotation.ConfigurationClassParser.parse(ConfigurationClassParser.java:155)
		... 50 more
16-Jul-2026 17:03:44.886 SEVERE [main] org.apache.catalina.core.StandardContext.listenerStop Exception sending context destroyed event to listener instance of class [com.timmy.util.InitializationListener]
	org.springframework.beans.factory.BeanDefinitionStoreException: Failed to load bean class: com.timmy.serviceImpl.UsernameDeltaSyncService; nested exception is java.io.FileNotFoundException: class path resource [com/timmy/serviceImpl/UsernameDeltaSyncService$DeviceSyncDetail.class] cannot be opened because it does not exist
		at org.springframework.context.annotation.ConfigurationClassParser.parse(ConfigurationClassParser.java:159)
		at org.springframework.context.annotation.ConfigurationClassPostProcessor.processConfigBeanDefinitions(ConfigurationClassPostProcessor.java:299)
		at org.springframework.context.annotation.ConfigurationClassPostProcessor.postProcessBeanDefinitionRegistry(ConfigurationClassPostProcessor.java:243)
		at org.springframework.context.support.PostProcessorRegistrationDelegate.invokeBeanDefinitionRegistryPostProcessors(PostProcessorRegistrationDelegate.java:254)
		at org.springframework.context.support.PostProcessorRegistrationDelegate.invokeBeanFactoryPostProcessors(PostProcessorRegistrationDelegate.java:94)
		at org.springframework.context.support.AbstractApplicationContext.invokeBeanFactoryPostProcessors(AbstractApplicationContext.java:609)
		at org.springframework.context.support.AbstractApplicationContext.refresh(AbstractApplicationContext.java:464)
		at org.springframework.web.context.ContextLoader.configureAndRefreshWebApplicationContext(ContextLoader.java:403)
		at org.springframework.web.context.ContextLoader.initWebApplicationContext(ContextLoader.java:306)
		at org.springframework.web.context.ContextLoaderListener.contextInitialized(ContextLoaderListener.java:106)
		at org.apache.catalina.core.StandardContext.listenerStart(StandardContext.java:4204)
		at org.apache.catalina.core.StandardContext.startInternal(StandardContext.java:4646)
		at org.apache.catalina.util.LifecycleBase.start(LifecycleBase.java:170)
		at org.apache.catalina.core.ContainerBase.addChildInternal(ContainerBase.java:616)
		at org.apache.catalina.core.ContainerBase.addChild(ContainerBase.java:588)
		at org.apache.catalina.core.StandardHost.addChild(StandardHost.java:622)
		at org.apache.catalina.startup.HostConfig.deployDirectory(HostConfig.java:1180)
		at org.apache.catalina.startup.HostConfig$DeployDirectory.run(HostConfig.java:1904)
		at java.base/java.util.concurrent.Executors$RunnableAdapter.call(Executors.java:539)
		at java.base/java.util.concurrent.FutureTask.run(FutureTask.java:264)
		at org.apache.tomcat.util.threads.InlineExecutorService.execute(InlineExecutorService.java:82)
		at java.base/java.util.concurrent.AbstractExecutorService.submit(AbstractExecutorService.java:123)
		at org.apache.catalina.startup.HostConfig.deployDirectories(HostConfig.java:1084)
		at org.apache.catalina.startup.HostConfig.deployApps(HostConfig.java:499)
		at org.apache.catalina.startup.HostConfig.start(HostConfig.java:1594)
		at org.apache.catalina.startup.HostConfig.lifecycleEvent(HostConfig.java:333)
		at org.apache.catalina.util.LifecycleBase.fireLifecycleEvent(LifecycleBase.java:115)
		at org.apache.catalina.util.LifecycleBase.setStateInternal(LifecycleBase.java:395)
		at org.apache.catalina.util.LifecycleBase.setState(LifecycleBase.java:342)
		at org.apache.catalina.core.ContainerBase.startInternal(ContainerBase.java:792)
		at org.apache.catalina.core.StandardHost.startInternal(StandardHost.java:740)
		at org.apache.catalina.util.LifecycleBase.start(LifecycleBase.java:170)
		at org.apache.catalina.core.ContainerBase$StartChild.call(ContainerBase.java:1243)
		at org.apache.catalina.core.ContainerBase$StartChild.call(ContainerBase.java:1233)
		at java.base/java.util.concurrent.FutureTask.run(FutureTask.java:264)
		at org.apache.tomcat.util.threads.InlineExecutorService.execute(InlineExecutorService.java:82)
		at java.base/java.util.concurrent.AbstractExecutorService.submit(AbstractExecutorService.java:145)
		at org.apache.catalina.core.ContainerBase.startInternal(ContainerBase.java:765)
		at org.apache.catalina.core.StandardEngine.startInternal(StandardEngine.java:209)
		at org.apache.catalina.util.LifecycleBase.start(LifecycleBase.java:170)
		at org.apache.catalina.core.StandardService.startInternal(StandardService.java:433)
		at org.apache.catalina.util.LifecycleBase.start(LifecycleBase.java:170)
		at org.apache.catalina.core.StandardServer.startInternal(StandardServer.java:879)
		at org.apache.catalina.util.LifecycleBase.start(LifecycleBase.java:170)
		at org.apache.catalina.startup.Catalina.start(Catalina.java:861)
		at java.base/jdk.internal.reflect.NativeMethodAccessorImpl.invoke0(Native Method)
		at java.base/jdk.internal.reflect.NativeMethodAccessorImpl.invoke(NativeMethodAccessorImpl.java:77)
		at java.base/jdk.internal.reflect.DelegatingMethodAccessorImpl.invoke(DelegatingMethodAccessorImpl.java:43)
		at java.base/java.lang.reflect.Method.invoke(Method.java:569)
		at org.apache.catalina.startup.Bootstrap.start(Bootstrap.java:348)
		at org.apache.catalina.startup.Bootstrap.main(Bootstrap.java:485)
	Caused by: java.io.FileNotFoundException: class path resource [com/timmy/serviceImpl/UsernameDeltaSyncService$DeviceSyncDetail.class] cannot be opened because it does not exist
		at org.springframework.core.io.ClassPathResource.getInputStream(ClassPathResource.java:158)
		at org.springframework.core.type.classreading.SimpleMetadataReader.<init>(SimpleMetadataReader.java:50)
		at org.springframework.core.type.classreading.SimpleMetadataReaderFactory.getMetadataReader(SimpleMetadataReaderFactory.java:82)
		at org.springframework.core.type.classreading.CachingMetadataReaderFactory.getMetadataReader(CachingMetadataReaderFactory.java:102)
		at org.springframework.core.type.classreading.SimpleMetadataReaderFactory.getMetadataReader(SimpleMetadataReaderFactory.java:77)
		at org.springframework.context.annotation.ConfigurationClassParser.asSourceClass(ConfigurationClassParser.java:551)
		at org.springframework.context.annotation.ConfigurationClassParser$SourceClass.getMemberClasses(ConfigurationClassParser.java:700)
		at org.springframework.context.annotation.ConfigurationClassParser.processMemberClasses(ConfigurationClassParser.java:292)
		at org.springframework.context.annotation.ConfigurationClassParser.doProcessConfigurationClass(ConfigurationClassParser.java:222)
		at org.springframework.context.annotation.ConfigurationClassParser.processConfigurationClass(ConfigurationClassParser.java:205)
		at org.springframework.context.annotation.ConfigurationClassParser.parse(ConfigurationClassParser.java:173)
		at org.springframework.context.annotation.ConfigurationClassParser.parse(ConfigurationClassParser.java:155)
		... 50 more
16-Jul-2026 17:03:44.886 INFO [main] org.apache.catalina.core.ApplicationContext.log Closing Spring root WebApplicationContext
16-Jul-2026 17:03:45.504 SEVERE [main] org.apache.catalina.core.StandardContext.listenerStart Error configuring application listener of class [listeners.ContextListener]
	java.lang.ClassNotFoundException: listeners.ContextListener
		at org.apache.catalina.loader.WebappClassLoaderBase.loadClass(WebappClassLoaderBase.java:1441)
		at org.apache.catalina.loader.WebappClassLoaderBase.loadClass(WebappClassLoaderBase.java:1250)
		at org.apache.catalina.core.DefaultInstanceManager.loadClass(DefaultInstanceManager.java:535)
		at org.apache.catalina.core.DefaultInstanceManager.loadClassMaybePrivileged(DefaultInstanceManager.java:509)
		at org.apache.catalina.core.DefaultInstanceManager.newInstance(DefaultInstanceManager.java:177)
		at org.apache.catalina.core.StandardContext.listenerStart(StandardContext.java:4131)
		at org.apache.catalina.core.StandardContext.startInternal(StandardContext.java:4646)
		at org.apache.catalina.util.LifecycleBase.start(LifecycleBase.java:170)
		at org.apache.catalina.core.ContainerBase.addChildInternal(ContainerBase.java:616)
		at org.apache.catalina.core.ContainerBase.addChild(ContainerBase.java:588)
		at org.apache.catalina.core.StandardHost.addChild(StandardHost.java:622)
		at org.apache.catalina.startup.HostConfig.deployDirectory(HostConfig.java:1180)
		at org.apache.catalina.startup.HostConfig$DeployDirectory.run(HostConfig.java:1904)
		at java.base/java.util.concurrent.Executors$RunnableAdapter.call(Executors.java:539)
		at java.base/java.util.concurrent.FutureTask.run(FutureTask.java:264)
		at org.apache.tomcat.util.threads.InlineExecutorService.execute(InlineExecutorService.java:82)
		at java.base/java.util.concurrent.AbstractExecutorService.submit(AbstractExecutorService.java:123)
		at org.apache.catalina.startup.HostConfig.deployDirectories(HostConfig.java:1084)
		at org.apache.catalina.startup.HostConfig.deployApps(HostConfig.java:499)
		at org.apache.catalina.startup.HostConfig.start(HostConfig.java:1594)
		at org.apache.catalina.startup.HostConfig.lifecycleEvent(HostConfig.java:333)
		at org.apache.catalina.util.LifecycleBase.fireLifecycleEvent(LifecycleBase.java:115)
		at org.apache.catalina.util.LifecycleBase.setStateInternal(LifecycleBase.java:395)
		at org.apache.catalina.util.LifecycleBase.setState(LifecycleBase.java:342)
		at org.apache.catalina.core.ContainerBase.startInternal(ContainerBase.java:792)
		at org.apache.catalina.core.StandardHost.startInternal(StandardHost.java:740)
		at org.apache.catalina.util.LifecycleBase.start(LifecycleBase.java:170)
		at org.apache.catalina.core.ContainerBase$StartChild.call(ContainerBase.java:1243)
		at org.apache.catalina.core.ContainerBase$StartChild.call(ContainerBase.java:1233)
		at java.base/java.util.concurrent.FutureTask.run(FutureTask.java:264)
		at org.apache.tomcat.util.threads.InlineExecutorService.execute(InlineExecutorService.java:82)
		at java.base/java.util.concurrent.AbstractExecutorService.submit(AbstractExecutorService.java:145)
		at org.apache.catalina.core.ContainerBase.startInternal(ContainerBase.java:765)
		at org.apache.catalina.core.StandardEngine.startInternal(StandardEngine.java:209)
		at org.apache.catalina.util.LifecycleBase.start(LifecycleBase.java:170)
		at org.apache.catalina.core.StandardService.startInternal(StandardService.java:433)
		at org.apache.catalina.util.LifecycleBase.start(LifecycleBase.java:170)
		at org.apache.catalina.core.StandardServer.startInternal(StandardServer.java:879)
		at org.apache.catalina.util.LifecycleBase.start(LifecycleBase.java:170)
		at org.apache.catalina.startup.Catalina.start(Catalina.java:861)
		at java.base/jdk.internal.reflect.NativeMethodAccessorImpl.invoke0(Native Method)
		at java.base/jdk.internal.reflect.NativeMethodAccessorImpl.invoke(NativeMethodAccessorImpl.java:77)
		at java.base/jdk.internal.reflect.DelegatingMethodAccessorImpl.invoke(DelegatingMethodAccessorImpl.java:43)
		at java.base/java.lang.reflect.Method.invoke(Method.java:569)
		at org.apache.catalina.startup.Bootstrap.start(Bootstrap.java:348)
		at org.apache.catalina.startup.Bootstrap.main(Bootstrap.java:485)
16-Jul-2026 17:03:45.513 SEVERE [main] org.apache.catalina.core.StandardContext.listenerStart Error configuring application listener of class [async.AsyncStockContextListener]
	java.lang.ClassNotFoundException: async.AsyncStockContextListener
		at org.apache.catalina.loader.WebappClassLoaderBase.loadClass(WebappClassLoaderBase.java:1441)
		at org.apache.catalina.loader.WebappClassLoaderBase.loadClass(WebappClassLoaderBase.java:1250)
		at org.apache.catalina.core.DefaultInstanceManager.loadClass(DefaultInstanceManager.java:535)
		at org.apache.catalina.core.DefaultInstanceManager.loadClassMaybePrivileged(DefaultInstanceManager.java:509)
		at org.apache.catalina.core.DefaultInstanceManager.newInstance(DefaultInstanceManager.java:177)
		at org.apache.catalina.core.StandardContext.listenerStart(StandardContext.java:4131)
		at org.apache.catalina.core.StandardContext.startInternal(StandardContext.java:4646)
		at org.apache.catalina.util.LifecycleBase.start(LifecycleBase.java:170)
		at org.apache.catalina.core.ContainerBase.addChildInternal(ContainerBase.java:616)
		at org.apache.catalina.core.ContainerBase.addChild(ContainerBase.java:588)
		at org.apache.catalina.core.StandardHost.addChild(StandardHost.java:622)
		at org.apache.catalina.startup.HostConfig.deployDirectory(HostConfig.java:1180)
		at org.apache.catalina.startup.HostConfig$DeployDirectory.run(HostConfig.java:1904)
		at java.base/java.util.concurrent.Executors$RunnableAdapter.call(Executors.java:539)
		at java.base/java.util.concurrent.FutureTask.run(FutureTask.java:264)
		at org.apache.tomcat.util.threads.InlineExecutorService.execute(InlineExecutorService.java:82)
		at java.base/java.util.concurrent.AbstractExecutorService.submit(AbstractExecutorService.java:123)
		at org.apache.catalina.startup.HostConfig.deployDirectories(HostConfig.java:1084)
		at org.apache.catalina.startup.HostConfig.deployApps(HostConfig.java:499)
		at org.apache.catalina.startup.HostConfig.start(HostConfig.java:1594)
		at org.apache.catalina.startup.HostConfig.lifecycleEvent(HostConfig.java:333)
		at org.apache.catalina.util.LifecycleBase.fireLifecycleEvent(LifecycleBase.java:115)
		at org.apache.catalina.util.LifecycleBase.setStateInternal(LifecycleBase.java:395)
		at org.apache.catalina.util.LifecycleBase.setState(LifecycleBase.java:342)
		at org.apache.catalina.core.ContainerBase.startInternal(ContainerBase.java:792)
		at org.apache.catalina.core.StandardHost.startInternal(StandardHost.java:740)
		at org.apache.catalina.util.LifecycleBase.start(LifecycleBase.java:170)
		at org.apache.catalina.core.ContainerBase$StartChild.call(ContainerBase.java:1243)
		at org.apache.catalina.core.ContainerBase$StartChild.call(ContainerBase.java:1233)
		at java.base/java.util.concurrent.FutureTask.run(FutureTask.java:264)
		at org.apache.tomcat.util.threads.InlineExecutorService.execute(InlineExecutorService.java:82)
		at java.base/java.util.concurrent.AbstractExecutorService.submit(AbstractExecutorService.java:145)
		at org.apache.catalina.core.ContainerBase.startInternal(ContainerBase.java:765)
		at org.apache.catalina.core.StandardEngine.startInternal(StandardEngine.java:209)
		at org.apache.catalina.util.LifecycleBase.start(LifecycleBase.java:170)
		at org.apache.catalina.core.StandardService.startInternal(StandardService.java:433)
		at org.apache.catalina.util.LifecycleBase.start(LifecycleBase.java:170)
		at org.apache.catalina.core.StandardServer.startInternal(StandardServer.java:879)
		at org.apache.catalina.util.LifecycleBase.start(LifecycleBase.java:170)
		at org.apache.catalina.startup.Catalina.start(Catalina.java:861)
		at java.base/jdk.internal.reflect.NativeMethodAccessorImpl.invoke0(Native Method)
		at java.base/jdk.internal.reflect.NativeMethodAccessorImpl.invoke(NativeMethodAccessorImpl.java:77)
		at java.base/jdk.internal.reflect.DelegatingMethodAccessorImpl.invoke(DelegatingMethodAccessorImpl.java:43)
		at java.base/java.lang.reflect.Method.invoke(Method.java:569)
		at org.apache.catalina.startup.Bootstrap.start(Bootstrap.java:348)
		at org.apache.catalina.startup.Bootstrap.main(Bootstrap.java:485)
16-Jul-2026 17:03:45.516 SEVERE [main] org.apache.catalina.core.StandardContext.listenerStart Error configuring application listener of class [websocket.drawboard.DrawboardContextListener]
	java.lang.ClassNotFoundException: websocket.drawboard.DrawboardContextListener
		at org.apache.catalina.loader.WebappClassLoaderBase.loadClass(WebappClassLoaderBase.java:1441)
		at org.apache.catalina.loader.WebappClassLoaderBase.loadClass(WebappClassLoaderBase.java:1250)
		at org.apache.catalina.core.DefaultInstanceManager.loadClass(DefaultInstanceManager.java:535)
		at org.apache.catalina.core.DefaultInstanceManager.loadClassMaybePrivileged(DefaultInstanceManager.java:509)
		at org.apache.catalina.core.DefaultInstanceManager.newInstance(DefaultInstanceManager.java:177)
		at org.apache.catalina.core.StandardContext.listenerStart(StandardContext.java:4131)
		at org.apache.catalina.core.StandardContext.startInternal(StandardContext.java:4646)
		at org.apache.catalina.util.LifecycleBase.start(LifecycleBase.java:170)
		at org.apache.catalina.core.ContainerBase.addChildInternal(ContainerBase.java:616)
		at org.apache.catalina.core.ContainerBase.addChild(ContainerBase.java:588)
		at org.apache.catalina.core.StandardHost.addChild(StandardHost.java:622)
		at org.apache.catalina.startup.HostConfig.deployDirectory(HostConfig.java:1180)
		at org.apache.catalina.startup.HostConfig$DeployDirectory.run(HostConfig.java:1904)
		at java.base/java.util.concurrent.Executors$RunnableAdapter.call(Executors.java:539)
		at java.base/java.util.concurrent.FutureTask.run(FutureTask.java:264)
		at org.apache.tomcat.util.threads.InlineExecutorService.execute(InlineExecutorService.java:82)
		at java.base/java.util.concurrent.AbstractExecutorService.submit(AbstractExecutorService.java:123)
		at org.apache.catalina.startup.HostConfig.deployDirectories(HostConfig.java:1084)
		at org.apache.catalina.startup.HostConfig.deployApps(HostConfig.java:499)
		at org.apache.catalina.startup.HostConfig.start(HostConfig.java:1594)
		at org.apache.catalina.startup.HostConfig.lifecycleEvent(HostConfig.java:333)
		at org.apache.catalina.util.LifecycleBase.fireLifecycleEvent(LifecycleBase.java:115)
		at org.apache.catalina.util.LifecycleBase.setStateInternal(LifecycleBase.java:395)
		at org.apache.catalina.util.LifecycleBase.setState(LifecycleBase.java:342)
		at org.apache.catalina.core.ContainerBase.startInternal(ContainerBase.java:792)
		at org.apache.catalina.core.StandardHost.startInternal(StandardHost.java:740)
		at org.apache.catalina.util.LifecycleBase.start(LifecycleBase.java:170)
		at org.apache.catalina.core.ContainerBase$StartChild.call(ContainerBase.java:1243)
		at org.apache.catalina.core.ContainerBase$StartChild.call(ContainerBase.java:1233)
		at java.base/java.util.concurrent.FutureTask.run(FutureTask.java:264)
		at org.apache.tomcat.util.threads.InlineExecutorService.execute(InlineExecutorService.java:82)
		at java.base/java.util.concurrent.AbstractExecutorService.submit(AbstractExecutorService.java:145)
		at org.apache.catalina.core.ContainerBase.startInternal(ContainerBase.java:765)
		at org.apache.catalina.core.StandardEngine.startInternal(StandardEngine.java:209)
		at org.apache.catalina.util.LifecycleBase.start(LifecycleBase.java:170)
		at org.apache.catalina.core.StandardService.startInternal(StandardService.java:433)
		at org.apache.catalina.util.LifecycleBase.start(LifecycleBase.java:170)
		at org.apache.catalina.core.StandardServer.startInternal(StandardServer.java:879)
		at org.apache.catalina.util.LifecycleBase.start(LifecycleBase.java:170)
		at org.apache.catalina.startup.Catalina.start(Catalina.java:861)
		at java.base/jdk.internal.reflect.NativeMethodAccessorImpl.invoke0(Native Method)
		at java.base/jdk.internal.reflect.NativeMethodAccessorImpl.invoke(NativeMethodAccessorImpl.java:77)
		at java.base/jdk.internal.reflect.DelegatingMethodAccessorImpl.invoke(DelegatingMethodAccessorImpl.java:43)
		at java.base/java.lang.reflect.Method.invoke(Method.java:569)
		at org.apache.catalina.startup.Bootstrap.start(Bootstrap.java:348)
		at org.apache.catalina.startup.Bootstrap.main(Bootstrap.java:485)
16-Jul-2026 17:03:45.517 SEVERE [main] org.apache.catalina.core.StandardContext.listenerStart Skipped installing application listeners due to previous error(s)
16-Jul-2026 17:05:53.741 INFO [main] org.apache.catalina.core.ApplicationContext.log No Spring WebApplicationInitializer types detected on classpath
16-Jul-2026 17:05:53.907 INFO [main] org.apache.catalina.core.ApplicationContext.log Initializing Spring root WebApplicationContext
16-Jul-2026 17:05:59.497 SEVERE [main] org.apache.catalina.core.StandardContext.listenerStart Exception sending context initialized event to listener instance of class [org.springframework.web.context.ContextLoaderListener]
	java.lang.NoClassDefFoundError: org/java_websocket/handshake/HandshakeBuilder
		at java.base/java.lang.ClassLoader.defineClass1(Native Method)
		at java.base/java.lang.ClassLoader.defineClass(ClassLoader.java:1017)
		at java.base/java.security.SecureClassLoader.defineClass(SecureClassLoader.java:150)
		at org.apache.catalina.loader.WebappClassLoaderBase.findClassInternal(WebappClassLoaderBase.java:2458)
		at org.apache.catalina.loader.WebappClassLoaderBase.findClassInternal(WebappClassLoaderBase.java:2328)
		at org.apache.catalina.loader.WebappClassLoaderBase.findClass(WebappClassLoaderBase.java:891)
		at org.apache.catalina.loader.WebappClassLoaderBase.loadClass(WebappClassLoaderBase.java:1402)
		at org.apache.catalina.loader.WebappClassLoaderBase.loadClass(WebappClassLoaderBase.java:1250)
		at java.base/java.lang.Class.getDeclaredConstructors0(Native Method)
		at java.base/java.lang.Class.privateGetDeclaredConstructors(Class.java:3375)
		at java.base/java.lang.Class.getDeclaredConstructors(Class.java:2557)
		at org.springframework.beans.factory.annotation.AutowiredAnnotationBeanPostProcessor.determineCandidateConstructors(AutowiredAnnotationBeanPostProcessor.java:234)
		at org.springframework.beans.factory.support.AbstractAutowireCapableBeanFactory.determineConstructorsFromBeanPostProcessors(AbstractAutowireCapableBeanFactory.java:1040)
		at org.springframework.beans.factory.support.AbstractAutowireCapableBeanFactory.createBeanInstance(AbstractAutowireCapableBeanFactory.java:1013)
		at org.springframework.beans.factory.support.AbstractAutowireCapableBeanFactory.doCreateBean(AbstractAutowireCapableBeanFactory.java:504)
		at org.springframework.beans.factory.support.AbstractAutowireCapableBeanFactory.createBean(AbstractAutowireCapableBeanFactory.java:475)
		at org.springframework.beans.factory.support.AbstractBeanFactory$1.getObject(AbstractBeanFactory.java:304)
		at org.springframework.beans.factory.support.DefaultSingletonBeanRegistry.getSingleton(DefaultSingletonBeanRegistry.java:228)
		at org.springframework.beans.factory.support.AbstractBeanFactory.doGetBean(AbstractBeanFactory.java:300)
		at org.springframework.beans.factory.support.AbstractBeanFactory.getBean(AbstractBeanFactory.java:195)
		at org.springframework.beans.factory.support.DefaultListableBeanFactory.preInstantiateSingletons(DefaultListableBeanFactory.java:700)
		at org.springframework.context.support.AbstractApplicationContext.finishBeanFactoryInitialization(AbstractApplicationContext.java:760)
		at org.springframework.context.support.AbstractApplicationContext.refresh(AbstractApplicationContext.java:482)
		at org.springframework.web.context.ContextLoader.configureAndRefreshWebApplicationContext(ContextLoader.java:403)
		at org.springframework.web.context.ContextLoader.initWebApplicationContext(ContextLoader.java:306)
		at org.springframework.web.context.ContextLoaderListener.contextInitialized(ContextLoaderListener.java:106)
		at org.apache.catalina.core.StandardContext.listenerStart(StandardContext.java:4204)
		at org.apache.catalina.core.StandardContext.startInternal(StandardContext.java:4646)
		at org.apache.catalina.util.LifecycleBase.start(LifecycleBase.java:170)
		at org.apache.catalina.core.ContainerBase.addChildInternal(ContainerBase.java:616)
		at org.apache.catalina.core.ContainerBase.addChild(ContainerBase.java:588)
		at org.apache.catalina.core.StandardHost.addChild(StandardHost.java:622)
		at org.apache.catalina.startup.HostConfig.deployDirectory(HostConfig.java:1180)
		at org.apache.catalina.startup.HostConfig$DeployDirectory.run(HostConfig.java:1904)
		at java.base/java.util.concurrent.Executors$RunnableAdapter.call(Executors.java:539)
		at java.base/java.util.concurrent.FutureTask.run(FutureTask.java:264)
		at org.apache.tomcat.util.threads.InlineExecutorService.execute(InlineExecutorService.java:82)
		at java.base/java.util.concurrent.AbstractExecutorService.submit(AbstractExecutorService.java:123)
		at org.apache.catalina.startup.HostConfig.deployDirectories(HostConfig.java:1084)
		at org.apache.catalina.startup.HostConfig.deployApps(HostConfig.java:499)
		at org.apache.catalina.startup.HostConfig.start(HostConfig.java:1594)
		at org.apache.catalina.startup.HostConfig.lifecycleEvent(HostConfig.java:333)
		at org.apache.catalina.util.LifecycleBase.fireLifecycleEvent(LifecycleBase.java:115)
		at org.apache.catalina.util.LifecycleBase.setStateInternal(LifecycleBase.java:395)
		at org.apache.catalina.util.LifecycleBase.setState(LifecycleBase.java:342)
		at org.apache.catalina.core.ContainerBase.startInternal(ContainerBase.java:792)
		at org.apache.catalina.core.StandardHost.startInternal(StandardHost.java:740)
		at org.apache.catalina.util.LifecycleBase.start(LifecycleBase.java:170)
		at org.apache.catalina.core.ContainerBase$StartChild.call(ContainerBase.java:1243)
		at org.apache.catalina.core.ContainerBase$StartChild.call(ContainerBase.java:1233)
		at java.base/java.util.concurrent.FutureTask.run(FutureTask.java:264)
		at org.apache.tomcat.util.threads.InlineExecutorService.execute(InlineExecutorService.java:82)
		at java.base/java.util.concurrent.AbstractExecutorService.submit(AbstractExecutorService.java:145)
		at org.apache.catalina.core.ContainerBase.startInternal(ContainerBase.java:765)
		at org.apache.catalina.core.StandardEngine.startInternal(StandardEngine.java:209)
		at org.apache.catalina.util.LifecycleBase.start(LifecycleBase.java:170)
		at org.apache.catalina.core.StandardService.startInternal(StandardService.java:433)
		at org.apache.catalina.util.LifecycleBase.start(LifecycleBase.java:170)
		at org.apache.catalina.core.StandardServer.startInternal(StandardServer.java:879)
		at org.apache.catalina.util.LifecycleBase.start(LifecycleBase.java:170)
		at org.apache.catalina.startup.Catalina.start(Catalina.java:861)
		at java.base/jdk.internal.reflect.NativeMethodAccessorImpl.invoke0(Native Method)
		at java.base/jdk.internal.reflect.NativeMethodAccessorImpl.invoke(NativeMethodAccessorImpl.java:77)
		at java.base/jdk.internal.reflect.DelegatingMethodAccessorImpl.invoke(DelegatingMethodAccessorImpl.java:43)
		at java.base/java.lang.reflect.Method.invoke(Method.java:569)
		at org.apache.catalina.startup.Bootstrap.start(Bootstrap.java:348)
		at org.apache.catalina.startup.Bootstrap.main(Bootstrap.java:485)
	Caused by: java.lang.ClassNotFoundException: org.java_websocket.handshake.HandshakeBuilder
		at org.apache.catalina.loader.WebappClassLoaderBase.loadClass(WebappClassLoaderBase.java:1441)
		at org.apache.catalina.loader.WebappClassLoaderBase.loadClass(WebappClassLoaderBase.java:1250)
		... 67 more
16-Jul-2026 17:05:59.497 SEVERE [main] org.apache.catalina.core.StandardContext.listenerStart Exception sending context initialized event to listener instance of class [com.timmy.util.InitializationListener]
	java.lang.NoClassDefFoundError: org/java_websocket/handshake/HandshakeBuilder
		at java.base/java.lang.ClassLoader.defineClass1(Native Method)
		at java.base/java.lang.ClassLoader.defineClass(ClassLoader.java:1017)
		at java.base/java.security.SecureClassLoader.defineClass(SecureClassLoader.java:150)
		at org.apache.catalina.loader.WebappClassLoaderBase.findClassInternal(WebappClassLoaderBase.java:2458)
		at org.apache.catalina.loader.WebappClassLoaderBase.findClassInternal(WebappClassLoaderBase.java:2328)
		at org.apache.catalina.loader.WebappClassLoaderBase.findClass(WebappClassLoaderBase.java:891)
		at org.apache.catalina.loader.WebappClassLoaderBase.loadClass(WebappClassLoaderBase.java:1402)
		at org.apache.catalina.loader.WebappClassLoaderBase.loadClass(WebappClassLoaderBase.java:1250)
		at java.base/java.lang.Class.getDeclaredConstructors0(Native Method)
		at java.base/java.lang.Class.privateGetDeclaredConstructors(Class.java:3375)
		at java.base/java.lang.Class.getDeclaredConstructors(Class.java:2557)
		at org.springframework.beans.factory.annotation.AutowiredAnnotationBeanPostProcessor.determineCandidateConstructors(AutowiredAnnotationBeanPostProcessor.java:234)
		at org.springframework.beans.factory.support.AbstractAutowireCapableBeanFactory.determineConstructorsFromBeanPostProcessors(AbstractAutowireCapableBeanFactory.java:1040)
		at org.springframework.beans.factory.support.AbstractAutowireCapableBeanFactory.createBeanInstance(AbstractAutowireCapableBeanFactory.java:1013)
		at org.springframework.beans.factory.support.AbstractAutowireCapableBeanFactory.doCreateBean(AbstractAutowireCapableBeanFactory.java:504)
		at org.springframework.beans.factory.support.AbstractAutowireCapableBeanFactory.createBean(AbstractAutowireCapableBeanFactory.java:475)
		at org.springframework.beans.factory.support.AbstractBeanFactory$1.getObject(AbstractBeanFactory.java:304)
		at org.springframework.beans.factory.support.DefaultSingletonBeanRegistry.getSingleton(DefaultSingletonBeanRegistry.java:228)
		at org.springframework.beans.factory.support.AbstractBeanFactory.doGetBean(AbstractBeanFactory.java:300)
		at org.springframework.beans.factory.support.AbstractBeanFactory.getBean(AbstractBeanFactory.java:195)
		at org.springframework.beans.factory.support.DefaultListableBeanFactory.preInstantiateSingletons(DefaultListableBeanFactory.java:700)
		at org.springframework.context.support.AbstractApplicationContext.finishBeanFactoryInitialization(AbstractApplicationContext.java:760)
		at org.springframework.context.support.AbstractApplicationContext.refresh(AbstractApplicationContext.java:482)
		at org.springframework.web.context.ContextLoader.configureAndRefreshWebApplicationContext(ContextLoader.java:403)
		at org.springframework.web.context.ContextLoader.initWebApplicationContext(ContextLoader.java:306)
		at org.springframework.web.context.ContextLoaderListener.contextInitialized(ContextLoaderListener.java:106)
		at org.apache.catalina.core.StandardContext.listenerStart(StandardContext.java:4204)
		at org.apache.catalina.core.StandardContext.startInternal(StandardContext.java:4646)
		at org.apache.catalina.util.LifecycleBase.start(LifecycleBase.java:170)
		at org.apache.catalina.core.ContainerBase.addChildInternal(ContainerBase.java:616)
		at org.apache.catalina.core.ContainerBase.addChild(ContainerBase.java:588)
		at org.apache.catalina.core.StandardHost.addChild(StandardHost.java:622)
		at org.apache.catalina.startup.HostConfig.deployDirectory(HostConfig.java:1180)
		at org.apache.catalina.startup.HostConfig$DeployDirectory.run(HostConfig.java:1904)
		at java.base/java.util.concurrent.Executors$RunnableAdapter.call(Executors.java:539)
		at java.base/java.util.concurrent.FutureTask.run(FutureTask.java:264)
		at org.apache.tomcat.util.threads.InlineExecutorService.execute(InlineExecutorService.java:82)
		at java.base/java.util.concurrent.AbstractExecutorService.submit(AbstractExecutorService.java:123)
		at org.apache.catalina.startup.HostConfig.deployDirectories(HostConfig.java:1084)
		at org.apache.catalina.startup.HostConfig.deployApps(HostConfig.java:499)
		at org.apache.catalina.startup.HostConfig.start(HostConfig.java:1594)
		at org.apache.catalina.startup.HostConfig.lifecycleEvent(HostConfig.java:333)
		at org.apache.catalina.util.LifecycleBase.fireLifecycleEvent(LifecycleBase.java:115)
		at org.apache.catalina.util.LifecycleBase.setStateInternal(LifecycleBase.java:395)
		at org.apache.catalina.util.LifecycleBase.setState(LifecycleBase.java:342)
		at org.apache.catalina.core.ContainerBase.startInternal(ContainerBase.java:792)
		at org.apache.catalina.core.StandardHost.startInternal(StandardHost.java:740)
		at org.apache.catalina.util.LifecycleBase.start(LifecycleBase.java:170)
		at org.apache.catalina.core.ContainerBase$StartChild.call(ContainerBase.java:1243)
		at org.apache.catalina.core.ContainerBase$StartChild.call(ContainerBase.java:1233)
		at java.base/java.util.concurrent.FutureTask.run(FutureTask.java:264)
		at org.apache.tomcat.util.threads.InlineExecutorService.execute(InlineExecutorService.java:82)
		at java.base/java.util.concurrent.AbstractExecutorService.submit(AbstractExecutorService.java:145)
		at org.apache.catalina.core.ContainerBase.startInternal(ContainerBase.java:765)
		at org.apache.catalina.core.StandardEngine.startInternal(StandardEngine.java:209)
		at org.apache.catalina.util.LifecycleBase.start(LifecycleBase.java:170)
		at org.apache.catalina.core.StandardService.startInternal(StandardService.java:433)
		at org.apache.catalina.util.LifecycleBase.start(LifecycleBase.java:170)
		at org.apache.catalina.core.StandardServer.startInternal(StandardServer.java:879)
		at org.apache.catalina.util.LifecycleBase.start(LifecycleBase.java:170)
		at org.apache.catalina.startup.Catalina.start(Catalina.java:861)
		at java.base/jdk.internal.reflect.NativeMethodAccessorImpl.invoke0(Native Method)
		at java.base/jdk.internal.reflect.NativeMethodAccessorImpl.invoke(NativeMethodAccessorImpl.java:77)
		at java.base/jdk.internal.reflect.DelegatingMethodAccessorImpl.invoke(DelegatingMethodAccessorImpl.java:43)
		at java.base/java.lang.reflect.Method.invoke(Method.java:569)
		at org.apache.catalina.startup.Bootstrap.start(Bootstrap.java:348)
		at org.apache.catalina.startup.Bootstrap.main(Bootstrap.java:485)
	Caused by: java.lang.ClassNotFoundException: org.java_websocket.handshake.HandshakeBuilder
		at org.apache.catalina.loader.WebappClassLoaderBase.loadClass(WebappClassLoaderBase.java:1441)
		at org.apache.catalina.loader.WebappClassLoaderBase.loadClass(WebappClassLoaderBase.java:1250)
		... 67 more
16-Jul-2026 17:05:59.797 SEVERE [main] org.apache.catalina.core.StandardContext.listenerStop Exception sending context destroyed event to listener instance of class [com.timmy.util.InitializationListener]
	java.lang.NoClassDefFoundError: org/java_websocket/handshake/HandshakeBuilder
		at java.base/java.lang.ClassLoader.defineClass1(Native Method)
		at java.base/java.lang.ClassLoader.defineClass(ClassLoader.java:1017)
		at java.base/java.security.SecureClassLoader.defineClass(SecureClassLoader.java:150)
		at org.apache.catalina.loader.WebappClassLoaderBase.findClassInternal(WebappClassLoaderBase.java:2458)
		at org.apache.catalina.loader.WebappClassLoaderBase.findClassInternal(WebappClassLoaderBase.java:2328)
		at org.apache.catalina.loader.WebappClassLoaderBase.findClass(WebappClassLoaderBase.java:891)
		at org.apache.catalina.loader.WebappClassLoaderBase.loadClass(WebappClassLoaderBase.java:1402)
		at org.apache.catalina.loader.WebappClassLoaderBase.loadClass(WebappClassLoaderBase.java:1250)
		at java.base/java.lang.Class.getDeclaredConstructors0(Native Method)
		at java.base/java.lang.Class.privateGetDeclaredConstructors(Class.java:3375)
		at java.base/java.lang.Class.getDeclaredConstructors(Class.java:2557)
		at org.springframework.beans.factory.annotation.AutowiredAnnotationBeanPostProcessor.determineCandidateConstructors(AutowiredAnnotationBeanPostProcessor.java:234)
		at org.springframework.beans.factory.support.AbstractAutowireCapableBeanFactory.determineConstructorsFromBeanPostProcessors(AbstractAutowireCapableBeanFactory.java:1040)
		at org.springframework.beans.factory.support.AbstractAutowireCapableBeanFactory.createBeanInstance(AbstractAutowireCapableBeanFactory.java:1013)
		at org.springframework.beans.factory.support.AbstractAutowireCapableBeanFactory.doCreateBean(AbstractAutowireCapableBeanFactory.java:504)
		at org.springframework.beans.factory.support.AbstractAutowireCapableBeanFactory.createBean(AbstractAutowireCapableBeanFactory.java:475)
		at org.springframework.beans.factory.support.AbstractBeanFactory$1.getObject(AbstractBeanFactory.java:304)
		at org.springframework.beans.factory.support.DefaultSingletonBeanRegistry.getSingleton(DefaultSingletonBeanRegistry.java:228)
		at org.springframework.beans.factory.support.AbstractBeanFactory.doGetBean(AbstractBeanFactory.java:300)
		at org.springframework.beans.factory.support.AbstractBeanFactory.getBean(AbstractBeanFactory.java:195)
		at org.springframework.beans.factory.support.DefaultListableBeanFactory.preInstantiateSingletons(DefaultListableBeanFactory.java:700)
		at org.springframework.context.support.AbstractApplicationContext.finishBeanFactoryInitialization(AbstractApplicationContext.java:760)
		at org.springframework.context.support.AbstractApplicationContext.refresh(AbstractApplicationContext.java:482)
		at org.springframework.web.context.ContextLoader.configureAndRefreshWebApplicationContext(ContextLoader.java:403)
		at org.springframework.web.context.ContextLoader.initWebApplicationContext(ContextLoader.java:306)
		at org.springframework.web.context.ContextLoaderListener.contextInitialized(ContextLoaderListener.java:106)
		at org.apache.catalina.core.StandardContext.listenerStart(StandardContext.java:4204)
		at org.apache.catalina.core.StandardContext.startInternal(StandardContext.java:4646)
		at org.apache.catalina.util.LifecycleBase.start(LifecycleBase.java:170)
		at org.apache.catalina.core.ContainerBase.addChildInternal(ContainerBase.java:616)
		at org.apache.catalina.core.ContainerBase.addChild(ContainerBase.java:588)
		at org.apache.catalina.core.StandardHost.addChild(StandardHost.java:622)
		at org.apache.catalina.startup.HostConfig.deployDirectory(HostConfig.java:1180)
		at org.apache.catalina.startup.HostConfig$DeployDirectory.run(HostConfig.java:1904)
		at java.base/java.util.concurrent.Executors$RunnableAdapter.call(Executors.java:539)
		at java.base/java.util.concurrent.FutureTask.run(FutureTask.java:264)
		at org.apache.tomcat.util.threads.InlineExecutorService.execute(InlineExecutorService.java:82)
		at java.base/java.util.concurrent.AbstractExecutorService.submit(AbstractExecutorService.java:123)
		at org.apache.catalina.startup.HostConfig.deployDirectories(HostConfig.java:1084)
		at org.apache.catalina.startup.HostConfig.deployApps(HostConfig.java:499)
		at org.apache.catalina.startup.HostConfig.start(HostConfig.java:1594)
		at org.apache.catalina.startup.HostConfig.lifecycleEvent(HostConfig.java:333)
		at org.apache.catalina.util.LifecycleBase.fireLifecycleEvent(LifecycleBase.java:115)
		at org.apache.catalina.util.LifecycleBase.setStateInternal(LifecycleBase.java:395)
		at org.apache.catalina.util.LifecycleBase.setState(LifecycleBase.java:342)
		at org.apache.catalina.core.ContainerBase.startInternal(ContainerBase.java:792)
		at org.apache.catalina.core.StandardHost.startInternal(StandardHost.java:740)
		at org.apache.catalina.util.LifecycleBase.start(LifecycleBase.java:170)
		at org.apache.catalina.core.ContainerBase$StartChild.call(ContainerBase.java:1243)
		at org.apache.catalina.core.ContainerBase$StartChild.call(ContainerBase.java:1233)
		at java.base/java.util.concurrent.FutureTask.run(FutureTask.java:264)
		at org.apache.tomcat.util.threads.InlineExecutorService.execute(InlineExecutorService.java:82)
		at java.base/java.util.concurrent.AbstractExecutorService.submit(AbstractExecutorService.java:145)
		at org.apache.catalina.core.ContainerBase.startInternal(ContainerBase.java:765)
		at org.apache.catalina.core.StandardEngine.startInternal(StandardEngine.java:209)
		at org.apache.catalina.util.LifecycleBase.start(LifecycleBase.java:170)
		at org.apache.catalina.core.StandardService.startInternal(StandardService.java:433)
		at org.apache.catalina.util.LifecycleBase.start(LifecycleBase.java:170)
		at org.apache.catalina.core.StandardServer.startInternal(StandardServer.java:879)
		at org.apache.catalina.util.LifecycleBase.start(LifecycleBase.java:170)
		at org.apache.catalina.startup.Catalina.start(Catalina.java:861)
		at java.base/jdk.internal.reflect.NativeMethodAccessorImpl.invoke0(Native Method)
		at java.base/jdk.internal.reflect.NativeMethodAccessorImpl.invoke(NativeMethodAccessorImpl.java:77)
		at java.base/jdk.internal.reflect.DelegatingMethodAccessorImpl.invoke(DelegatingMethodAccessorImpl.java:43)
		at java.base/java.lang.reflect.Method.invoke(Method.java:569)
		at org.apache.catalina.startup.Bootstrap.start(Bootstrap.java:348)
		at org.apache.catalina.startup.Bootstrap.main(Bootstrap.java:485)
	Caused by: java.lang.ClassNotFoundException: org.java_websocket.handshake.HandshakeBuilder
		at org.apache.catalina.loader.WebappClassLoaderBase.loadClass(WebappClassLoaderBase.java:1441)
		at org.apache.catalina.loader.WebappClassLoaderBase.loadClass(WebappClassLoaderBase.java:1250)
		... 67 more
16-Jul-2026 17:05:59.797 INFO [main] org.apache.catalina.core.ApplicationContext.log Closing Spring root WebApplicationContext
16-Jul-2026 17:06:00.673 SEVERE [main] org.apache.catalina.core.StandardContext.listenerStart Error configuring application listener of class [listeners.ContextListener]
	java.lang.ClassNotFoundException: listeners.ContextListener
		at org.apache.catalina.loader.WebappClassLoaderBase.loadClass(WebappClassLoaderBase.java:1441)
		at org.apache.catalina.loader.WebappClassLoaderBase.loadClass(WebappClassLoaderBase.java:1250)
		at org.apache.catalina.core.DefaultInstanceManager.loadClass(DefaultInstanceManager.java:535)
		at org.apache.catalina.core.DefaultInstanceManager.loadClassMaybePrivileged(DefaultInstanceManager.java:509)
		at org.apache.catalina.core.DefaultInstanceManager.newInstance(DefaultInstanceManager.java:177)
		at org.apache.catalina.core.StandardContext.listenerStart(StandardContext.java:4131)
		at org.apache.catalina.core.StandardContext.startInternal(StandardContext.java:4646)
		at org.apache.catalina.util.LifecycleBase.start(LifecycleBase.java:170)
		at org.apache.catalina.core.ContainerBase.addChildInternal(ContainerBase.java:616)
		at org.apache.catalina.core.ContainerBase.addChild(ContainerBase.java:588)
		at org.apache.catalina.core.StandardHost.addChild(StandardHost.java:622)
		at org.apache.catalina.startup.HostConfig.deployDirectory(HostConfig.java:1180)
		at org.apache.catalina.startup.HostConfig$DeployDirectory.run(HostConfig.java:1904)
		at java.base/java.util.concurrent.Executors$RunnableAdapter.call(Executors.java:539)
		at java.base/java.util.concurrent.FutureTask.run(FutureTask.java:264)
		at org.apache.tomcat.util.threads.InlineExecutorService.execute(InlineExecutorService.java:82)
		at java.base/java.util.concurrent.AbstractExecutorService.submit(AbstractExecutorService.java:123)
		at org.apache.catalina.startup.HostConfig.deployDirectories(HostConfig.java:1084)
		at org.apache.catalina.startup.HostConfig.deployApps(HostConfig.java:499)
		at org.apache.catalina.startup.HostConfig.start(HostConfig.java:1594)
		at org.apache.catalina.startup.HostConfig.lifecycleEvent(HostConfig.java:333)
		at org.apache.catalina.util.LifecycleBase.fireLifecycleEvent(LifecycleBase.java:115)
		at org.apache.catalina.util.LifecycleBase.setStateInternal(LifecycleBase.java:395)
		at org.apache.catalina.util.LifecycleBase.setState(LifecycleBase.java:342)
		at org.apache.catalina.core.ContainerBase.startInternal(ContainerBase.java:792)
		at org.apache.catalina.core.StandardHost.startInternal(StandardHost.java:740)
		at org.apache.catalina.util.LifecycleBase.start(LifecycleBase.java:170)
		at org.apache.catalina.core.ContainerBase$StartChild.call(ContainerBase.java:1243)
		at org.apache.catalina.core.ContainerBase$StartChild.call(ContainerBase.java:1233)
		at java.base/java.util.concurrent.FutureTask.run(FutureTask.java:264)
		at org.apache.tomcat.util.threads.InlineExecutorService.execute(InlineExecutorService.java:82)
		at java.base/java.util.concurrent.AbstractExecutorService.submit(AbstractExecutorService.java:145)
		at org.apache.catalina.core.ContainerBase.startInternal(ContainerBase.java:765)
		at org.apache.catalina.core.StandardEngine.startInternal(StandardEngine.java:209)
		at org.apache.catalina.util.LifecycleBase.start(LifecycleBase.java:170)
		at org.apache.catalina.core.StandardService.startInternal(StandardService.java:433)
		at org.apache.catalina.util.LifecycleBase.start(LifecycleBase.java:170)
		at org.apache.catalina.core.StandardServer.startInternal(StandardServer.java:879)
		at org.apache.catalina.util.LifecycleBase.start(LifecycleBase.java:170)
		at org.apache.catalina.startup.Catalina.start(Catalina.java:861)
		at java.base/jdk.internal.reflect.NativeMethodAccessorImpl.invoke0(Native Method)
		at java.base/jdk.internal.reflect.NativeMethodAccessorImpl.invoke(NativeMethodAccessorImpl.java:77)
		at java.base/jdk.internal.reflect.DelegatingMethodAccessorImpl.invoke(DelegatingMethodAccessorImpl.java:43)
		at java.base/java.lang.reflect.Method.invoke(Method.java:569)
		at org.apache.catalina.startup.Bootstrap.start(Bootstrap.java:348)
		at org.apache.catalina.startup.Bootstrap.main(Bootstrap.java:485)
16-Jul-2026 17:06:00.697 SEVERE [main] org.apache.catalina.core.StandardContext.listenerStart Error configuring application listener of class [async.AsyncStockContextListener]
	java.lang.ClassNotFoundException: async.AsyncStockContextListener
		at org.apache.catalina.loader.WebappClassLoaderBase.loadClass(WebappClassLoaderBase.java:1441)
		at org.apache.catalina.loader.WebappClassLoaderBase.loadClass(WebappClassLoaderBase.java:1250)
		at org.apache.catalina.core.DefaultInstanceManager.loadClass(DefaultInstanceManager.java:535)
		at org.apache.catalina.core.DefaultInstanceManager.loadClassMaybePrivileged(DefaultInstanceManager.java:509)
		at org.apache.catalina.core.DefaultInstanceManager.newInstance(DefaultInstanceManager.java:177)
		at org.apache.catalina.core.StandardContext.listenerStart(StandardContext.java:4131)
		at org.apache.catalina.core.StandardContext.startInternal(StandardContext.java:4646)
		at org.apache.catalina.util.LifecycleBase.start(LifecycleBase.java:170)
		at org.apache.catalina.core.ContainerBase.addChildInternal(ContainerBase.java:616)
		at org.apache.catalina.core.ContainerBase.addChild(ContainerBase.java:588)
		at org.apache.catalina.core.StandardHost.addChild(StandardHost.java:622)
		at org.apache.catalina.startup.HostConfig.deployDirectory(HostConfig.java:1180)
		at org.apache.catalina.startup.HostConfig$DeployDirectory.run(HostConfig.java:1904)
		at java.base/java.util.concurrent.Executors$RunnableAdapter.call(Executors.java:539)
		at java.base/java.util.concurrent.FutureTask.run(FutureTask.java:264)
		at org.apache.tomcat.util.threads.InlineExecutorService.execute(InlineExecutorService.java:82)
		at java.base/java.util.concurrent.AbstractExecutorService.submit(AbstractExecutorService.java:123)
		at org.apache.catalina.startup.HostConfig.deployDirectories(HostConfig.java:1084)
		at org.apache.catalina.startup.HostConfig.deployApps(HostConfig.java:499)
		at org.apache.catalina.startup.HostConfig.start(HostConfig.java:1594)
		at org.apache.catalina.startup.HostConfig.lifecycleEvent(HostConfig.java:333)
		at org.apache.catalina.util.LifecycleBase.fireLifecycleEvent(LifecycleBase.java:115)
		at org.apache.catalina.util.LifecycleBase.setStateInternal(LifecycleBase.java:395)
		at org.apache.catalina.util.LifecycleBase.setState(LifecycleBase.java:342)
		at org.apache.catalina.core.ContainerBase.startInternal(ContainerBase.java:792)
		at org.apache.catalina.core.StandardHost.startInternal(StandardHost.java:740)
		at org.apache.catalina.util.LifecycleBase.start(LifecycleBase.java:170)
		at org.apache.catalina.core.ContainerBase$StartChild.call(ContainerBase.java:1243)
		at org.apache.catalina.core.ContainerBase$StartChild.call(ContainerBase.java:1233)
		at java.base/java.util.concurrent.FutureTask.run(FutureTask.java:264)
		at org.apache.tomcat.util.threads.InlineExecutorService.execute(InlineExecutorService.java:82)
		at java.base/java.util.concurrent.AbstractExecutorService.submit(AbstractExecutorService.java:145)
		at org.apache.catalina.core.ContainerBase.startInternal(ContainerBase.java:765)
		at org.apache.catalina.core.StandardEngine.startInternal(StandardEngine.java:209)
		at org.apache.catalina.util.LifecycleBase.start(LifecycleBase.java:170)
		at org.apache.catalina.core.StandardService.startInternal(StandardService.java:433)
		at org.apache.catalina.util.LifecycleBase.start(LifecycleBase.java:170)
		at org.apache.catalina.core.StandardServer.startInternal(StandardServer.java:879)
		at org.apache.catalina.util.LifecycleBase.start(LifecycleBase.java:170)
		at org.apache.catalina.startup.Catalina.start(Catalina.java:861)
		at java.base/jdk.internal.reflect.NativeMethodAccessorImpl.invoke0(Native Method)
		at java.base/jdk.internal.reflect.NativeMethodAccessorImpl.invoke(NativeMethodAccessorImpl.java:77)
		at java.base/jdk.internal.reflect.DelegatingMethodAccessorImpl.invoke(DelegatingMethodAccessorImpl.java:43)
		at java.base/java.lang.reflect.Method.invoke(Method.java:569)
		at org.apache.catalina.startup.Bootstrap.start(Bootstrap.java:348)
		at org.apache.catalina.startup.Bootstrap.main(Bootstrap.java:485)
16-Jul-2026 17:06:00.717 SEVERE [main] org.apache.catalina.core.StandardContext.listenerStart Error configuring application listener of class [websocket.drawboard.DrawboardContextListener]
	java.lang.ClassNotFoundException: websocket.drawboard.DrawboardContextListener
		at org.apache.catalina.loader.WebappClassLoaderBase.loadClass(WebappClassLoaderBase.java:1441)
		at org.apache.catalina.loader.WebappClassLoaderBase.loadClass(WebappClassLoaderBase.java:1250)
		at org.apache.catalina.core.DefaultInstanceManager.loadClass(DefaultInstanceManager.java:535)
		at org.apache.catalina.core.DefaultInstanceManager.loadClassMaybePrivileged(DefaultInstanceManager.java:509)
		at org.apache.catalina.core.DefaultInstanceManager.newInstance(DefaultInstanceManager.java:177)
		at org.apache.catalina.core.StandardContext.listenerStart(StandardContext.java:4131)
		at org.apache.catalina.core.StandardContext.startInternal(StandardContext.java:4646)
		at org.apache.catalina.util.LifecycleBase.start(LifecycleBase.java:170)
		at org.apache.catalina.core.ContainerBase.addChildInternal(ContainerBase.java:616)
		at org.apache.catalina.core.ContainerBase.addChild(ContainerBase.java:588)
		at org.apache.catalina.core.StandardHost.addChild(StandardHost.java:622)
		at org.apache.catalina.startup.HostConfig.deployDirectory(HostConfig.java:1180)
		at org.apache.catalina.startup.HostConfig$DeployDirectory.run(HostConfig.java:1904)
		at java.base/java.util.concurrent.Executors$RunnableAdapter.call(Executors.java:539)
		at java.base/java.util.concurrent.FutureTask.run(FutureTask.java:264)
		at org.apache.tomcat.util.threads.InlineExecutorService.execute(InlineExecutorService.java:82)
		at java.base/java.util.concurrent.AbstractExecutorService.submit(AbstractExecutorService.java:123)
		at org.apache.catalina.startup.HostConfig.deployDirectories(HostConfig.java:1084)
		at org.apache.catalina.startup.HostConfig.deployApps(HostConfig.java:499)
		at org.apache.catalina.startup.HostConfig.start(HostConfig.java:1594)
		at org.apache.catalina.startup.HostConfig.lifecycleEvent(HostConfig.java:333)
		at org.apache.catalina.util.LifecycleBase.fireLifecycleEvent(LifecycleBase.java:115)
		at org.apache.catalina.util.LifecycleBase.setStateInternal(LifecycleBase.java:395)
		at org.apache.catalina.util.LifecycleBase.setState(LifecycleBase.java:342)
		at org.apache.catalina.core.ContainerBase.startInternal(ContainerBase.java:792)
		at org.apache.catalina.core.StandardHost.startInternal(StandardHost.java:740)
		at org.apache.catalina.util.LifecycleBase.start(LifecycleBase.java:170)
		at org.apache.catalina.core.ContainerBase$StartChild.call(ContainerBase.java:1243)
		at org.apache.catalina.core.ContainerBase$StartChild.call(ContainerBase.java:1233)
		at java.base/java.util.concurrent.FutureTask.run(FutureTask.java:264)
		at org.apache.tomcat.util.threads.InlineExecutorService.execute(InlineExecutorService.java:82)
		at java.base/java.util.concurrent.AbstractExecutorService.submit(AbstractExecutorService.java:145)
		at org.apache.catalina.core.ContainerBase.startInternal(ContainerBase.java:765)
		at org.apache.catalina.core.StandardEngine.startInternal(StandardEngine.java:209)
		at org.apache.catalina.util.LifecycleBase.start(LifecycleBase.java:170)
		at org.apache.catalina.core.StandardService.startInternal(StandardService.java:433)
		at org.apache.catalina.util.LifecycleBase.start(LifecycleBase.java:170)
		at org.apache.catalina.core.StandardServer.startInternal(StandardServer.java:879)
		at org.apache.catalina.util.LifecycleBase.start(LifecycleBase.java:170)
		at org.apache.catalina.startup.Catalina.start(Catalina.java:861)
		at java.base/jdk.internal.reflect.NativeMethodAccessorImpl.invoke0(Native Method)
		at java.base/jdk.internal.reflect.NativeMethodAccessorImpl.invoke(NativeMethodAccessorImpl.java:77)
		at java.base/jdk.internal.reflect.DelegatingMethodAccessorImpl.invoke(DelegatingMethodAccessorImpl.java:43)
		at java.base/java.lang.reflect.Method.invoke(Method.java:569)
		at org.apache.catalina.startup.Bootstrap.start(Bootstrap.java:348)
		at org.apache.catalina.startup.Bootstrap.main(Bootstrap.java:485)
16-Jul-2026 17:06:00.725 SEVERE [main] org.apache.catalina.core.StandardContext.listenerStart Skipped installing application listeners due to previous error(s)
16-Jul-2026 17:09:39.119 INFO [main] org.apache.catalina.core.ApplicationContext.log No Spring WebApplicationInitializer types detected on classpath
16-Jul-2026 17:09:39.237 INFO [main] org.apache.catalina.core.ApplicationContext.log Initializing Spring root WebApplicationContext
16-Jul-2026 17:09:50.849 INFO [main] org.apache.catalina.core.ApplicationContext.log Initializing Spring FrameworkServlet 'dispatcher'
16-Jul-2026 17:09:52.093 SEVERE [main] org.apache.catalina.core.StandardContext.listenerStart Error configuring application listener of class [listeners.ContextListener]
	java.lang.ClassNotFoundException: listeners.ContextListener
		at org.apache.catalina.loader.WebappClassLoaderBase.loadClass(WebappClassLoaderBase.java:1441)
		at org.apache.catalina.loader.WebappClassLoaderBase.loadClass(WebappClassLoaderBase.java:1250)
		at org.apache.catalina.core.DefaultInstanceManager.loadClass(DefaultInstanceManager.java:535)
		at org.apache.catalina.core.DefaultInstanceManager.loadClassMaybePrivileged(DefaultInstanceManager.java:509)
		at org.apache.catalina.core.DefaultInstanceManager.newInstance(DefaultInstanceManager.java:177)
		at org.apache.catalina.core.StandardContext.listenerStart(StandardContext.java:4131)
		at org.apache.catalina.core.StandardContext.startInternal(StandardContext.java:4646)
		at org.apache.catalina.util.LifecycleBase.start(LifecycleBase.java:170)
		at org.apache.catalina.core.ContainerBase.addChildInternal(ContainerBase.java:616)
		at org.apache.catalina.core.ContainerBase.addChild(ContainerBase.java:588)
		at org.apache.catalina.core.StandardHost.addChild(StandardHost.java:622)
		at org.apache.catalina.startup.HostConfig.deployDirectory(HostConfig.java:1180)
		at org.apache.catalina.startup.HostConfig$DeployDirectory.run(HostConfig.java:1904)
		at java.base/java.util.concurrent.Executors$RunnableAdapter.call(Executors.java:539)
		at java.base/java.util.concurrent.FutureTask.run(FutureTask.java:264)
		at org.apache.tomcat.util.threads.InlineExecutorService.execute(InlineExecutorService.java:82)
		at java.base/java.util.concurrent.AbstractExecutorService.submit(AbstractExecutorService.java:123)
		at org.apache.catalina.startup.HostConfig.deployDirectories(HostConfig.java:1084)
		at org.apache.catalina.startup.HostConfig.deployApps(HostConfig.java:499)
		at org.apache.catalina.startup.HostConfig.start(HostConfig.java:1594)
		at org.apache.catalina.startup.HostConfig.lifecycleEvent(HostConfig.java:333)
		at org.apache.catalina.util.LifecycleBase.fireLifecycleEvent(LifecycleBase.java:115)
		at org.apache.catalina.util.LifecycleBase.setStateInternal(LifecycleBase.java:395)
		at org.apache.catalina.util.LifecycleBase.setState(LifecycleBase.java:342)
		at org.apache.catalina.core.ContainerBase.startInternal(ContainerBase.java:792)
		at org.apache.catalina.core.StandardHost.startInternal(StandardHost.java:740)
		at org.apache.catalina.util.LifecycleBase.start(LifecycleBase.java:170)
		at org.apache.catalina.core.ContainerBase$StartChild.call(ContainerBase.java:1243)
		at org.apache.catalina.core.ContainerBase$StartChild.call(ContainerBase.java:1233)
		at java.base/java.util.concurrent.FutureTask.run(FutureTask.java:264)
		at org.apache.tomcat.util.threads.InlineExecutorService.execute(InlineExecutorService.java:82)
		at java.base/java.util.concurrent.AbstractExecutorService.submit(AbstractExecutorService.java:145)
		at org.apache.catalina.core.ContainerBase.startInternal(ContainerBase.java:765)
		at org.apache.catalina.core.StandardEngine.startInternal(StandardEngine.java:209)
		at org.apache.catalina.util.LifecycleBase.start(LifecycleBase.java:170)
		at org.apache.catalina.core.StandardService.startInternal(StandardService.java:433)
		at org.apache.catalina.util.LifecycleBase.start(LifecycleBase.java:170)
		at org.apache.catalina.core.StandardServer.startInternal(StandardServer.java:879)
		at org.apache.catalina.util.LifecycleBase.start(LifecycleBase.java:170)
		at org.apache.catalina.startup.Catalina.start(Catalina.java:861)
		at java.base/jdk.internal.reflect.NativeMethodAccessorImpl.invoke0(Native Method)
		at java.base/jdk.internal.reflect.NativeMethodAccessorImpl.invoke(NativeMethodAccessorImpl.java:77)
		at java.base/jdk.internal.reflect.DelegatingMethodAccessorImpl.invoke(DelegatingMethodAccessorImpl.java:43)
		at java.base/java.lang.reflect.Method.invoke(Method.java:569)
		at org.apache.catalina.startup.Bootstrap.start(Bootstrap.java:348)
		at org.apache.catalina.startup.Bootstrap.main(Bootstrap.java:485)
16-Jul-2026 17:09:52.107 SEVERE [main] org.apache.catalina.core.StandardContext.listenerStart Error configuring application listener of class [async.AsyncStockContextListener]
	java.lang.ClassNotFoundException: async.AsyncStockContextListener
		at org.apache.catalina.loader.WebappClassLoaderBase.loadClass(WebappClassLoaderBase.java:1441)
		at org.apache.catalina.loader.WebappClassLoaderBase.loadClass(WebappClassLoaderBase.java:1250)
		at org.apache.catalina.core.DefaultInstanceManager.loadClass(DefaultInstanceManager.java:535)
		at org.apache.catalina.core.DefaultInstanceManager.loadClassMaybePrivileged(DefaultInstanceManager.java:509)
		at org.apache.catalina.core.DefaultInstanceManager.newInstance(DefaultInstanceManager.java:177)
		at org.apache.catalina.core.StandardContext.listenerStart(StandardContext.java:4131)
		at org.apache.catalina.core.StandardContext.startInternal(StandardContext.java:4646)
		at org.apache.catalina.util.LifecycleBase.start(LifecycleBase.java:170)
		at org.apache.catalina.core.ContainerBase.addChildInternal(ContainerBase.java:616)
		at org.apache.catalina.core.ContainerBase.addChild(ContainerBase.java:588)
		at org.apache.catalina.core.StandardHost.addChild(StandardHost.java:622)
		at org.apache.catalina.startup.HostConfig.deployDirectory(HostConfig.java:1180)
		at org.apache.catalina.startup.HostConfig$DeployDirectory.run(HostConfig.java:1904)
		at java.base/java.util.concurrent.Executors$RunnableAdapter.call(Executors.java:539)
		at java.base/java.util.concurrent.FutureTask.run(FutureTask.java:264)
		at org.apache.tomcat.util.threads.InlineExecutorService.execute(InlineExecutorService.java:82)
		at java.base/java.util.concurrent.AbstractExecutorService.submit(AbstractExecutorService.java:123)
		at org.apache.catalina.startup.HostConfig.deployDirectories(HostConfig.java:1084)
		at org.apache.catalina.startup.HostConfig.deployApps(HostConfig.java:499)
		at org.apache.catalina.startup.HostConfig.start(HostConfig.java:1594)
		at org.apache.catalina.startup.HostConfig.lifecycleEvent(HostConfig.java:333)
		at org.apache.catalina.util.LifecycleBase.fireLifecycleEvent(LifecycleBase.java:115)
		at org.apache.catalina.util.LifecycleBase.setStateInternal(LifecycleBase.java:395)
		at org.apache.catalina.util.LifecycleBase.setState(LifecycleBase.java:342)
		at org.apache.catalina.core.ContainerBase.startInternal(ContainerBase.java:792)
		at org.apache.catalina.core.StandardHost.startInternal(StandardHost.java:740)
		at org.apache.catalina.util.LifecycleBase.start(LifecycleBase.java:170)
		at org.apache.catalina.core.ContainerBase$StartChild.call(ContainerBase.java:1243)
		at org.apache.catalina.core.ContainerBase$StartChild.call(ContainerBase.java:1233)
		at java.base/java.util.concurrent.FutureTask.run(FutureTask.java:264)
		at org.apache.tomcat.util.threads.InlineExecutorService.execute(InlineExecutorService.java:82)
		at java.base/java.util.concurrent.AbstractExecutorService.submit(AbstractExecutorService.java:145)
		at org.apache.catalina.core.ContainerBase.startInternal(ContainerBase.java:765)
		at org.apache.catalina.core.StandardEngine.startInternal(StandardEngine.java:209)
		at org.apache.catalina.util.LifecycleBase.start(LifecycleBase.java:170)
		at org.apache.catalina.core.StandardService.startInternal(StandardService.java:433)
		at org.apache.catalina.util.LifecycleBase.start(LifecycleBase.java:170)
		at org.apache.catalina.core.StandardServer.startInternal(StandardServer.java:879)
		at org.apache.catalina.util.LifecycleBase.start(LifecycleBase.java:170)
		at org.apache.catalina.startup.Catalina.start(Catalina.java:861)
		at java.base/jdk.internal.reflect.NativeMethodAccessorImpl.invoke0(Native Method)
		at java.base/jdk.internal.reflect.NativeMethodAccessorImpl.invoke(NativeMethodAccessorImpl.java:77)
		at java.base/jdk.internal.reflect.DelegatingMethodAccessorImpl.invoke(DelegatingMethodAccessorImpl.java:43)
		at java.base/java.lang.reflect.Method.invoke(Method.java:569)
		at org.apache.catalina.startup.Bootstrap.start(Bootstrap.java:348)
		at org.apache.catalina.startup.Bootstrap.main(Bootstrap.java:485)
16-Jul-2026 17:09:52.113 SEVERE [main] org.apache.catalina.core.StandardContext.listenerStart Error configuring application listener of class [websocket.drawboard.DrawboardContextListener]
	java.lang.ClassNotFoundException: websocket.drawboard.DrawboardContextListener
		at org.apache.catalina.loader.WebappClassLoaderBase.loadClass(WebappClassLoaderBase.java:1441)
		at org.apache.catalina.loader.WebappClassLoaderBase.loadClass(WebappClassLoaderBase.java:1250)
		at org.apache.catalina.core.DefaultInstanceManager.loadClass(DefaultInstanceManager.java:535)
		at org.apache.catalina.core.DefaultInstanceManager.loadClassMaybePrivileged(DefaultInstanceManager.java:509)
		at org.apache.catalina.core.DefaultInstanceManager.newInstance(DefaultInstanceManager.java:177)
		at org.apache.catalina.core.StandardContext.listenerStart(StandardContext.java:4131)
		at org.apache.catalina.core.StandardContext.startInternal(StandardContext.java:4646)
		at org.apache.catalina.util.LifecycleBase.start(LifecycleBase.java:170)
		at org.apache.catalina.core.ContainerBase.addChildInternal(ContainerBase.java:616)
		at org.apache.catalina.core.ContainerBase.addChild(ContainerBase.java:588)
		at org.apache.catalina.core.StandardHost.addChild(StandardHost.java:622)
		at org.apache.catalina.startup.HostConfig.deployDirectory(HostConfig.java:1180)
		at org.apache.catalina.startup.HostConfig$DeployDirectory.run(HostConfig.java:1904)
		at java.base/java.util.concurrent.Executors$RunnableAdapter.call(Executors.java:539)
		at java.base/java.util.concurrent.FutureTask.run(FutureTask.java:264)
		at org.apache.tomcat.util.threads.InlineExecutorService.execute(InlineExecutorService.java:82)
		at java.base/java.util.concurrent.AbstractExecutorService.submit(AbstractExecutorService.java:123)
		at org.apache.catalina.startup.HostConfig.deployDirectories(HostConfig.java:1084)
		at org.apache.catalina.startup.HostConfig.deployApps(HostConfig.java:499)
		at org.apache.catalina.startup.HostConfig.start(HostConfig.java:1594)
		at org.apache.catalina.startup.HostConfig.lifecycleEvent(HostConfig.java:333)
		at org.apache.catalina.util.LifecycleBase.fireLifecycleEvent(LifecycleBase.java:115)
		at org.apache.catalina.util.LifecycleBase.setStateInternal(LifecycleBase.java:395)
		at org.apache.catalina.util.LifecycleBase.setState(LifecycleBase.java:342)
		at org.apache.catalina.core.ContainerBase.startInternal(ContainerBase.java:792)
		at org.apache.catalina.core.StandardHost.startInternal(StandardHost.java:740)
		at org.apache.catalina.util.LifecycleBase.start(LifecycleBase.java:170)
		at org.apache.catalina.core.ContainerBase$StartChild.call(ContainerBase.java:1243)
		at org.apache.catalina.core.ContainerBase$StartChild.call(ContainerBase.java:1233)
		at java.base/java.util.concurrent.FutureTask.run(FutureTask.java:264)
		at org.apache.tomcat.util.threads.InlineExecutorService.execute(InlineExecutorService.java:82)
		at java.base/java.util.concurrent.AbstractExecutorService.submit(AbstractExecutorService.java:145)
		at org.apache.catalina.core.ContainerBase.startInternal(ContainerBase.java:765)
		at org.apache.catalina.core.StandardEngine.startInternal(StandardEngine.java:209)
		at org.apache.catalina.util.LifecycleBase.start(LifecycleBase.java:170)
		at org.apache.catalina.core.StandardService.startInternal(StandardService.java:433)
		at org.apache.catalina.util.LifecycleBase.start(LifecycleBase.java:170)
		at org.apache.catalina.core.StandardServer.startInternal(StandardServer.java:879)
		at org.apache.catalina.util.LifecycleBase.start(LifecycleBase.java:170)
		at org.apache.catalina.startup.Catalina.start(Catalina.java:861)
		at java.base/jdk.internal.reflect.NativeMethodAccessorImpl.invoke0(Native Method)
		at java.base/jdk.internal.reflect.NativeMethodAccessorImpl.invoke(NativeMethodAccessorImpl.java:77)
		at java.base/jdk.internal.reflect.DelegatingMethodAccessorImpl.invoke(DelegatingMethodAccessorImpl.java:43)
		at java.base/java.lang.reflect.Method.invoke(Method.java:569)
		at org.apache.catalina.startup.Bootstrap.start(Bootstrap.java:348)
		at org.apache.catalina.startup.Bootstrap.main(Bootstrap.java:485)
16-Jul-2026 17:09:52.114 SEVERE [main] org.apache.catalina.core.StandardContext.listenerStart Skipped installing application listeners due to previous error(s)
16-Jul-2026 17:13:05.352 INFO [main] org.apache.catalina.core.ApplicationContext.log No Spring WebApplicationInitializer types detected on classpath
16-Jul-2026 17:13:05.592 INFO [main] org.apache.catalina.core.ApplicationContext.log Initializing Spring root WebApplicationContext
16-Jul-2026 17:13:18.840 INFO [main] org.apache.catalina.core.ApplicationContext.log Initializing Spring FrameworkServlet 'dispatcher'
16-Jul-2026 17:13:19.916 SEVERE [main] org.apache.catalina.core.StandardContext.listenerStart Error configuring application listener of class [listeners.ContextListener]
	java.lang.ClassNotFoundException: listeners.ContextListener
		at org.apache.catalina.loader.WebappClassLoaderBase.loadClass(WebappClassLoaderBase.java:1441)
		at org.apache.catalina.loader.WebappClassLoaderBase.loadClass(WebappClassLoaderBase.java:1250)
		at org.apache.catalina.core.DefaultInstanceManager.loadClass(DefaultInstanceManager.java:535)
		at org.apache.catalina.core.DefaultInstanceManager.loadClassMaybePrivileged(DefaultInstanceManager.java:509)
		at org.apache.catalina.core.DefaultInstanceManager.newInstance(DefaultInstanceManager.java:177)
		at org.apache.catalina.core.StandardContext.listenerStart(StandardContext.java:4131)
		at org.apache.catalina.core.StandardContext.startInternal(StandardContext.java:4646)
		at org.apache.catalina.util.LifecycleBase.start(LifecycleBase.java:170)
		at org.apache.catalina.core.ContainerBase.addChildInternal(ContainerBase.java:616)
		at org.apache.catalina.core.ContainerBase.addChild(ContainerBase.java:588)
		at org.apache.catalina.core.StandardHost.addChild(StandardHost.java:622)
		at org.apache.catalina.startup.HostConfig.deployDirectory(HostConfig.java:1180)
		at org.apache.catalina.startup.HostConfig$DeployDirectory.run(HostConfig.java:1904)
		at java.base/java.util.concurrent.Executors$RunnableAdapter.call(Executors.java:539)
		at java.base/java.util.concurrent.FutureTask.run(FutureTask.java:264)
		at org.apache.tomcat.util.threads.InlineExecutorService.execute(InlineExecutorService.java:82)
		at java.base/java.util.concurrent.AbstractExecutorService.submit(AbstractExecutorService.java:123)
		at org.apache.catalina.startup.HostConfig.deployDirectories(HostConfig.java:1084)
		at org.apache.catalina.startup.HostConfig.deployApps(HostConfig.java:499)
		at org.apache.catalina.startup.HostConfig.start(HostConfig.java:1594)
		at org.apache.catalina.startup.HostConfig.lifecycleEvent(HostConfig.java:333)
		at org.apache.catalina.util.LifecycleBase.fireLifecycleEvent(LifecycleBase.java:115)
		at org.apache.catalina.util.LifecycleBase.setStateInternal(LifecycleBase.java:395)
		at org.apache.catalina.util.LifecycleBase.setState(LifecycleBase.java:342)
		at org.apache.catalina.core.ContainerBase.startInternal(ContainerBase.java:792)
		at org.apache.catalina.core.StandardHost.startInternal(StandardHost.java:740)
		at org.apache.catalina.util.LifecycleBase.start(LifecycleBase.java:170)
		at org.apache.catalina.core.ContainerBase$StartChild.call(ContainerBase.java:1243)
		at org.apache.catalina.core.ContainerBase$StartChild.call(ContainerBase.java:1233)
		at java.base/java.util.concurrent.FutureTask.run(FutureTask.java:264)
		at org.apache.tomcat.util.threads.InlineExecutorService.execute(InlineExecutorService.java:82)
		at java.base/java.util.concurrent.AbstractExecutorService.submit(AbstractExecutorService.java:145)
		at org.apache.catalina.core.ContainerBase.startInternal(ContainerBase.java:765)
		at org.apache.catalina.core.StandardEngine.startInternal(StandardEngine.java:209)
		at org.apache.catalina.util.LifecycleBase.start(LifecycleBase.java:170)
		at org.apache.catalina.core.StandardService.startInternal(StandardService.java:433)
		at org.apache.catalina.util.LifecycleBase.start(LifecycleBase.java:170)
		at org.apache.catalina.core.StandardServer.startInternal(StandardServer.java:879)
		at org.apache.catalina.util.LifecycleBase.start(LifecycleBase.java:170)
		at org.apache.catalina.startup.Catalina.start(Catalina.java:861)
		at java.base/jdk.internal.reflect.NativeMethodAccessorImpl.invoke0(Native Method)
		at java.base/jdk.internal.reflect.NativeMethodAccessorImpl.invoke(NativeMethodAccessorImpl.java:77)
		at java.base/jdk.internal.reflect.DelegatingMethodAccessorImpl.invoke(DelegatingMethodAccessorImpl.java:43)
		at java.base/java.lang.reflect.Method.invoke(Method.java:569)
		at org.apache.catalina.startup.Bootstrap.start(Bootstrap.java:348)
		at org.apache.catalina.startup.Bootstrap.main(Bootstrap.java:485)
16-Jul-2026 17:13:19.922 SEVERE [main] org.apache.catalina.core.StandardContext.listenerStart Error configuring application listener of class [async.AsyncStockContextListener]
	java.lang.ClassNotFoundException: async.AsyncStockContextListener
		at org.apache.catalina.loader.WebappClassLoaderBase.loadClass(WebappClassLoaderBase.java:1441)
		at org.apache.catalina.loader.WebappClassLoaderBase.loadClass(WebappClassLoaderBase.java:1250)
		at org.apache.catalina.core.DefaultInstanceManager.loadClass(DefaultInstanceManager.java:535)
		at org.apache.catalina.core.DefaultInstanceManager.loadClassMaybePrivileged(DefaultInstanceManager.java:509)
		at org.apache.catalina.core.DefaultInstanceManager.newInstance(DefaultInstanceManager.java:177)
		at org.apache.catalina.core.StandardContext.listenerStart(StandardContext.java:4131)
		at org.apache.catalina.core.StandardContext.startInternal(StandardContext.java:4646)
		at org.apache.catalina.util.LifecycleBase.start(LifecycleBase.java:170)
		at org.apache.catalina.core.ContainerBase.addChildInternal(ContainerBase.java:616)
		at org.apache.catalina.core.ContainerBase.addChild(ContainerBase.java:588)
		at org.apache.catalina.core.StandardHost.addChild(StandardHost.java:622)
		at org.apache.catalina.startup.HostConfig.deployDirectory(HostConfig.java:1180)
		at org.apache.catalina.startup.HostConfig$DeployDirectory.run(HostConfig.java:1904)
		at java.base/java.util.concurrent.Executors$RunnableAdapter.call(Executors.java:539)
		at java.base/java.util.concurrent.FutureTask.run(FutureTask.java:264)
		at org.apache.tomcat.util.threads.InlineExecutorService.execute(InlineExecutorService.java:82)
		at java.base/java.util.concurrent.AbstractExecutorService.submit(AbstractExecutorService.java:123)
		at org.apache.catalina.startup.HostConfig.deployDirectories(HostConfig.java:1084)
		at org.apache.catalina.startup.HostConfig.deployApps(HostConfig.java:499)
		at org.apache.catalina.startup.HostConfig.start(HostConfig.java:1594)
		at org.apache.catalina.startup.HostConfig.lifecycleEvent(HostConfig.java:333)
		at org.apache.catalina.util.LifecycleBase.fireLifecycleEvent(LifecycleBase.java:115)
		at org.apache.catalina.util.LifecycleBase.setStateInternal(LifecycleBase.java:395)
		at org.apache.catalina.util.LifecycleBase.setState(LifecycleBase.java:342)
		at org.apache.catalina.core.ContainerBase.startInternal(ContainerBase.java:792)
		at org.apache.catalina.core.StandardHost.startInternal(StandardHost.java:740)
		at org.apache.catalina.util.LifecycleBase.start(LifecycleBase.java:170)
		at org.apache.catalina.core.ContainerBase$StartChild.call(ContainerBase.java:1243)
		at org.apache.catalina.core.ContainerBase$StartChild.call(ContainerBase.java:1233)
		at java.base/java.util.concurrent.FutureTask.run(FutureTask.java:264)
		at org.apache.tomcat.util.threads.InlineExecutorService.execute(InlineExecutorService.java:82)
		at java.base/java.util.concurrent.AbstractExecutorService.submit(AbstractExecutorService.java:145)
		at org.apache.catalina.core.ContainerBase.startInternal(ContainerBase.java:765)
		at org.apache.catalina.core.StandardEngine.startInternal(StandardEngine.java:209)
		at org.apache.catalina.util.LifecycleBase.start(LifecycleBase.java:170)
		at org.apache.catalina.core.StandardService.startInternal(StandardService.java:433)
		at org.apache.catalina.util.LifecycleBase.start(LifecycleBase.java:170)
		at org.apache.catalina.core.StandardServer.startInternal(StandardServer.java:879)
		at org.apache.catalina.util.LifecycleBase.start(LifecycleBase.java:170)
		at org.apache.catalina.startup.Catalina.start(Catalina.java:861)
		at java.base/jdk.internal.reflect.NativeMethodAccessorImpl.invoke0(Native Method)
		at java.base/jdk.internal.reflect.NativeMethodAccessorImpl.invoke(NativeMethodAccessorImpl.java:77)
		at java.base/jdk.internal.reflect.DelegatingMethodAccessorImpl.invoke(DelegatingMethodAccessorImpl.java:43)
		at java.base/java.lang.reflect.Method.invoke(Method.java:569)
		at org.apache.catalina.startup.Bootstrap.start(Bootstrap.java:348)
		at org.apache.catalina.startup.Bootstrap.main(Bootstrap.java:485)
16-Jul-2026 17:13:19.926 SEVERE [main] org.apache.catalina.core.StandardContext.listenerStart Error configuring application listener of class [websocket.drawboard.DrawboardContextListener]
	java.lang.ClassNotFoundException: websocket.drawboard.DrawboardContextListener
		at org.apache.catalina.loader.WebappClassLoaderBase.loadClass(WebappClassLoaderBase.java:1441)
		at org.apache.catalina.loader.WebappClassLoaderBase.loadClass(WebappClassLoaderBase.java:1250)
		at org.apache.catalina.core.DefaultInstanceManager.loadClass(DefaultInstanceManager.java:535)
		at org.apache.catalina.core.DefaultInstanceManager.loadClassMaybePrivileged(DefaultInstanceManager.java:509)
		at org.apache.catalina.core.DefaultInstanceManager.newInstance(DefaultInstanceManager.java:177)
		at org.apache.catalina.core.StandardContext.listenerStart(StandardContext.java:4131)
		at org.apache.catalina.core.StandardContext.startInternal(StandardContext.java:4646)
		at org.apache.catalina.util.LifecycleBase.start(LifecycleBase.java:170)
		at org.apache.catalina.core.ContainerBase.addChildInternal(ContainerBase.java:616)
		at org.apache.catalina.core.ContainerBase.addChild(ContainerBase.java:588)
		at org.apache.catalina.core.StandardHost.addChild(StandardHost.java:622)
		at org.apache.catalina.startup.HostConfig.deployDirectory(HostConfig.java:1180)
		at org.apache.catalina.startup.HostConfig$DeployDirectory.run(HostConfig.java:1904)
		at java.base/java.util.concurrent.Executors$RunnableAdapter.call(Executors.java:539)
		at java.base/java.util.concurrent.FutureTask.run(FutureTask.java:264)
		at org.apache.tomcat.util.threads.InlineExecutorService.execute(InlineExecutorService.java:82)
		at java.base/java.util.concurrent.AbstractExecutorService.submit(AbstractExecutorService.java:123)
		at org.apache.catalina.startup.HostConfig.deployDirectories(HostConfig.java:1084)
		at org.apache.catalina.startup.HostConfig.deployApps(HostConfig.java:499)
		at org.apache.catalina.startup.HostConfig.start(HostConfig.java:1594)
		at org.apache.catalina.startup.HostConfig.lifecycleEvent(HostConfig.java:333)
		at org.apache.catalina.util.LifecycleBase.fireLifecycleEvent(LifecycleBase.java:115)
		at org.apache.catalina.util.LifecycleBase.setStateInternal(LifecycleBase.java:395)
		at org.apache.catalina.util.LifecycleBase.setState(LifecycleBase.java:342)
		at org.apache.catalina.core.ContainerBase.startInternal(ContainerBase.java:792)
		at org.apache.catalina.core.StandardHost.startInternal(StandardHost.java:740)
		at org.apache.catalina.util.LifecycleBase.start(LifecycleBase.java:170)
		at org.apache.catalina.core.ContainerBase$StartChild.call(ContainerBase.java:1243)
		at org.apache.catalina.core.ContainerBase$StartChild.call(ContainerBase.java:1233)
		at java.base/java.util.concurrent.FutureTask.run(FutureTask.java:264)
		at org.apache.tomcat.util.threads.InlineExecutorService.execute(InlineExecutorService.java:82)
		at java.base/java.util.concurrent.AbstractExecutorService.submit(AbstractExecutorService.java:145)
		at org.apache.catalina.core.ContainerBase.startInternal(ContainerBase.java:765)
		at org.apache.catalina.core.StandardEngine.startInternal(StandardEngine.java:209)
		at org.apache.catalina.util.LifecycleBase.start(LifecycleBase.java:170)
		at org.apache.catalina.core.StandardService.startInternal(StandardService.java:433)
		at org.apache.catalina.util.LifecycleBase.start(LifecycleBase.java:170)
		at org.apache.catalina.core.StandardServer.startInternal(StandardServer.java:879)
		at org.apache.catalina.util.LifecycleBase.start(LifecycleBase.java:170)
		at org.apache.catalina.startup.Catalina.start(Catalina.java:861)
		at java.base/jdk.internal.reflect.NativeMethodAccessorImpl.invoke0(Native Method)
		at java.base/jdk.internal.reflect.NativeMethodAccessorImpl.invoke(NativeMethodAccessorImpl.java:77)
		at java.base/jdk.internal.reflect.DelegatingMethodAccessorImpl.invoke(DelegatingMethodAccessorImpl.java:43)
		at java.base/java.lang.reflect.Method.invoke(Method.java:569)
		at org.apache.catalina.startup.Bootstrap.start(Bootstrap.java:348)
		at org.apache.catalina.startup.Bootstrap.main(Bootstrap.java:485)
16-Jul-2026 17:13:19.926 SEVERE [main] org.apache.catalina.core.StandardContext.listenerStart Skipped installing application listeners due to previous error(s)
16-Jul-2026 17:18:08.324 INFO [main] org.apache.catalina.core.ApplicationContext.log No Spring WebApplicationInitializer types detected on classpath
16-Jul-2026 17:18:08.592 INFO [main] org.apache.catalina.core.ApplicationContext.log Initializing Spring root WebApplicationContext
16-Jul-2026 17:18:19.848 INFO [main] org.apache.catalina.core.ApplicationContext.log Initializing Spring FrameworkServlet 'dispatcher'
16-Jul-2026 17:18:22.072 SEVERE [main] org.apache.catalina.core.ApplicationContext.log Servlet.init() for servlet [dispatcher] threw exception
	java.lang.NoClassDefFoundError: org/codehaus/jackson/JsonProcessingException
		at java.base/java.lang.Class.getDeclaredConstructors0(Native Method)
		at java.base/java.lang.Class.privateGetDeclaredConstructors(Class.java:3375)
		at java.base/java.lang.Class.getDeclaredConstructors(Class.java:2557)
		at org.springframework.beans.factory.annotation.AutowiredAnnotationBeanPostProcessor.determineCandidateConstructors(AutowiredAnnotationBeanPostProcessor.java:234)
		at org.springframework.beans.factory.support.AbstractAutowireCapableBeanFactory.determineConstructorsFromBeanPostProcessors(AbstractAutowireCapableBeanFactory.java:1040)
		at org.springframework.beans.factory.support.AbstractAutowireCapableBeanFactory.createBeanInstance(AbstractAutowireCapableBeanFactory.java:1013)
		at org.springframework.beans.factory.support.AbstractAutowireCapableBeanFactory.doCreateBean(AbstractAutowireCapableBeanFactory.java:504)
		at org.springframework.beans.factory.support.AbstractAutowireCapableBeanFactory.createBean(AbstractAutowireCapableBeanFactory.java:475)
		at org.springframework.beans.factory.support.AbstractBeanFactory$1.getObject(AbstractBeanFactory.java:304)
		at org.springframework.beans.factory.support.DefaultSingletonBeanRegistry.getSingleton(DefaultSingletonBeanRegistry.java:228)
		at org.springframework.beans.factory.support.AbstractBeanFactory.doGetBean(AbstractBeanFactory.java:300)
		at org.springframework.beans.factory.support.AbstractBeanFactory.getBean(AbstractBeanFactory.java:195)
		at org.springframework.beans.factory.support.DefaultListableBeanFactory.preInstantiateSingletons(DefaultListableBeanFactory.java:700)
		at org.springframework.context.support.AbstractApplicationContext.finishBeanFactoryInitialization(AbstractApplicationContext.java:760)
		at org.springframework.context.support.AbstractApplicationContext.refresh(AbstractApplicationContext.java:482)
		at org.springframework.web.servlet.FrameworkServlet.configureAndRefreshWebApplicationContext(FrameworkServlet.java:658)
		at org.springframework.web.servlet.FrameworkServlet.createWebApplicationContext(FrameworkServlet.java:624)
		at org.springframework.web.servlet.FrameworkServlet.createWebApplicationContext(FrameworkServlet.java:672)
		at org.springframework.web.servlet.FrameworkServlet.initWebApplicationContext(FrameworkServlet.java:543)
		at org.springframework.web.servlet.FrameworkServlet.initServletBean(FrameworkServlet.java:484)
		at org.springframework.web.servlet.HttpServletBean.init(HttpServletBean.java:136)
		at javax.servlet.GenericServlet.init(GenericServlet.java:143)
		at org.apache.catalina.core.StandardWrapper.initServlet(StandardWrapper.java:997)
		at org.apache.catalina.core.StandardWrapper.loadServlet(StandardWrapper.java:954)
		at org.apache.catalina.core.StandardWrapper.load(StandardWrapper.java:851)
		at org.apache.catalina.core.StandardContext.loadOnStartup(StandardContext.java:4379)
		at org.apache.catalina.core.StandardContext.startInternal(StandardContext.java:4680)
		at org.apache.catalina.util.LifecycleBase.start(LifecycleBase.java:170)
		at org.apache.catalina.core.ContainerBase.addChildInternal(ContainerBase.java:616)
		at org.apache.catalina.core.ContainerBase.addChild(ContainerBase.java:588)
		at org.apache.catalina.core.StandardHost.addChild(StandardHost.java:622)
		at org.apache.catalina.startup.HostConfig.deployDirectory(HostConfig.java:1180)
		at org.apache.catalina.startup.HostConfig$DeployDirectory.run(HostConfig.java:1904)
		at java.base/java.util.concurrent.Executors$RunnableAdapter.call(Executors.java:539)
		at java.base/java.util.concurrent.FutureTask.run(FutureTask.java:264)
		at org.apache.tomcat.util.threads.InlineExecutorService.execute(InlineExecutorService.java:82)
		at java.base/java.util.concurrent.AbstractExecutorService.submit(AbstractExecutorService.java:123)
		at org.apache.catalina.startup.HostConfig.deployDirectories(HostConfig.java:1084)
		at org.apache.catalina.startup.HostConfig.deployApps(HostConfig.java:499)
		at org.apache.catalina.startup.HostConfig.start(HostConfig.java:1594)
		at org.apache.catalina.startup.HostConfig.lifecycleEvent(HostConfig.java:333)
		at org.apache.catalina.util.LifecycleBase.fireLifecycleEvent(LifecycleBase.java:115)
		at org.apache.catalina.util.LifecycleBase.setStateInternal(LifecycleBase.java:395)
		at org.apache.catalina.util.LifecycleBase.setState(LifecycleBase.java:342)
		at org.apache.catalina.core.ContainerBase.startInternal(ContainerBase.java:792)
		at org.apache.catalina.core.StandardHost.startInternal(StandardHost.java:740)
		at org.apache.catalina.util.LifecycleBase.start(LifecycleBase.java:170)
		at org.apache.catalina.core.ContainerBase$StartChild.call(ContainerBase.java:1243)
		at org.apache.catalina.core.ContainerBase$StartChild.call(ContainerBase.java:1233)
		at java.base/java.util.concurrent.FutureTask.run(FutureTask.java:264)
		at org.apache.tomcat.util.threads.InlineExecutorService.execute(InlineExecutorService.java:82)
		at java.base/java.util.concurrent.AbstractExecutorService.submit(AbstractExecutorService.java:145)
		at org.apache.catalina.core.ContainerBase.startInternal(ContainerBase.java:765)
		at org.apache.catalina.core.StandardEngine.startInternal(StandardEngine.java:209)
		at org.apache.catalina.util.LifecycleBase.start(LifecycleBase.java:170)
		at org.apache.catalina.core.StandardService.startInternal(StandardService.java:433)
		at org.apache.catalina.util.LifecycleBase.start(LifecycleBase.java:170)
		at org.apache.catalina.core.StandardServer.startInternal(StandardServer.java:879)
		at org.apache.catalina.util.LifecycleBase.start(LifecycleBase.java:170)
		at org.apache.catalina.startup.Catalina.start(Catalina.java:861)
		at java.base/jdk.internal.reflect.NativeMethodAccessorImpl.invoke0(Native Method)
		at java.base/jdk.internal.reflect.NativeMethodAccessorImpl.invoke(NativeMethodAccessorImpl.java:77)
		at java.base/jdk.internal.reflect.DelegatingMethodAccessorImpl.invoke(DelegatingMethodAccessorImpl.java:43)
		at java.base/java.lang.reflect.Method.invoke(Method.java:569)
		at org.apache.catalina.startup.Bootstrap.start(Bootstrap.java:348)
		at org.apache.catalina.startup.Bootstrap.main(Bootstrap.java:485)
	Caused by: java.lang.ClassNotFoundException: org.codehaus.jackson.JsonProcessingException
		at org.apache.catalina.loader.WebappClassLoaderBase.loadClass(WebappClassLoaderBase.java:1441)
		at org.apache.catalina.loader.WebappClassLoaderBase.loadClass(WebappClassLoaderBase.java:1250)
		... 66 more
16-Jul-2026 17:18:22.072 SEVERE [main] org.apache.catalina.core.StandardContext.loadOnStartup Servlet [dispatcher] in web application [/demo] threw load() exception
	java.lang.ClassNotFoundException: org.codehaus.jackson.JsonProcessingException
		at org.apache.catalina.loader.WebappClassLoaderBase.loadClass(WebappClassLoaderBase.java:1441)
		at org.apache.catalina.loader.WebappClassLoaderBase.loadClass(WebappClassLoaderBase.java:1250)
		at java.base/java.lang.Class.getDeclaredConstructors0(Native Method)
		at java.base/java.lang.Class.privateGetDeclaredConstructors(Class.java:3375)
		at java.base/java.lang.Class.getDeclaredConstructors(Class.java:2557)
		at org.springframework.beans.factory.annotation.AutowiredAnnotationBeanPostProcessor.determineCandidateConstructors(AutowiredAnnotationBeanPostProcessor.java:234)
		at org.springframework.beans.factory.support.AbstractAutowireCapableBeanFactory.determineConstructorsFromBeanPostProcessors(AbstractAutowireCapableBeanFactory.java:1040)
		at org.springframework.beans.factory.support.AbstractAutowireCapableBeanFactory.createBeanInstance(AbstractAutowireCapableBeanFactory.java:1013)
		at org.springframework.beans.factory.support.AbstractAutowireCapableBeanFactory.doCreateBean(AbstractAutowireCapableBeanFactory.java:504)
		at org.springframework.beans.factory.support.AbstractAutowireCapableBeanFactory.createBean(AbstractAutowireCapableBeanFactory.java:475)
		at org.springframework.beans.factory.support.AbstractBeanFactory$1.getObject(AbstractBeanFactory.java:304)
		at org.springframework.beans.factory.support.DefaultSingletonBeanRegistry.getSingleton(DefaultSingletonBeanRegistry.java:228)
		at org.springframework.beans.factory.support.AbstractBeanFactory.doGetBean(AbstractBeanFactory.java:300)
		at org.springframework.beans.factory.support.AbstractBeanFactory.getBean(AbstractBeanFactory.java:195)
		at org.springframework.beans.factory.support.DefaultListableBeanFactory.preInstantiateSingletons(DefaultListableBeanFactory.java:700)
		at org.springframework.context.support.AbstractApplicationContext.finishBeanFactoryInitialization(AbstractApplicationContext.java:760)
		at org.springframework.context.support.AbstractApplicationContext.refresh(AbstractApplicationContext.java:482)
		at org.springframework.web.servlet.FrameworkServlet.configureAndRefreshWebApplicationContext(FrameworkServlet.java:658)
		at org.springframework.web.servlet.FrameworkServlet.createWebApplicationContext(FrameworkServlet.java:624)
		at org.springframework.web.servlet.FrameworkServlet.createWebApplicationContext(FrameworkServlet.java:672)
		at org.springframework.web.servlet.FrameworkServlet.initWebApplicationContext(FrameworkServlet.java:543)
		at org.springframework.web.servlet.FrameworkServlet.initServletBean(FrameworkServlet.java:484)
		at org.springframework.web.servlet.HttpServletBean.init(HttpServletBean.java:136)
		at javax.servlet.GenericServlet.init(GenericServlet.java:143)
		at org.apache.catalina.core.StandardWrapper.initServlet(StandardWrapper.java:997)
		at org.apache.catalina.core.StandardWrapper.loadServlet(StandardWrapper.java:954)
		at org.apache.catalina.core.StandardWrapper.load(StandardWrapper.java:851)
		at org.apache.catalina.core.StandardContext.loadOnStartup(StandardContext.java:4379)
		at org.apache.catalina.core.StandardContext.startInternal(StandardContext.java:4680)
		at org.apache.catalina.util.LifecycleBase.start(LifecycleBase.java:170)
		at org.apache.catalina.core.ContainerBase.addChildInternal(ContainerBase.java:616)
		at org.apache.catalina.core.ContainerBase.addChild(ContainerBase.java:588)
		at org.apache.catalina.core.StandardHost.addChild(StandardHost.java:622)
		at org.apache.catalina.startup.HostConfig.deployDirectory(HostConfig.java:1180)
		at org.apache.catalina.startup.HostConfig$DeployDirectory.run(HostConfig.java:1904)
		at java.base/java.util.concurrent.Executors$RunnableAdapter.call(Executors.java:539)
		at java.base/java.util.concurrent.FutureTask.run(FutureTask.java:264)
		at org.apache.tomcat.util.threads.InlineExecutorService.execute(InlineExecutorService.java:82)
		at java.base/java.util.concurrent.AbstractExecutorService.submit(AbstractExecutorService.java:123)
		at org.apache.catalina.startup.HostConfig.deployDirectories(HostConfig.java:1084)
		at org.apache.catalina.startup.HostConfig.deployApps(HostConfig.java:499)
		at org.apache.catalina.startup.HostConfig.start(HostConfig.java:1594)
		at org.apache.catalina.startup.HostConfig.lifecycleEvent(HostConfig.java:333)
		at org.apache.catalina.util.LifecycleBase.fireLifecycleEvent(LifecycleBase.java:115)
		at org.apache.catalina.util.LifecycleBase.setStateInternal(LifecycleBase.java:395)
		at org.apache.catalina.util.LifecycleBase.setState(LifecycleBase.java:342)
		at org.apache.catalina.core.ContainerBase.startInternal(ContainerBase.java:792)
		at org.apache.catalina.core.StandardHost.startInternal(StandardHost.java:740)
		at org.apache.catalina.util.LifecycleBase.start(LifecycleBase.java:170)
		at org.apache.catalina.core.ContainerBase$StartChild.call(ContainerBase.java:1243)
		at org.apache.catalina.core.ContainerBase$StartChild.call(ContainerBase.java:1233)
		at java.base/java.util.concurrent.FutureTask.run(FutureTask.java:264)
		at org.apache.tomcat.util.threads.InlineExecutorService.execute(InlineExecutorService.java:82)
		at java.base/java.util.concurrent.AbstractExecutorService.submit(AbstractExecutorService.java:145)
		at org.apache.catalina.core.ContainerBase.startInternal(ContainerBase.java:765)
		at org.apache.catalina.core.StandardEngine.startInternal(StandardEngine.java:209)
		at org.apache.catalina.util.LifecycleBase.start(LifecycleBase.java:170)
		at org.apache.catalina.core.StandardService.startInternal(StandardService.java:433)
		at org.apache.catalina.util.LifecycleBase.start(LifecycleBase.java:170)
		at org.apache.catalina.core.StandardServer.startInternal(StandardServer.java:879)
		at org.apache.catalina.util.LifecycleBase.start(LifecycleBase.java:170)
		at org.apache.catalina.startup.Catalina.start(Catalina.java:861)
		at java.base/jdk.internal.reflect.NativeMethodAccessorImpl.invoke0(Native Method)
		at java.base/jdk.internal.reflect.NativeMethodAccessorImpl.invoke(NativeMethodAccessorImpl.java:77)
		at java.base/jdk.internal.reflect.DelegatingMethodAccessorImpl.invoke(DelegatingMethodAccessorImpl.java:43)
		at java.base/java.lang.reflect.Method.invoke(Method.java:569)
		at org.apache.catalina.startup.Bootstrap.start(Bootstrap.java:348)
		at org.apache.catalina.startup.Bootstrap.main(Bootstrap.java:485)
16-Jul-2026 17:18:23.191 SEVERE [main] org.apache.catalina.core.StandardContext.listenerStart Error configuring application listener of class [listeners.ContextListener]
	java.lang.ClassNotFoundException: listeners.ContextListener
		at org.apache.catalina.loader.WebappClassLoaderBase.loadClass(WebappClassLoaderBase.java:1441)
		at org.apache.catalina.loader.WebappClassLoaderBase.loadClass(WebappClassLoaderBase.java:1250)
		at org.apache.catalina.core.DefaultInstanceManager.loadClass(DefaultInstanceManager.java:535)
		at org.apache.catalina.core.DefaultInstanceManager.loadClassMaybePrivileged(DefaultInstanceManager.java:509)
		at org.apache.catalina.core.DefaultInstanceManager.newInstance(DefaultInstanceManager.java:177)
		at org.apache.catalina.core.StandardContext.listenerStart(StandardContext.java:4131)
		at org.apache.catalina.core.StandardContext.startInternal(StandardContext.java:4646)
		at org.apache.catalina.util.LifecycleBase.start(LifecycleBase.java:170)
		at org.apache.catalina.core.ContainerBase.addChildInternal(ContainerBase.java:616)
		at org.apache.catalina.core.ContainerBase.addChild(ContainerBase.java:588)
		at org.apache.catalina.core.StandardHost.addChild(StandardHost.java:622)
		at org.apache.catalina.startup.HostConfig.deployDirectory(HostConfig.java:1180)
		at org.apache.catalina.startup.HostConfig$DeployDirectory.run(HostConfig.java:1904)
		at java.base/java.util.concurrent.Executors$RunnableAdapter.call(Executors.java:539)
		at java.base/java.util.concurrent.FutureTask.run(FutureTask.java:264)
		at org.apache.tomcat.util.threads.InlineExecutorService.execute(InlineExecutorService.java:82)
		at java.base/java.util.concurrent.AbstractExecutorService.submit(AbstractExecutorService.java:123)
		at org.apache.catalina.startup.HostConfig.deployDirectories(HostConfig.java:1084)
		at org.apache.catalina.startup.HostConfig.deployApps(HostConfig.java:499)
		at org.apache.catalina.startup.HostConfig.start(HostConfig.java:1594)
		at org.apache.catalina.startup.HostConfig.lifecycleEvent(HostConfig.java:333)
		at org.apache.catalina.util.LifecycleBase.fireLifecycleEvent(LifecycleBase.java:115)
		at org.apache.catalina.util.LifecycleBase.setStateInternal(LifecycleBase.java:395)
		at org.apache.catalina.util.LifecycleBase.setState(LifecycleBase.java:342)
		at org.apache.catalina.core.ContainerBase.startInternal(ContainerBase.java:792)
		at org.apache.catalina.core.StandardHost.startInternal(StandardHost.java:740)
		at org.apache.catalina.util.LifecycleBase.start(LifecycleBase.java:170)
		at org.apache.catalina.core.ContainerBase$StartChild.call(ContainerBase.java:1243)
		at org.apache.catalina.core.ContainerBase$StartChild.call(ContainerBase.java:1233)
		at java.base/java.util.concurrent.FutureTask.run(FutureTask.java:264)
		at org.apache.tomcat.util.threads.InlineExecutorService.execute(InlineExecutorService.java:82)
		at java.base/java.util.concurrent.AbstractExecutorService.submit(AbstractExecutorService.java:145)
		at org.apache.catalina.core.ContainerBase.startInternal(ContainerBase.java:765)
		at org.apache.catalina.core.StandardEngine.startInternal(StandardEngine.java:209)
		at org.apache.catalina.util.LifecycleBase.start(LifecycleBase.java:170)
		at org.apache.catalina.core.StandardService.startInternal(StandardService.java:433)
		at org.apache.catalina.util.LifecycleBase.start(LifecycleBase.java:170)
		at org.apache.catalina.core.StandardServer.startInternal(StandardServer.java:879)
		at org.apache.catalina.util.LifecycleBase.start(LifecycleBase.java:170)
		at org.apache.catalina.startup.Catalina.start(Catalina.java:861)
		at java.base/jdk.internal.reflect.NativeMethodAccessorImpl.invoke0(Native Method)
		at java.base/jdk.internal.reflect.NativeMethodAccessorImpl.invoke(NativeMethodAccessorImpl.java:77)
		at java.base/jdk.internal.reflect.DelegatingMethodAccessorImpl.invoke(DelegatingMethodAccessorImpl.java:43)
		at java.base/java.lang.reflect.Method.invoke(Method.java:569)
		at org.apache.catalina.startup.Bootstrap.start(Bootstrap.java:348)
		at org.apache.catalina.startup.Bootstrap.main(Bootstrap.java:485)
16-Jul-2026 17:18:23.233 SEVERE [main] org.apache.catalina.core.StandardContext.listenerStart Error configuring application listener of class [async.AsyncStockContextListener]
	java.lang.ClassNotFoundException: async.AsyncStockContextListener
		at org.apache.catalina.loader.WebappClassLoaderBase.loadClass(WebappClassLoaderBase.java:1441)
		at org.apache.catalina.loader.WebappClassLoaderBase.loadClass(WebappClassLoaderBase.java:1250)
		at org.apache.catalina.core.DefaultInstanceManager.loadClass(DefaultInstanceManager.java:535)
		at org.apache.catalina.core.DefaultInstanceManager.loadClassMaybePrivileged(DefaultInstanceManager.java:509)
		at org.apache.catalina.core.DefaultInstanceManager.newInstance(DefaultInstanceManager.java:177)
		at org.apache.catalina.core.StandardContext.listenerStart(StandardContext.java:4131)
		at org.apache.catalina.core.StandardContext.startInternal(StandardContext.java:4646)
		at org.apache.catalina.util.LifecycleBase.start(LifecycleBase.java:170)
		at org.apache.catalina.core.ContainerBase.addChildInternal(ContainerBase.java:616)
		at org.apache.catalina.core.ContainerBase.addChild(ContainerBase.java:588)
		at org.apache.catalina.core.StandardHost.addChild(StandardHost.java:622)
		at org.apache.catalina.startup.HostConfig.deployDirectory(HostConfig.java:1180)
		at org.apache.catalina.startup.HostConfig$DeployDirectory.run(HostConfig.java:1904)
		at java.base/java.util.concurrent.Executors$RunnableAdapter.call(Executors.java:539)
		at java.base/java.util.concurrent.FutureTask.run(FutureTask.java:264)
		at org.apache.tomcat.util.threads.InlineExecutorService.execute(InlineExecutorService.java:82)
		at java.base/java.util.concurrent.AbstractExecutorService.submit(AbstractExecutorService.java:123)
		at org.apache.catalina.startup.HostConfig.deployDirectories(HostConfig.java:1084)
		at org.apache.catalina.startup.HostConfig.deployApps(HostConfig.java:499)
		at org.apache.catalina.startup.HostConfig.start(HostConfig.java:1594)
		at org.apache.catalina.startup.HostConfig.lifecycleEvent(HostConfig.java:333)
		at org.apache.catalina.util.LifecycleBase.fireLifecycleEvent(LifecycleBase.java:115)
		at org.apache.catalina.util.LifecycleBase.setStateInternal(LifecycleBase.java:395)
		at org.apache.catalina.util.LifecycleBase.setState(LifecycleBase.java:342)
		at org.apache.catalina.core.ContainerBase.startInternal(ContainerBase.java:792)
		at org.apache.catalina.core.StandardHost.startInternal(StandardHost.java:740)
		at org.apache.catalina.util.LifecycleBase.start(LifecycleBase.java:170)
		at org.apache.catalina.core.ContainerBase$StartChild.call(ContainerBase.java:1243)
		at org.apache.catalina.core.ContainerBase$StartChild.call(ContainerBase.java:1233)
		at java.base/java.util.concurrent.FutureTask.run(FutureTask.java:264)
		at org.apache.tomcat.util.threads.InlineExecutorService.execute(InlineExecutorService.java:82)
		at java.base/java.util.concurrent.AbstractExecutorService.submit(AbstractExecutorService.java:145)
		at org.apache.catalina.core.ContainerBase.startInternal(ContainerBase.java:765)
		at org.apache.catalina.core.StandardEngine.startInternal(StandardEngine.java:209)
		at org.apache.catalina.util.LifecycleBase.start(LifecycleBase.java:170)
		at org.apache.catalina.core.StandardService.startInternal(StandardService.java:433)
		at org.apache.catalina.util.LifecycleBase.start(LifecycleBase.java:170)
		at org.apache.catalina.core.StandardServer.startInternal(StandardServer.java:879)
		at org.apache.catalina.util.LifecycleBase.start(LifecycleBase.java:170)
		at org.apache.catalina.startup.Catalina.start(Catalina.java:861)
		at java.base/jdk.internal.reflect.NativeMethodAccessorImpl.invoke0(Native Method)
		at java.base/jdk.internal.reflect.NativeMethodAccessorImpl.invoke(NativeMethodAccessorImpl.java:77)
		at java.base/jdk.internal.reflect.DelegatingMethodAccessorImpl.invoke(DelegatingMethodAccessorImpl.java:43)
		at java.base/java.lang.reflect.Method.invoke(Method.java:569)
		at org.apache.catalina.startup.Bootstrap.start(Bootstrap.java:348)
		at org.apache.catalina.startup.Bootstrap.main(Bootstrap.java:485)
16-Jul-2026 17:18:23.255 SEVERE [main] org.apache.catalina.core.StandardContext.listenerStart Error configuring application listener of class [websocket.drawboard.DrawboardContextListener]
	java.lang.ClassNotFoundException: websocket.drawboard.DrawboardContextListener
		at org.apache.catalina.loader.WebappClassLoaderBase.loadClass(WebappClassLoaderBase.java:1441)
		at org.apache.catalina.loader.WebappClassLoaderBase.loadClass(WebappClassLoaderBase.java:1250)
		at org.apache.catalina.core.DefaultInstanceManager.loadClass(DefaultInstanceManager.java:535)
		at org.apache.catalina.core.DefaultInstanceManager.loadClassMaybePrivileged(DefaultInstanceManager.java:509)
		at org.apache.catalina.core.DefaultInstanceManager.newInstance(DefaultInstanceManager.java:177)
		at org.apache.catalina.core.StandardContext.listenerStart(StandardContext.java:4131)
		at org.apache.catalina.core.StandardContext.startInternal(StandardContext.java:4646)
		at org.apache.catalina.util.LifecycleBase.start(LifecycleBase.java:170)
		at org.apache.catalina.core.ContainerBase.addChildInternal(ContainerBase.java:616)
		at org.apache.catalina.core.ContainerBase.addChild(ContainerBase.java:588)
		at org.apache.catalina.core.StandardHost.addChild(StandardHost.java:622)
		at org.apache.catalina.startup.HostConfig.deployDirectory(HostConfig.java:1180)
		at org.apache.catalina.startup.HostConfig$DeployDirectory.run(HostConfig.java:1904)
		at java.base/java.util.concurrent.Executors$RunnableAdapter.call(Executors.java:539)
		at java.base/java.util.concurrent.FutureTask.run(FutureTask.java:264)
		at org.apache.tomcat.util.threads.InlineExecutorService.execute(InlineExecutorService.java:82)
		at java.base/java.util.concurrent.AbstractExecutorService.submit(AbstractExecutorService.java:123)
		at org.apache.catalina.startup.HostConfig.deployDirectories(HostConfig.java:1084)
		at org.apache.catalina.startup.HostConfig.deployApps(HostConfig.java:499)
		at org.apache.catalina.startup.HostConfig.start(HostConfig.java:1594)
		at org.apache.catalina.startup.HostConfig.lifecycleEvent(HostConfig.java:333)
		at org.apache.catalina.util.LifecycleBase.fireLifecycleEvent(LifecycleBase.java:115)
		at org.apache.catalina.util.LifecycleBase.setStateInternal(LifecycleBase.java:395)
		at org.apache.catalina.util.LifecycleBase.setState(LifecycleBase.java:342)
		at org.apache.catalina.core.ContainerBase.startInternal(ContainerBase.java:792)
		at org.apache.catalina.core.StandardHost.startInternal(StandardHost.java:740)
		at org.apache.catalina.util.LifecycleBase.start(LifecycleBase.java:170)
		at org.apache.catalina.core.ContainerBase$StartChild.call(ContainerBase.java:1243)
		at org.apache.catalina.core.ContainerBase$StartChild.call(ContainerBase.java:1233)
		at java.base/java.util.concurrent.FutureTask.run(FutureTask.java:264)
		at org.apache.tomcat.util.threads.InlineExecutorService.execute(InlineExecutorService.java:82)
		at java.base/java.util.concurrent.AbstractExecutorService.submit(AbstractExecutorService.java:145)
		at org.apache.catalina.core.ContainerBase.startInternal(ContainerBase.java:765)
		at org.apache.catalina.core.StandardEngine.startInternal(StandardEngine.java:209)
		at org.apache.catalina.util.LifecycleBase.start(LifecycleBase.java:170)
		at org.apache.catalina.core.StandardService.startInternal(StandardService.java:433)
		at org.apache.catalina.util.LifecycleBase.start(LifecycleBase.java:170)
		at org.apache.catalina.core.StandardServer.startInternal(StandardServer.java:879)
		at org.apache.catalina.util.LifecycleBase.start(LifecycleBase.java:170)
		at org.apache.catalina.startup.Catalina.start(Catalina.java:861)
		at java.base/jdk.internal.reflect.NativeMethodAccessorImpl.invoke0(Native Method)
		at java.base/jdk.internal.reflect.NativeMethodAccessorImpl.invoke(NativeMethodAccessorImpl.java:77)
		at java.base/jdk.internal.reflect.DelegatingMethodAccessorImpl.invoke(DelegatingMethodAccessorImpl.java:43)
		at java.base/java.lang.reflect.Method.invoke(Method.java:569)
		at org.apache.catalina.startup.Bootstrap.start(Bootstrap.java:348)
		at org.apache.catalina.startup.Bootstrap.main(Bootstrap.java:485)
16-Jul-2026 17:18:23.255 SEVERE [main] org.apache.catalina.core.StandardContext.listenerStart Skipped installing application listeners due to previous error(s)
16-Jul-2026 17:19:48.758 INFO [http-nio-8081-exec-3] org.apache.catalina.core.ApplicationContext.log Initializing Spring FrameworkServlet 'dispatcher'
16-Jul-2026 17:19:49.203 SEVERE [http-nio-8081-exec-3] org.apache.catalina.core.ApplicationContext.log Servlet.init() for servlet [dispatcher] threw exception
	java.lang.NoClassDefFoundError: org/codehaus/jackson/JsonProcessingException
		at java.base/java.lang.Class.getDeclaredConstructors0(Native Method)
		at java.base/java.lang.Class.privateGetDeclaredConstructors(Class.java:3375)
		at java.base/java.lang.Class.getDeclaredConstructors(Class.java:2557)
		at org.springframework.beans.factory.annotation.AutowiredAnnotationBeanPostProcessor.determineCandidateConstructors(AutowiredAnnotationBeanPostProcessor.java:234)
		at org.springframework.beans.factory.support.AbstractAutowireCapableBeanFactory.determineConstructorsFromBeanPostProcessors(AbstractAutowireCapableBeanFactory.java:1040)
		at org.springframework.beans.factory.support.AbstractAutowireCapableBeanFactory.createBeanInstance(AbstractAutowireCapableBeanFactory.java:1013)
		at org.springframework.beans.factory.support.AbstractAutowireCapableBeanFactory.doCreateBean(AbstractAutowireCapableBeanFactory.java:504)
		at org.springframework.beans.factory.support.AbstractAutowireCapableBeanFactory.createBean(AbstractAutowireCapableBeanFactory.java:475)
		at org.springframework.beans.factory.support.AbstractBeanFactory$1.getObject(AbstractBeanFactory.java:304)
		at org.springframework.beans.factory.support.DefaultSingletonBeanRegistry.getSingleton(DefaultSingletonBeanRegistry.java:228)
		at org.springframework.beans.factory.support.AbstractBeanFactory.doGetBean(AbstractBeanFactory.java:300)
		at org.springframework.beans.factory.support.AbstractBeanFactory.getBean(AbstractBeanFactory.java:195)
		at org.springframework.beans.factory.support.DefaultListableBeanFactory.preInstantiateSingletons(DefaultListableBeanFactory.java:700)
		at org.springframework.context.support.AbstractApplicationContext.finishBeanFactoryInitialization(AbstractApplicationContext.java:760)
		at org.springframework.context.support.AbstractApplicationContext.refresh(AbstractApplicationContext.java:482)
		at org.springframework.web.servlet.FrameworkServlet.configureAndRefreshWebApplicationContext(FrameworkServlet.java:658)
		at org.springframework.web.servlet.FrameworkServlet.createWebApplicationContext(FrameworkServlet.java:624)
		at org.springframework.web.servlet.FrameworkServlet.createWebApplicationContext(FrameworkServlet.java:672)
		at org.springframework.web.servlet.FrameworkServlet.initWebApplicationContext(FrameworkServlet.java:543)
		at org.springframework.web.servlet.FrameworkServlet.initServletBean(FrameworkServlet.java:484)
		at org.springframework.web.servlet.HttpServletBean.init(HttpServletBean.java:136)
		at javax.servlet.GenericServlet.init(GenericServlet.java:143)
		at org.apache.catalina.core.StandardWrapper.initServlet(StandardWrapper.java:997)
		at org.apache.catalina.core.StandardWrapper.loadServlet(StandardWrapper.java:954)
		at org.apache.catalina.core.StandardWrapper.allocate(StandardWrapper.java:672)
		at org.apache.catalina.core.StandardWrapperValve.invoke(StandardWrapperValve.java:114)
		at org.apache.catalina.core.StandardContextValve.invoke(StandardContextValve.java:88)
		at org.apache.catalina.authenticator.AuthenticatorBase.invoke(AuthenticatorBase.java:534)
		at org.apache.catalina.core.StandardHostValve.invoke(StandardHostValve.java:129)
		at org.apache.catalina.valves.ErrorReportValve.invoke(ErrorReportValve.java:86)
		at org.apache.catalina.valves.AbstractAccessLogValve.invoke(AbstractAccessLogValve.java:764)
		at org.apache.catalina.core.StandardEngineValve.invoke(StandardEngineValve.java:71)
		at org.apache.catalina.connector.CoyoteAdapter.service(CoyoteAdapter.java:350)
		at org.apache.coyote.http11.Http11Processor.service(Http11Processor.java:407)
		at org.apache.coyote.AbstractProcessorLight.process(AbstractProcessorLight.java:71)
		at org.apache.coyote.AbstractProtocol$ConnectionHandler.process(AbstractProtocol.java:1344)
		at org.apache.tomcat.util.net.NioEndpoint$SocketProcessor.doRun(NioEndpoint.java:2089)
		at org.apache.tomcat.util.net.SocketProcessorBase.run(SocketProcessorBase.java:74)
		at org.apache.tomcat.util.threads.ThreadPoolExecutor.runWorker(ThreadPoolExecutor.java:973)
		at org.apache.tomcat.util.threads.ThreadPoolExecutor$Worker.run(ThreadPoolExecutor.java:491)
		at org.apache.tomcat.util.threads.TaskThread$WrappingRunnable.run(TaskThread.java:63)
		at java.base/java.lang.Thread.run(Thread.java:840)
	Caused by: java.lang.ClassNotFoundException: org.codehaus.jackson.JsonProcessingException
		at org.apache.catalina.loader.WebappClassLoaderBase.loadClass(WebappClassLoaderBase.java:1441)
		at org.apache.catalina.loader.WebappClassLoaderBase.loadClass(WebappClassLoaderBase.java:1250)
		... 42 more
16-Jul-2026 17:19:49.205 SEVERE [http-nio-8081-exec-3] org.apache.catalina.core.StandardWrapperValve.invoke Allocate exception for servlet [dispatcher]
	java.lang.ClassNotFoundException: org.codehaus.jackson.JsonProcessingException
		at org.apache.catalina.loader.WebappClassLoaderBase.loadClass(WebappClassLoaderBase.java:1441)
		at org.apache.catalina.loader.WebappClassLoaderBase.loadClass(WebappClassLoaderBase.java:1250)
		at java.base/java.lang.Class.getDeclaredConstructors0(Native Method)
		at java.base/java.lang.Class.privateGetDeclaredConstructors(Class.java:3375)
		at java.base/java.lang.Class.getDeclaredConstructors(Class.java:2557)
		at org.springframework.beans.factory.annotation.AutowiredAnnotationBeanPostProcessor.determineCandidateConstructors(AutowiredAnnotationBeanPostProcessor.java:234)
		at org.springframework.beans.factory.support.AbstractAutowireCapableBeanFactory.determineConstructorsFromBeanPostProcessors(AbstractAutowireCapableBeanFactory.java:1040)
		at org.springframework.beans.factory.support.AbstractAutowireCapableBeanFactory.createBeanInstance(AbstractAutowireCapableBeanFactory.java:1013)
		at org.springframework.beans.factory.support.AbstractAutowireCapableBeanFactory.doCreateBean(AbstractAutowireCapableBeanFactory.java:504)
		at org.springframework.beans.factory.support.AbstractAutowireCapableBeanFactory.createBean(AbstractAutowireCapableBeanFactory.java:475)
		at org.springframework.beans.factory.support.AbstractBeanFactory$1.getObject(AbstractBeanFactory.java:304)
		at org.springframework.beans.factory.support.DefaultSingletonBeanRegistry.getSingleton(DefaultSingletonBeanRegistry.java:228)
		at org.springframework.beans.factory.support.AbstractBeanFactory.doGetBean(AbstractBeanFactory.java:300)
		at org.springframework.beans.factory.support.AbstractBeanFactory.getBean(AbstractBeanFactory.java:195)
		at org.springframework.beans.factory.support.DefaultListableBeanFactory.preInstantiateSingletons(DefaultListableBeanFactory.java:700)
		at org.springframework.context.support.AbstractApplicationContext.finishBeanFactoryInitialization(AbstractApplicationContext.java:760)
		at org.springframework.context.support.AbstractApplicationContext.refresh(AbstractApplicationContext.java:482)
		at org.springframework.web.servlet.FrameworkServlet.configureAndRefreshWebApplicationContext(FrameworkServlet.java:658)
		at org.springframework.web.servlet.FrameworkServlet.createWebApplicationContext(FrameworkServlet.java:624)
		at org.springframework.web.servlet.FrameworkServlet.createWebApplicationContext(FrameworkServlet.java:672)
		at org.springframework.web.servlet.FrameworkServlet.initWebApplicationContext(FrameworkServlet.java:543)
		at org.springframework.web.servlet.FrameworkServlet.initServletBean(FrameworkServlet.java:484)
		at org.springframework.web.servlet.HttpServletBean.init(HttpServletBean.java:136)
		at javax.servlet.GenericServlet.init(GenericServlet.java:143)
		at org.apache.catalina.core.StandardWrapper.initServlet(StandardWrapper.java:997)
		at org.apache.catalina.core.StandardWrapper.loadServlet(StandardWrapper.java:954)
		at org.apache.catalina.core.StandardWrapper.allocate(StandardWrapper.java:672)
		at org.apache.catalina.core.StandardWrapperValve.invoke(StandardWrapperValve.java:114)
		at org.apache.catalina.core.StandardContextValve.invoke(StandardContextValve.java:88)
		at org.apache.catalina.authenticator.AuthenticatorBase.invoke(AuthenticatorBase.java:534)
		at org.apache.catalina.core.StandardHostValve.invoke(StandardHostValve.java:129)
		at org.apache.catalina.valves.ErrorReportValve.invoke(ErrorReportValve.java:86)
		at org.apache.catalina.valves.AbstractAccessLogValve.invoke(AbstractAccessLogValve.java:764)
		at org.apache.catalina.core.StandardEngineValve.invoke(StandardEngineValve.java:71)
		at org.apache.catalina.connector.CoyoteAdapter.service(CoyoteAdapter.java:350)
		at org.apache.coyote.http11.Http11Processor.service(Http11Processor.java:407)
		at org.apache.coyote.AbstractProcessorLight.process(AbstractProcessorLight.java:71)
		at org.apache.coyote.AbstractProtocol$ConnectionHandler.process(AbstractProtocol.java:1344)
		at org.apache.tomcat.util.net.NioEndpoint$SocketProcessor.doRun(NioEndpoint.java:2089)
		at org.apache.tomcat.util.net.SocketProcessorBase.run(SocketProcessorBase.java:74)
		at org.apache.tomcat.util.threads.ThreadPoolExecutor.runWorker(ThreadPoolExecutor.java:973)
		at org.apache.tomcat.util.threads.ThreadPoolExecutor$Worker.run(ThreadPoolExecutor.java:491)
		at org.apache.tomcat.util.threads.TaskThread$WrappingRunnable.run(TaskThread.java:63)
		at java.base/java.lang.Thread.run(Thread.java:840)
16-Jul-2026 17:19:55.382 INFO [http-nio-8081-exec-4] org.apache.catalina.core.ApplicationContext.log Initializing Spring FrameworkServlet 'dispatcher'
16-Jul-2026 17:19:55.685 SEVERE [http-nio-8081-exec-4] org.apache.catalina.core.ApplicationContext.log Servlet.init() for servlet [dispatcher] threw exception
	java.lang.NoClassDefFoundError: org/codehaus/jackson/JsonProcessingException
		at java.base/java.lang.Class.getDeclaredConstructors0(Native Method)
		at java.base/java.lang.Class.privateGetDeclaredConstructors(Class.java:3375)
		at java.base/java.lang.Class.getDeclaredConstructors(Class.java:2557)
		at org.springframework.beans.factory.annotation.AutowiredAnnotationBeanPostProcessor.determineCandidateConstructors(AutowiredAnnotationBeanPostProcessor.java:234)
		at org.springframework.beans.factory.support.AbstractAutowireCapableBeanFactory.determineConstructorsFromBeanPostProcessors(AbstractAutowireCapableBeanFactory.java:1040)
		at org.springframework.beans.factory.support.AbstractAutowireCapableBeanFactory.createBeanInstance(AbstractAutowireCapableBeanFactory.java:1013)
		at org.springframework.beans.factory.support.AbstractAutowireCapableBeanFactory.doCreateBean(AbstractAutowireCapableBeanFactory.java:504)
		at org.springframework.beans.factory.support.AbstractAutowireCapableBeanFactory.createBean(AbstractAutowireCapableBeanFactory.java:475)
		at org.springframework.beans.factory.support.AbstractBeanFactory$1.getObject(AbstractBeanFactory.java:304)
		at org.springframework.beans.factory.support.DefaultSingletonBeanRegistry.getSingleton(DefaultSingletonBeanRegistry.java:228)
		at org.springframework.beans.factory.support.AbstractBeanFactory.doGetBean(AbstractBeanFactory.java:300)
		at org.springframework.beans.factory.support.AbstractBeanFactory.getBean(AbstractBeanFactory.java:195)
		at org.springframework.beans.factory.support.DefaultListableBeanFactory.preInstantiateSingletons(DefaultListableBeanFactory.java:700)
		at org.springframework.context.support.AbstractApplicationContext.finishBeanFactoryInitialization(AbstractApplicationContext.java:760)
		at org.springframework.context.support.AbstractApplicationContext.refresh(AbstractApplicationContext.java:482)
		at org.springframework.web.servlet.FrameworkServlet.configureAndRefreshWebApplicationContext(FrameworkServlet.java:658)
		at org.springframework.web.servlet.FrameworkServlet.createWebApplicationContext(FrameworkServlet.java:624)
		at org.springframework.web.servlet.FrameworkServlet.createWebApplicationContext(FrameworkServlet.java:672)
		at org.springframework.web.servlet.FrameworkServlet.initWebApplicationContext(FrameworkServlet.java:543)
		at org.springframework.web.servlet.FrameworkServlet.initServletBean(FrameworkServlet.java:484)
		at org.springframework.web.servlet.HttpServletBean.init(HttpServletBean.java:136)
		at javax.servlet.GenericServlet.init(GenericServlet.java:143)
		at org.apache.catalina.core.StandardWrapper.initServlet(StandardWrapper.java:997)
		at org.apache.catalina.core.StandardWrapper.loadServlet(StandardWrapper.java:954)
		at org.apache.catalina.core.StandardWrapper.allocate(StandardWrapper.java:672)
		at org.apache.catalina.core.StandardWrapperValve.invoke(StandardWrapperValve.java:114)
		at org.apache.catalina.core.StandardContextValve.invoke(StandardContextValve.java:88)
		at org.apache.catalina.authenticator.AuthenticatorBase.invoke(AuthenticatorBase.java:534)
		at org.apache.catalina.core.StandardHostValve.invoke(StandardHostValve.java:129)
		at org.apache.catalina.valves.ErrorReportValve.invoke(ErrorReportValve.java:86)
		at org.apache.catalina.valves.AbstractAccessLogValve.invoke(AbstractAccessLogValve.java:764)
		at org.apache.catalina.core.StandardEngineValve.invoke(StandardEngineValve.java:71)
		at org.apache.catalina.connector.CoyoteAdapter.service(CoyoteAdapter.java:350)
		at org.apache.coyote.http11.Http11Processor.service(Http11Processor.java:407)
		at org.apache.coyote.AbstractProcessorLight.process(AbstractProcessorLight.java:71)
		at org.apache.coyote.AbstractProtocol$ConnectionHandler.process(AbstractProtocol.java:1344)
		at org.apache.tomcat.util.net.NioEndpoint$SocketProcessor.doRun(NioEndpoint.java:2089)
		at org.apache.tomcat.util.net.SocketProcessorBase.run(SocketProcessorBase.java:74)
		at org.apache.tomcat.util.threads.ThreadPoolExecutor.runWorker(ThreadPoolExecutor.java:973)
		at org.apache.tomcat.util.threads.ThreadPoolExecutor$Worker.run(ThreadPoolExecutor.java:491)
		at org.apache.tomcat.util.threads.TaskThread$WrappingRunnable.run(TaskThread.java:63)
		at java.base/java.lang.Thread.run(Thread.java:840)
	Caused by: java.lang.ClassNotFoundException: org.codehaus.jackson.JsonProcessingException
		at org.apache.catalina.loader.WebappClassLoaderBase.loadClass(WebappClassLoaderBase.java:1441)
		at org.apache.catalina.loader.WebappClassLoaderBase.loadClass(WebappClassLoaderBase.java:1250)
		... 42 more
16-Jul-2026 17:19:55.685 SEVERE [http-nio-8081-exec-4] org.apache.catalina.core.StandardWrapperValve.invoke Allocate exception for servlet [dispatcher]
	java.lang.ClassNotFoundException: org.codehaus.jackson.JsonProcessingException
		at org.apache.catalina.loader.WebappClassLoaderBase.loadClass(WebappClassLoaderBase.java:1441)
		at org.apache.catalina.loader.WebappClassLoaderBase.loadClass(WebappClassLoaderBase.java:1250)
		at java.base/java.lang.Class.getDeclaredConstructors0(Native Method)
		at java.base/java.lang.Class.privateGetDeclaredConstructors(Class.java:3375)
		at java.base/java.lang.Class.getDeclaredConstructors(Class.java:2557)
		at org.springframework.beans.factory.annotation.AutowiredAnnotationBeanPostProcessor.determineCandidateConstructors(AutowiredAnnotationBeanPostProcessor.java:234)
		at org.springframework.beans.factory.support.AbstractAutowireCapableBeanFactory.determineConstructorsFromBeanPostProcessors(AbstractAutowireCapableBeanFactory.java:1040)
		at org.springframework.beans.factory.support.AbstractAutowireCapableBeanFactory.createBeanInstance(AbstractAutowireCapableBeanFactory.java:1013)
		at org.springframework.beans.factory.support.AbstractAutowireCapableBeanFactory.doCreateBean(AbstractAutowireCapableBeanFactory.java:504)
		at org.springframework.beans.factory.support.AbstractAutowireCapableBeanFactory.createBean(AbstractAutowireCapableBeanFactory.java:475)
		at org.springframework.beans.factory.support.AbstractBeanFactory$1.getObject(AbstractBeanFactory.java:304)
		at org.springframework.beans.factory.support.DefaultSingletonBeanRegistry.getSingleton(DefaultSingletonBeanRegistry.java:228)
		at org.springframework.beans.factory.support.AbstractBeanFactory.doGetBean(AbstractBeanFactory.java:300)
		at org.springframework.beans.factory.support.AbstractBeanFactory.getBean(AbstractBeanFactory.java:195)
		at org.springframework.beans.factory.support.DefaultListableBeanFactory.preInstantiateSingletons(DefaultListableBeanFactory.java:700)
		at org.springframework.context.support.AbstractApplicationContext.finishBeanFactoryInitialization(AbstractApplicationContext.java:760)
		at org.springframework.context.support.AbstractApplicationContext.refresh(AbstractApplicationContext.java:482)
		at org.springframework.web.servlet.FrameworkServlet.configureAndRefreshWebApplicationContext(FrameworkServlet.java:658)
		at org.springframework.web.servlet.FrameworkServlet.createWebApplicationContext(FrameworkServlet.java:624)
		at org.springframework.web.servlet.FrameworkServlet.createWebApplicationContext(FrameworkServlet.java:672)
		at org.springframework.web.servlet.FrameworkServlet.initWebApplicationContext(FrameworkServlet.java:543)
		at org.springframework.web.servlet.FrameworkServlet.initServletBean(FrameworkServlet.java:484)
		at org.springframework.web.servlet.HttpServletBean.init(HttpServletBean.java:136)
		at javax.servlet.GenericServlet.init(GenericServlet.java:143)
		at org.apache.catalina.core.StandardWrapper.initServlet(StandardWrapper.java:997)
		at org.apache.catalina.core.StandardWrapper.loadServlet(StandardWrapper.java:954)
		at org.apache.catalina.core.StandardWrapper.allocate(StandardWrapper.java:672)
		at org.apache.catalina.core.StandardWrapperValve.invoke(StandardWrapperValve.java:114)
		at org.apache.catalina.core.StandardContextValve.invoke(StandardContextValve.java:88)
		at org.apache.catalina.authenticator.AuthenticatorBase.invoke(AuthenticatorBase.java:534)
		at org.apache.catalina.core.StandardHostValve.invoke(StandardHostValve.java:129)
		at org.apache.catalina.valves.ErrorReportValve.invoke(ErrorReportValve.java:86)
		at org.apache.catalina.valves.AbstractAccessLogValve.invoke(AbstractAccessLogValve.java:764)
		at org.apache.catalina.core.StandardEngineValve.invoke(StandardEngineValve.java:71)
		at org.apache.catalina.connector.CoyoteAdapter.service(CoyoteAdapter.java:350)
		at org.apache.coyote.http11.Http11Processor.service(Http11Processor.java:407)
		at org.apache.coyote.AbstractProcessorLight.process(AbstractProcessorLight.java:71)
		at org.apache.coyote.AbstractProtocol$ConnectionHandler.process(AbstractProtocol.java:1344)
		at org.apache.tomcat.util.net.NioEndpoint$SocketProcessor.doRun(NioEndpoint.java:2089)
		at org.apache.tomcat.util.net.SocketProcessorBase.run(SocketProcessorBase.java:74)
		at org.apache.tomcat.util.threads.ThreadPoolExecutor.runWorker(ThreadPoolExecutor.java:973)
		at org.apache.tomcat.util.threads.ThreadPoolExecutor$Worker.run(ThreadPoolExecutor.java:491)
		at org.apache.tomcat.util.threads.TaskThread$WrappingRunnable.run(TaskThread.java:63)
		at java.base/java.lang.Thread.run(Thread.java:840)
16-Jul-2026 17:20:04.478 INFO [http-nio-8081-exec-7] org.apache.catalina.core.ApplicationContext.log Initializing Spring FrameworkServlet 'dispatcher'
16-Jul-2026 17:20:04.859 SEVERE [http-nio-8081-exec-7] org.apache.catalina.core.ApplicationContext.log Servlet.init() for servlet [dispatcher] threw exception
	java.lang.NoClassDefFoundError: org/codehaus/jackson/JsonProcessingException
		at java.base/java.lang.Class.getDeclaredConstructors0(Native Method)
		at java.base/java.lang.Class.privateGetDeclaredConstructors(Class.java:3375)
		at java.base/java.lang.Class.getDeclaredConstructors(Class.java:2557)
		at org.springframework.beans.factory.annotation.AutowiredAnnotationBeanPostProcessor.determineCandidateConstructors(AutowiredAnnotationBeanPostProcessor.java:234)
		at org.springframework.beans.factory.support.AbstractAutowireCapableBeanFactory.determineConstructorsFromBeanPostProcessors(AbstractAutowireCapableBeanFactory.java:1040)
		at org.springframework.beans.factory.support.AbstractAutowireCapableBeanFactory.createBeanInstance(AbstractAutowireCapableBeanFactory.java:1013)
		at org.springframework.beans.factory.support.AbstractAutowireCapableBeanFactory.doCreateBean(AbstractAutowireCapableBeanFactory.java:504)
		at org.springframework.beans.factory.support.AbstractAutowireCapableBeanFactory.createBean(AbstractAutowireCapableBeanFactory.java:475)
		at org.springframework.beans.factory.support.AbstractBeanFactory$1.getObject(AbstractBeanFactory.java:304)
		at org.springframework.beans.factory.support.DefaultSingletonBeanRegistry.getSingleton(DefaultSingletonBeanRegistry.java:228)
		at org.springframework.beans.factory.support.AbstractBeanFactory.doGetBean(AbstractBeanFactory.java:300)
		at org.springframework.beans.factory.support.AbstractBeanFactory.getBean(AbstractBeanFactory.java:195)
		at org.springframework.beans.factory.support.DefaultListableBeanFactory.preInstantiateSingletons(DefaultListableBeanFactory.java:700)
		at org.springframework.context.support.AbstractApplicationContext.finishBeanFactoryInitialization(AbstractApplicationContext.java:760)
		at org.springframework.context.support.AbstractApplicationContext.refresh(AbstractApplicationContext.java:482)
		at org.springframework.web.servlet.FrameworkServlet.configureAndRefreshWebApplicationContext(FrameworkServlet.java:658)
		at org.springframework.web.servlet.FrameworkServlet.createWebApplicationContext(FrameworkServlet.java:624)
		at org.springframework.web.servlet.FrameworkServlet.createWebApplicationContext(FrameworkServlet.java:672)
		at org.springframework.web.servlet.FrameworkServlet.initWebApplicationContext(FrameworkServlet.java:543)
		at org.springframework.web.servlet.FrameworkServlet.initServletBean(FrameworkServlet.java:484)
		at org.springframework.web.servlet.HttpServletBean.init(HttpServletBean.java:136)
		at javax.servlet.GenericServlet.init(GenericServlet.java:143)
		at org.apache.catalina.core.StandardWrapper.initServlet(StandardWrapper.java:997)
		at org.apache.catalina.core.StandardWrapper.loadServlet(StandardWrapper.java:954)
		at org.apache.catalina.core.StandardWrapper.allocate(StandardWrapper.java:672)
		at org.apache.catalina.core.StandardWrapperValve.invoke(StandardWrapperValve.java:114)
		at org.apache.catalina.core.StandardContextValve.invoke(StandardContextValve.java:88)
		at org.apache.catalina.authenticator.AuthenticatorBase.invoke(AuthenticatorBase.java:534)
		at org.apache.catalina.core.StandardHostValve.invoke(StandardHostValve.java:129)
		at org.apache.catalina.valves.ErrorReportValve.invoke(ErrorReportValve.java:86)
		at org.apache.catalina.valves.AbstractAccessLogValve.invoke(AbstractAccessLogValve.java:764)
		at org.apache.catalina.core.StandardEngineValve.invoke(StandardEngineValve.java:71)
		at org.apache.catalina.connector.CoyoteAdapter.service(CoyoteAdapter.java:350)
		at org.apache.coyote.http11.Http11Processor.service(Http11Processor.java:407)
		at org.apache.coyote.AbstractProcessorLight.process(AbstractProcessorLight.java:71)
		at org.apache.coyote.AbstractProtocol$ConnectionHandler.process(AbstractProtocol.java:1344)
		at org.apache.tomcat.util.net.NioEndpoint$SocketProcessor.doRun(NioEndpoint.java:2089)
		at org.apache.tomcat.util.net.SocketProcessorBase.run(SocketProcessorBase.java:74)
		at org.apache.tomcat.util.threads.ThreadPoolExecutor.runWorker(ThreadPoolExecutor.java:973)
		at org.apache.tomcat.util.threads.ThreadPoolExecutor$Worker.run(ThreadPoolExecutor.java:491)
		at org.apache.tomcat.util.threads.TaskThread$WrappingRunnable.run(TaskThread.java:63)
		at java.base/java.lang.Thread.run(Thread.java:840)
	Caused by: java.lang.ClassNotFoundException: org.codehaus.jackson.JsonProcessingException
		at org.apache.catalina.loader.WebappClassLoaderBase.loadClass(WebappClassLoaderBase.java:1441)
		at org.apache.catalina.loader.WebappClassLoaderBase.loadClass(WebappClassLoaderBase.java:1250)
		... 42 more
16-Jul-2026 17:20:04.861 SEVERE [http-nio-8081-exec-7] org.apache.catalina.core.StandardWrapperValve.invoke Allocate exception for servlet [dispatcher]
	java.lang.ClassNotFoundException: org.codehaus.jackson.JsonProcessingException
		at org.apache.catalina.loader.WebappClassLoaderBase.loadClass(WebappClassLoaderBase.java:1441)
		at org.apache.catalina.loader.WebappClassLoaderBase.loadClass(WebappClassLoaderBase.java:1250)
		at java.base/java.lang.Class.getDeclaredConstructors0(Native Method)
		at java.base/java.lang.Class.privateGetDeclaredConstructors(Class.java:3375)
		at java.base/java.lang.Class.getDeclaredConstructors(Class.java:2557)
		at org.springframework.beans.factory.annotation.AutowiredAnnotationBeanPostProcessor.determineCandidateConstructors(AutowiredAnnotationBeanPostProcessor.java:234)
		at org.springframework.beans.factory.support.AbstractAutowireCapableBeanFactory.determineConstructorsFromBeanPostProcessors(AbstractAutowireCapableBeanFactory.java:1040)
		at org.springframework.beans.factory.support.AbstractAutowireCapableBeanFactory.createBeanInstance(AbstractAutowireCapableBeanFactory.java:1013)
		at org.springframework.beans.factory.support.AbstractAutowireCapableBeanFactory.doCreateBean(AbstractAutowireCapableBeanFactory.java:504)
		at org.springframework.beans.factory.support.AbstractAutowireCapableBeanFactory.createBean(AbstractAutowireCapableBeanFactory.java:475)
		at org.springframework.beans.factory.support.AbstractBeanFactory$1.getObject(AbstractBeanFactory.java:304)
		at org.springframework.beans.factory.support.DefaultSingletonBeanRegistry.getSingleton(DefaultSingletonBeanRegistry.java:228)
		at org.springframework.beans.factory.support.AbstractBeanFactory.doGetBean(AbstractBeanFactory.java:300)
		at org.springframework.beans.factory.support.AbstractBeanFactory.getBean(AbstractBeanFactory.java:195)
		at org.springframework.beans.factory.support.DefaultListableBeanFactory.preInstantiateSingletons(DefaultListableBeanFactory.java:700)
		at org.springframework.context.support.AbstractApplicationContext.finishBeanFactoryInitialization(AbstractApplicationContext.java:760)
		at org.springframework.context.support.AbstractApplicationContext.refresh(AbstractApplicationContext.java:482)
		at org.springframework.web.servlet.FrameworkServlet.configureAndRefreshWebApplicationContext(FrameworkServlet.java:658)
		at org.springframework.web.servlet.FrameworkServlet.createWebApplicationContext(FrameworkServlet.java:624)
		at org.springframework.web.servlet.FrameworkServlet.createWebApplicationContext(FrameworkServlet.java:672)
		at org.springframework.web.servlet.FrameworkServlet.initWebApplicationContext(FrameworkServlet.java:543)
		at org.springframework.web.servlet.FrameworkServlet.initServletBean(FrameworkServlet.java:484)
		at org.springframework.web.servlet.HttpServletBean.init(HttpServletBean.java:136)
		at javax.servlet.GenericServlet.init(GenericServlet.java:143)
		at org.apache.catalina.core.StandardWrapper.initServlet(StandardWrapper.java:997)
		at org.apache.catalina.core.StandardWrapper.loadServlet(StandardWrapper.java:954)
		at org.apache.catalina.core.StandardWrapper.allocate(StandardWrapper.java:672)
		at org.apache.catalina.core.StandardWrapperValve.invoke(StandardWrapperValve.java:114)
		at org.apache.catalina.core.StandardContextValve.invoke(StandardContextValve.java:88)
		at org.apache.catalina.authenticator.AuthenticatorBase.invoke(AuthenticatorBase.java:534)
		at org.apache.catalina.core.StandardHostValve.invoke(StandardHostValve.java:129)
		at org.apache.catalina.valves.ErrorReportValve.invoke(ErrorReportValve.java:86)
		at org.apache.catalina.valves.AbstractAccessLogValve.invoke(AbstractAccessLogValve.java:764)
		at org.apache.catalina.core.StandardEngineValve.invoke(StandardEngineValve.java:71)
		at org.apache.catalina.connector.CoyoteAdapter.service(CoyoteAdapter.java:350)
		at org.apache.coyote.http11.Http11Processor.service(Http11Processor.java:407)
		at org.apache.coyote.AbstractProcessorLight.process(AbstractProcessorLight.java:71)
		at org.apache.coyote.AbstractProtocol$ConnectionHandler.process(AbstractProtocol.java:1344)
		at org.apache.tomcat.util.net.NioEndpoint$SocketProcessor.doRun(NioEndpoint.java:2089)
		at org.apache.tomcat.util.net.SocketProcessorBase.run(SocketProcessorBase.java:74)
		at org.apache.tomcat.util.threads.ThreadPoolExecutor.runWorker(ThreadPoolExecutor.java:973)
		at org.apache.tomcat.util.threads.ThreadPoolExecutor$Worker.run(ThreadPoolExecutor.java:491)
		at org.apache.tomcat.util.threads.TaskThread$WrappingRunnable.run(TaskThread.java:63)
		at java.base/java.lang.Thread.run(Thread.java:840)
16-Jul-2026 17:21:54.779 INFO [http-nio-8081-exec-1] org.apache.catalina.core.ApplicationContext.log Initializing Spring FrameworkServlet 'dispatcher'
16-Jul-2026 17:21:55.264 SEVERE [http-nio-8081-exec-1] org.apache.catalina.core.ApplicationContext.log Servlet.init() for servlet [dispatcher] threw exception
	java.lang.NoClassDefFoundError: org/codehaus/jackson/JsonProcessingException
		at java.base/java.lang.Class.getDeclaredConstructors0(Native Method)
		at java.base/java.lang.Class.privateGetDeclaredConstructors(Class.java:3375)
		at java.base/java.lang.Class.getDeclaredConstructors(Class.java:2557)
		at org.springframework.beans.factory.annotation.AutowiredAnnotationBeanPostProcessor.determineCandidateConstructors(AutowiredAnnotationBeanPostProcessor.java:234)
		at org.springframework.beans.factory.support.AbstractAutowireCapableBeanFactory.determineConstructorsFromBeanPostProcessors(AbstractAutowireCapableBeanFactory.java:1040)
		at org.springframework.beans.factory.support.AbstractAutowireCapableBeanFactory.createBeanInstance(AbstractAutowireCapableBeanFactory.java:1013)
		at org.springframework.beans.factory.support.AbstractAutowireCapableBeanFactory.doCreateBean(AbstractAutowireCapableBeanFactory.java:504)
		at org.springframework.beans.factory.support.AbstractAutowireCapableBeanFactory.createBean(AbstractAutowireCapableBeanFactory.java:475)
		at org.springframework.beans.factory.support.AbstractBeanFactory$1.getObject(AbstractBeanFactory.java:304)
		at org.springframework.beans.factory.support.DefaultSingletonBeanRegistry.getSingleton(DefaultSingletonBeanRegistry.java:228)
		at org.springframework.beans.factory.support.AbstractBeanFactory.doGetBean(AbstractBeanFactory.java:300)
		at org.springframework.beans.factory.support.AbstractBeanFactory.getBean(AbstractBeanFactory.java:195)
		at org.springframework.beans.factory.support.DefaultListableBeanFactory.preInstantiateSingletons(DefaultListableBeanFactory.java:700)
		at org.springframework.context.support.AbstractApplicationContext.finishBeanFactoryInitialization(AbstractApplicationContext.java:760)
		at org.springframework.context.support.AbstractApplicationContext.refresh(AbstractApplicationContext.java:482)
		at org.springframework.web.servlet.FrameworkServlet.configureAndRefreshWebApplicationContext(FrameworkServlet.java:658)
		at org.springframework.web.servlet.FrameworkServlet.createWebApplicationContext(FrameworkServlet.java:624)
		at org.springframework.web.servlet.FrameworkServlet.createWebApplicationContext(FrameworkServlet.java:672)
		at org.springframework.web.servlet.FrameworkServlet.initWebApplicationContext(FrameworkServlet.java:543)
		at org.springframework.web.servlet.FrameworkServlet.initServletBean(FrameworkServlet.java:484)
		at org.springframework.web.servlet.HttpServletBean.init(HttpServletBean.java:136)
		at javax.servlet.GenericServlet.init(GenericServlet.java:143)
		at org.apache.catalina.core.StandardWrapper.initServlet(StandardWrapper.java:997)
		at org.apache.catalina.core.StandardWrapper.loadServlet(StandardWrapper.java:954)
		at org.apache.catalina.core.StandardWrapper.allocate(StandardWrapper.java:672)
		at org.apache.catalina.core.StandardWrapperValve.invoke(StandardWrapperValve.java:114)
		at org.apache.catalina.core.StandardContextValve.invoke(StandardContextValve.java:88)
		at org.apache.catalina.authenticator.AuthenticatorBase.invoke(AuthenticatorBase.java:534)
		at org.apache.catalina.core.StandardHostValve.invoke(StandardHostValve.java:129)
		at org.apache.catalina.valves.ErrorReportValve.invoke(ErrorReportValve.java:86)
		at org.apache.catalina.valves.AbstractAccessLogValve.invoke(AbstractAccessLogValve.java:764)
		at org.apache.catalina.core.StandardEngineValve.invoke(StandardEngineValve.java:71)
		at org.apache.catalina.connector.CoyoteAdapter.service(CoyoteAdapter.java:350)
		at org.apache.coyote.http11.Http11Processor.service(Http11Processor.java:407)
		at org.apache.coyote.AbstractProcessorLight.process(AbstractProcessorLight.java:71)
		at org.apache.coyote.AbstractProtocol$ConnectionHandler.process(AbstractProtocol.java:1344)
		at org.apache.tomcat.util.net.NioEndpoint$SocketProcessor.doRun(NioEndpoint.java:2089)
		at org.apache.tomcat.util.net.SocketProcessorBase.run(SocketProcessorBase.java:74)
		at org.apache.tomcat.util.threads.ThreadPoolExecutor.runWorker(ThreadPoolExecutor.java:973)
		at org.apache.tomcat.util.threads.ThreadPoolExecutor$Worker.run(ThreadPoolExecutor.java:491)
		at org.apache.tomcat.util.threads.TaskThread$WrappingRunnable.run(TaskThread.java:63)
		at java.base/java.lang.Thread.run(Thread.java:840)
	Caused by: java.lang.ClassNotFoundException: org.codehaus.jackson.JsonProcessingException
		at org.apache.catalina.loader.WebappClassLoaderBase.loadClass(WebappClassLoaderBase.java:1441)
		at org.apache.catalina.loader.WebappClassLoaderBase.loadClass(WebappClassLoaderBase.java:1250)
		... 42 more
16-Jul-2026 17:21:55.264 SEVERE [http-nio-8081-exec-1] org.apache.catalina.core.StandardWrapperValve.invoke Allocate exception for servlet [dispatcher]
	java.lang.ClassNotFoundException: org.codehaus.jackson.JsonProcessingException
		at org.apache.catalina.loader.WebappClassLoaderBase.loadClass(WebappClassLoaderBase.java:1441)
		at org.apache.catalina.loader.WebappClassLoaderBase.loadClass(WebappClassLoaderBase.java:1250)
		at java.base/java.lang.Class.getDeclaredConstructors0(Native Method)
		at java.base/java.lang.Class.privateGetDeclaredConstructors(Class.java:3375)
		at java.base/java.lang.Class.getDeclaredConstructors(Class.java:2557)
		at org.springframework.beans.factory.annotation.AutowiredAnnotationBeanPostProcessor.determineCandidateConstructors(AutowiredAnnotationBeanPostProcessor.java:234)
		at org.springframework.beans.factory.support.AbstractAutowireCapableBeanFactory.determineConstructorsFromBeanPostProcessors(AbstractAutowireCapableBeanFactory.java:1040)
		at org.springframework.beans.factory.support.AbstractAutowireCapableBeanFactory.createBeanInstance(AbstractAutowireCapableBeanFactory.java:1013)
		at org.springframework.beans.factory.support.AbstractAutowireCapableBeanFactory.doCreateBean(AbstractAutowireCapableBeanFactory.java:504)
		at org.springframework.beans.factory.support.AbstractAutowireCapableBeanFactory.createBean(AbstractAutowireCapableBeanFactory.java:475)
		at org.springframework.beans.factory.support.AbstractBeanFactory$1.getObject(AbstractBeanFactory.java:304)
		at org.springframework.beans.factory.support.DefaultSingletonBeanRegistry.getSingleton(DefaultSingletonBeanRegistry.java:228)
		at org.springframework.beans.factory.support.AbstractBeanFactory.doGetBean(AbstractBeanFactory.java:300)
		at org.springframework.beans.factory.support.AbstractBeanFactory.getBean(AbstractBeanFactory.java:195)
		at org.springframework.beans.factory.support.DefaultListableBeanFactory.preInstantiateSingletons(DefaultListableBeanFactory.java:700)
		at org.springframework.context.support.AbstractApplicationContext.finishBeanFactoryInitialization(AbstractApplicationContext.java:760)
		at org.springframework.context.support.AbstractApplicationContext.refresh(AbstractApplicationContext.java:482)
		at org.springframework.web.servlet.FrameworkServlet.configureAndRefreshWebApplicationContext(FrameworkServlet.java:658)
		at org.springframework.web.servlet.FrameworkServlet.createWebApplicationContext(FrameworkServlet.java:624)
		at org.springframework.web.servlet.FrameworkServlet.createWebApplicationContext(FrameworkServlet.java:672)
		at org.springframework.web.servlet.FrameworkServlet.initWebApplicationContext(FrameworkServlet.java:543)
		at org.springframework.web.servlet.FrameworkServlet.initServletBean(FrameworkServlet.java:484)
		at org.springframework.web.servlet.HttpServletBean.init(HttpServletBean.java:136)
		at javax.servlet.GenericServlet.init(GenericServlet.java:143)
		at org.apache.catalina.core.StandardWrapper.initServlet(StandardWrapper.java:997)
		at org.apache.catalina.core.StandardWrapper.loadServlet(StandardWrapper.java:954)
		at org.apache.catalina.core.StandardWrapper.allocate(StandardWrapper.java:672)
		at org.apache.catalina.core.StandardWrapperValve.invoke(StandardWrapperValve.java:114)
		at org.apache.catalina.core.StandardContextValve.invoke(StandardContextValve.java:88)
		at org.apache.catalina.authenticator.AuthenticatorBase.invoke(AuthenticatorBase.java:534)
		at org.apache.catalina.core.StandardHostValve.invoke(StandardHostValve.java:129)
		at org.apache.catalina.valves.ErrorReportValve.invoke(ErrorReportValve.java:86)
		at org.apache.catalina.valves.AbstractAccessLogValve.invoke(AbstractAccessLogValve.java:764)
		at org.apache.catalina.core.StandardEngineValve.invoke(StandardEngineValve.java:71)
		at org.apache.catalina.connector.CoyoteAdapter.service(CoyoteAdapter.java:350)
		at org.apache.coyote.http11.Http11Processor.service(Http11Processor.java:407)
		at org.apache.coyote.AbstractProcessorLight.process(AbstractProcessorLight.java:71)
		at org.apache.coyote.AbstractProtocol$ConnectionHandler.process(AbstractProtocol.java:1344)
		at org.apache.tomcat.util.net.NioEndpoint$SocketProcessor.doRun(NioEndpoint.java:2089)
		at org.apache.tomcat.util.net.SocketProcessorBase.run(SocketProcessorBase.java:74)
		at org.apache.tomcat.util.threads.ThreadPoolExecutor.runWorker(ThreadPoolExecutor.java:973)
		at org.apache.tomcat.util.threads.ThreadPoolExecutor$Worker.run(ThreadPoolExecutor.java:491)
		at org.apache.tomcat.util.threads.TaskThread$WrappingRunnable.run(TaskThread.java:63)
		at java.base/java.lang.Thread.run(Thread.java:840)
16-Jul-2026 17:22:00.876 INFO [http-nio-8081-exec-2] org.apache.catalina.core.ApplicationContext.log Initializing Spring FrameworkServlet 'dispatcher'
16-Jul-2026 17:22:01.208 SEVERE [http-nio-8081-exec-2] org.apache.catalina.core.ApplicationContext.log Servlet.init() for servlet [dispatcher] threw exception
	java.lang.NoClassDefFoundError: org/codehaus/jackson/JsonProcessingException
		at java.base/java.lang.Class.getDeclaredConstructors0(Native Method)
		at java.base/java.lang.Class.privateGetDeclaredConstructors(Class.java:3375)
		at java.base/java.lang.Class.getDeclaredConstructors(Class.java:2557)
		at org.springframework.beans.factory.annotation.AutowiredAnnotationBeanPostProcessor.determineCandidateConstructors(AutowiredAnnotationBeanPostProcessor.java:234)
		at org.springframework.beans.factory.support.AbstractAutowireCapableBeanFactory.determineConstructorsFromBeanPostProcessors(AbstractAutowireCapableBeanFactory.java:1040)
		at org.springframework.beans.factory.support.AbstractAutowireCapableBeanFactory.createBeanInstance(AbstractAutowireCapableBeanFactory.java:1013)
		at org.springframework.beans.factory.support.AbstractAutowireCapableBeanFactory.doCreateBean(AbstractAutowireCapableBeanFactory.java:504)
		at org.springframework.beans.factory.support.AbstractAutowireCapableBeanFactory.createBean(AbstractAutowireCapableBeanFactory.java:475)
		at org.springframework.beans.factory.support.AbstractBeanFactory$1.getObject(AbstractBeanFactory.java:304)
		at org.springframework.beans.factory.support.DefaultSingletonBeanRegistry.getSingleton(DefaultSingletonBeanRegistry.java:228)
		at org.springframework.beans.factory.support.AbstractBeanFactory.doGetBean(AbstractBeanFactory.java:300)
		at org.springframework.beans.factory.support.AbstractBeanFactory.getBean(AbstractBeanFactory.java:195)
		at org.springframework.beans.factory.support.DefaultListableBeanFactory.preInstantiateSingletons(DefaultListableBeanFactory.java:700)
		at org.springframework.context.support.AbstractApplicationContext.finishBeanFactoryInitialization(AbstractApplicationContext.java:760)
		at org.springframework.context.support.AbstractApplicationContext.refresh(AbstractApplicationContext.java:482)
		at org.springframework.web.servlet.FrameworkServlet.configureAndRefreshWebApplicationContext(FrameworkServlet.java:658)
		at org.springframework.web.servlet.FrameworkServlet.createWebApplicationContext(FrameworkServlet.java:624)
		at org.springframework.web.servlet.FrameworkServlet.createWebApplicationContext(FrameworkServlet.java:672)
		at org.springframework.web.servlet.FrameworkServlet.initWebApplicationContext(FrameworkServlet.java:543)
		at org.springframework.web.servlet.FrameworkServlet.initServletBean(FrameworkServlet.java:484)
		at org.springframework.web.servlet.HttpServletBean.init(HttpServletBean.java:136)
		at javax.servlet.GenericServlet.init(GenericServlet.java:143)
		at org.apache.catalina.core.StandardWrapper.initServlet(StandardWrapper.java:997)
		at org.apache.catalina.core.StandardWrapper.loadServlet(StandardWrapper.java:954)
		at org.apache.catalina.core.StandardWrapper.allocate(StandardWrapper.java:672)
		at org.apache.catalina.core.StandardWrapperValve.invoke(StandardWrapperValve.java:114)
		at org.apache.catalina.core.StandardContextValve.invoke(StandardContextValve.java:88)
		at org.apache.catalina.authenticator.AuthenticatorBase.invoke(AuthenticatorBase.java:534)
		at org.apache.catalina.core.StandardHostValve.invoke(StandardHostValve.java:129)
		at org.apache.catalina.valves.ErrorReportValve.invoke(ErrorReportValve.java:86)
		at org.apache.catalina.valves.AbstractAccessLogValve.invoke(AbstractAccessLogValve.java:764)
		at org.apache.catalina.core.StandardEngineValve.invoke(StandardEngineValve.java:71)
		at org.apache.catalina.connector.CoyoteAdapter.service(CoyoteAdapter.java:350)
		at org.apache.coyote.http11.Http11Processor.service(Http11Processor.java:407)
		at org.apache.coyote.AbstractProcessorLight.process(AbstractProcessorLight.java:71)
		at org.apache.coyote.AbstractProtocol$ConnectionHandler.process(AbstractProtocol.java:1344)
		at org.apache.tomcat.util.net.NioEndpoint$SocketProcessor.doRun(NioEndpoint.java:2089)
		at org.apache.tomcat.util.net.SocketProcessorBase.run(SocketProcessorBase.java:74)
		at org.apache.tomcat.util.threads.ThreadPoolExecutor.runWorker(ThreadPoolExecutor.java:973)
		at org.apache.tomcat.util.threads.ThreadPoolExecutor$Worker.run(ThreadPoolExecutor.java:491)
		at org.apache.tomcat.util.threads.TaskThread$WrappingRunnable.run(TaskThread.java:63)
		at java.base/java.lang.Thread.run(Thread.java:840)
	Caused by: java.lang.ClassNotFoundException: org.codehaus.jackson.JsonProcessingException
		at org.apache.catalina.loader.WebappClassLoaderBase.loadClass(WebappClassLoaderBase.java:1441)
		at org.apache.catalina.loader.WebappClassLoaderBase.loadClass(WebappClassLoaderBase.java:1250)
		... 42 more
16-Jul-2026 17:22:01.208 SEVERE [http-nio-8081-exec-2] org.apache.catalina.core.StandardWrapperValve.invoke Allocate exception for servlet [dispatcher]
	java.lang.ClassNotFoundException: org.codehaus.jackson.JsonProcessingException
		at org.apache.catalina.loader.WebappClassLoaderBase.loadClass(WebappClassLoaderBase.java:1441)
		at org.apache.catalina.loader.WebappClassLoaderBase.loadClass(WebappClassLoaderBase.java:1250)
		at java.base/java.lang.Class.getDeclaredConstructors0(Native Method)
		at java.base/java.lang.Class.privateGetDeclaredConstructors(Class.java:3375)
		at java.base/java.lang.Class.getDeclaredConstructors(Class.java:2557)
		at org.springframework.beans.factory.annotation.AutowiredAnnotationBeanPostProcessor.determineCandidateConstructors(AutowiredAnnotationBeanPostProcessor.java:234)
		at org.springframework.beans.factory.support.AbstractAutowireCapableBeanFactory.determineConstructorsFromBeanPostProcessors(AbstractAutowireCapableBeanFactory.java:1040)
		at org.springframework.beans.factory.support.AbstractAutowireCapableBeanFactory.createBeanInstance(AbstractAutowireCapableBeanFactory.java:1013)
		at org.springframework.beans.factory.support.AbstractAutowireCapableBeanFactory.doCreateBean(AbstractAutowireCapableBeanFactory.java:504)
		at org.springframework.beans.factory.support.AbstractAutowireCapableBeanFactory.createBean(AbstractAutowireCapableBeanFactory.java:475)
		at org.springframework.beans.factory.support.AbstractBeanFactory$1.getObject(AbstractBeanFactory.java:304)
		at org.springframework.beans.factory.support.DefaultSingletonBeanRegistry.getSingleton(DefaultSingletonBeanRegistry.java:228)
		at org.springframework.beans.factory.support.AbstractBeanFactory.doGetBean(AbstractBeanFactory.java:300)
		at org.springframework.beans.factory.support.AbstractBeanFactory.getBean(AbstractBeanFactory.java:195)
		at org.springframework.beans.factory.support.DefaultListableBeanFactory.preInstantiateSingletons(DefaultListableBeanFactory.java:700)
		at org.springframework.context.support.AbstractApplicationContext.finishBeanFactoryInitialization(AbstractApplicationContext.java:760)
		at org.springframework.context.support.AbstractApplicationContext.refresh(AbstractApplicationContext.java:482)
		at org.springframework.web.servlet.FrameworkServlet.configureAndRefreshWebApplicationContext(FrameworkServlet.java:658)
		at org.springframework.web.servlet.FrameworkServlet.createWebApplicationContext(FrameworkServlet.java:624)
		at org.springframework.web.servlet.FrameworkServlet.createWebApplicationContext(FrameworkServlet.java:672)
		at org.springframework.web.servlet.FrameworkServlet.initWebApplicationContext(FrameworkServlet.java:543)
		at org.springframework.web.servlet.FrameworkServlet.initServletBean(FrameworkServlet.java:484)
		at org.springframework.web.servlet.HttpServletBean.init(HttpServletBean.java:136)
		at javax.servlet.GenericServlet.init(GenericServlet.java:143)
		at org.apache.catalina.core.StandardWrapper.initServlet(StandardWrapper.java:997)
		at org.apache.catalina.core.StandardWrapper.loadServlet(StandardWrapper.java:954)
		at org.apache.catalina.core.StandardWrapper.allocate(StandardWrapper.java:672)
		at org.apache.catalina.core.StandardWrapperValve.invoke(StandardWrapperValve.java:114)
		at org.apache.catalina.core.StandardContextValve.invoke(StandardContextValve.java:88)
		at org.apache.catalina.authenticator.AuthenticatorBase.invoke(AuthenticatorBase.java:534)
		at org.apache.catalina.core.StandardHostValve.invoke(StandardHostValve.java:129)
		at org.apache.catalina.valves.ErrorReportValve.invoke(ErrorReportValve.java:86)
		at org.apache.catalina.valves.AbstractAccessLogValve.invoke(AbstractAccessLogValve.java:764)
		at org.apache.catalina.core.StandardEngineValve.invoke(StandardEngineValve.java:71)
		at org.apache.catalina.connector.CoyoteAdapter.service(CoyoteAdapter.java:350)
		at org.apache.coyote.http11.Http11Processor.service(Http11Processor.java:407)
		at org.apache.coyote.AbstractProcessorLight.process(AbstractProcessorLight.java:71)
		at org.apache.coyote.AbstractProtocol$ConnectionHandler.process(AbstractProtocol.java:1344)
		at org.apache.tomcat.util.net.NioEndpoint$SocketProcessor.doRun(NioEndpoint.java:2089)
		at org.apache.tomcat.util.net.SocketProcessorBase.run(SocketProcessorBase.java:74)
		at org.apache.tomcat.util.threads.ThreadPoolExecutor.runWorker(ThreadPoolExecutor.java:973)
		at org.apache.tomcat.util.threads.ThreadPoolExecutor$Worker.run(ThreadPoolExecutor.java:491)
		at org.apache.tomcat.util.threads.TaskThread$WrappingRunnable.run(TaskThread.java:63)
		at java.base/java.lang.Thread.run(Thread.java:840)
16-Jul-2026 17:22:44.751 INFO [main] org.apache.catalina.core.ApplicationContext.log No Spring WebApplicationInitializer types detected on classpath
16-Jul-2026 17:22:44.876 INFO [main] org.apache.catalina.core.ApplicationContext.log Initializing Spring root WebApplicationContext
16-Jul-2026 17:22:57.500 INFO [main] org.apache.catalina.core.ApplicationContext.log Initializing Spring FrameworkServlet 'dispatcher'
16-Jul-2026 17:23:01.454 SEVERE [main] org.apache.catalina.core.StandardContext.listenerStart Error configuring application listener of class [listeners.ContextListener]
	java.lang.ClassNotFoundException: listeners.ContextListener
		at org.apache.catalina.loader.WebappClassLoaderBase.loadClass(WebappClassLoaderBase.java:1441)
		at org.apache.catalina.loader.WebappClassLoaderBase.loadClass(WebappClassLoaderBase.java:1250)
		at org.apache.catalina.core.DefaultInstanceManager.loadClass(DefaultInstanceManager.java:535)
		at org.apache.catalina.core.DefaultInstanceManager.loadClassMaybePrivileged(DefaultInstanceManager.java:509)
		at org.apache.catalina.core.DefaultInstanceManager.newInstance(DefaultInstanceManager.java:177)
		at org.apache.catalina.core.StandardContext.listenerStart(StandardContext.java:4131)
		at org.apache.catalina.core.StandardContext.startInternal(StandardContext.java:4646)
		at org.apache.catalina.util.LifecycleBase.start(LifecycleBase.java:170)
		at org.apache.catalina.core.ContainerBase.addChildInternal(ContainerBase.java:616)
		at org.apache.catalina.core.ContainerBase.addChild(ContainerBase.java:588)
		at org.apache.catalina.core.StandardHost.addChild(StandardHost.java:622)
		at org.apache.catalina.startup.HostConfig.deployDirectory(HostConfig.java:1180)
		at org.apache.catalina.startup.HostConfig$DeployDirectory.run(HostConfig.java:1904)
		at java.base/java.util.concurrent.Executors$RunnableAdapter.call(Executors.java:539)
		at java.base/java.util.concurrent.FutureTask.run(FutureTask.java:264)
		at org.apache.tomcat.util.threads.InlineExecutorService.execute(InlineExecutorService.java:82)
		at java.base/java.util.concurrent.AbstractExecutorService.submit(AbstractExecutorService.java:123)
		at org.apache.catalina.startup.HostConfig.deployDirectories(HostConfig.java:1084)
		at org.apache.catalina.startup.HostConfig.deployApps(HostConfig.java:499)
		at org.apache.catalina.startup.HostConfig.start(HostConfig.java:1594)
		at org.apache.catalina.startup.HostConfig.lifecycleEvent(HostConfig.java:333)
		at org.apache.catalina.util.LifecycleBase.fireLifecycleEvent(LifecycleBase.java:115)
		at org.apache.catalina.util.LifecycleBase.setStateInternal(LifecycleBase.java:395)
		at org.apache.catalina.util.LifecycleBase.setState(LifecycleBase.java:342)
		at org.apache.catalina.core.ContainerBase.startInternal(ContainerBase.java:792)
		at org.apache.catalina.core.StandardHost.startInternal(StandardHost.java:740)
		at org.apache.catalina.util.LifecycleBase.start(LifecycleBase.java:170)
		at org.apache.catalina.core.ContainerBase$StartChild.call(ContainerBase.java:1243)
		at org.apache.catalina.core.ContainerBase$StartChild.call(ContainerBase.java:1233)
		at java.base/java.util.concurrent.FutureTask.run(FutureTask.java:264)
		at org.apache.tomcat.util.threads.InlineExecutorService.execute(InlineExecutorService.java:82)
		at java.base/java.util.concurrent.AbstractExecutorService.submit(AbstractExecutorService.java:145)
		at org.apache.catalina.core.ContainerBase.startInternal(ContainerBase.java:765)
		at org.apache.catalina.core.StandardEngine.startInternal(StandardEngine.java:209)
		at org.apache.catalina.util.LifecycleBase.start(LifecycleBase.java:170)
		at org.apache.catalina.core.StandardService.startInternal(StandardService.java:433)
		at org.apache.catalina.util.LifecycleBase.start(LifecycleBase.java:170)
		at org.apache.catalina.core.StandardServer.startInternal(StandardServer.java:879)
		at org.apache.catalina.util.LifecycleBase.start(LifecycleBase.java:170)
		at org.apache.catalina.startup.Catalina.start(Catalina.java:861)
		at java.base/jdk.internal.reflect.NativeMethodAccessorImpl.invoke0(Native Method)
		at java.base/jdk.internal.reflect.NativeMethodAccessorImpl.invoke(NativeMethodAccessorImpl.java:77)
		at java.base/jdk.internal.reflect.DelegatingMethodAccessorImpl.invoke(DelegatingMethodAccessorImpl.java:43)
		at java.base/java.lang.reflect.Method.invoke(Method.java:569)
		at org.apache.catalina.startup.Bootstrap.start(Bootstrap.java:348)
		at org.apache.catalina.startup.Bootstrap.main(Bootstrap.java:485)
16-Jul-2026 17:23:01.461 SEVERE [main] org.apache.catalina.core.StandardContext.listenerStart Error configuring application listener of class [async.AsyncStockContextListener]
	java.lang.ClassNotFoundException: async.AsyncStockContextListener
		at org.apache.catalina.loader.WebappClassLoaderBase.loadClass(WebappClassLoaderBase.java:1441)
		at org.apache.catalina.loader.WebappClassLoaderBase.loadClass(WebappClassLoaderBase.java:1250)
		at org.apache.catalina.core.DefaultInstanceManager.loadClass(DefaultInstanceManager.java:535)
		at org.apache.catalina.core.DefaultInstanceManager.loadClassMaybePrivileged(DefaultInstanceManager.java:509)
		at org.apache.catalina.core.DefaultInstanceManager.newInstance(DefaultInstanceManager.java:177)
		at org.apache.catalina.core.StandardContext.listenerStart(StandardContext.java:4131)
		at org.apache.catalina.core.StandardContext.startInternal(StandardContext.java:4646)
		at org.apache.catalina.util.LifecycleBase.start(LifecycleBase.java:170)
		at org.apache.catalina.core.ContainerBase.addChildInternal(ContainerBase.java:616)
		at org.apache.catalina.core.ContainerBase.addChild(ContainerBase.java:588)
		at org.apache.catalina.core.StandardHost.addChild(StandardHost.java:622)
		at org.apache.catalina.startup.HostConfig.deployDirectory(HostConfig.java:1180)
		at org.apache.catalina.startup.HostConfig$DeployDirectory.run(HostConfig.java:1904)
		at java.base/java.util.concurrent.Executors$RunnableAdapter.call(Executors.java:539)
		at java.base/java.util.concurrent.FutureTask.run(FutureTask.java:264)
		at org.apache.tomcat.util.threads.InlineExecutorService.execute(InlineExecutorService.java:82)
		at java.base/java.util.concurrent.AbstractExecutorService.submit(AbstractExecutorService.java:123)
		at org.apache.catalina.startup.HostConfig.deployDirectories(HostConfig.java:1084)
		at org.apache.catalina.startup.HostConfig.deployApps(HostConfig.java:499)
		at org.apache.catalina.startup.HostConfig.start(HostConfig.java:1594)
		at org.apache.catalina.startup.HostConfig.lifecycleEvent(HostConfig.java:333)
		at org.apache.catalina.util.LifecycleBase.fireLifecycleEvent(LifecycleBase.java:115)
		at org.apache.catalina.util.LifecycleBase.setStateInternal(LifecycleBase.java:395)
		at org.apache.catalina.util.LifecycleBase.setState(LifecycleBase.java:342)
		at org.apache.catalina.core.ContainerBase.startInternal(ContainerBase.java:792)
		at org.apache.catalina.core.StandardHost.startInternal(StandardHost.java:740)
		at org.apache.catalina.util.LifecycleBase.start(LifecycleBase.java:170)
		at org.apache.catalina.core.ContainerBase$StartChild.call(ContainerBase.java:1243)
		at org.apache.catalina.core.ContainerBase$StartChild.call(ContainerBase.java:1233)
		at java.base/java.util.concurrent.FutureTask.run(FutureTask.java:264)
		at org.apache.tomcat.util.threads.InlineExecutorService.execute(InlineExecutorService.java:82)
		at java.base/java.util.concurrent.AbstractExecutorService.submit(AbstractExecutorService.java:145)
		at org.apache.catalina.core.ContainerBase.startInternal(ContainerBase.java:765)
		at org.apache.catalina.core.StandardEngine.startInternal(StandardEngine.java:209)
		at org.apache.catalina.util.LifecycleBase.start(LifecycleBase.java:170)
		at org.apache.catalina.core.StandardService.startInternal(StandardService.java:433)
		at org.apache.catalina.util.LifecycleBase.start(LifecycleBase.java:170)
		at org.apache.catalina.core.StandardServer.startInternal(StandardServer.java:879)
		at org.apache.catalina.util.LifecycleBase.start(LifecycleBase.java:170)
		at org.apache.catalina.startup.Catalina.start(Catalina.java:861)
		at java.base/jdk.internal.reflect.NativeMethodAccessorImpl.invoke0(Native Method)
		at java.base/jdk.internal.reflect.NativeMethodAccessorImpl.invoke(NativeMethodAccessorImpl.java:77)
		at java.base/jdk.internal.reflect.DelegatingMethodAccessorImpl.invoke(DelegatingMethodAccessorImpl.java:43)
		at java.base/java.lang.reflect.Method.invoke(Method.java:569)
		at org.apache.catalina.startup.Bootstrap.start(Bootstrap.java:348)
		at org.apache.catalina.startup.Bootstrap.main(Bootstrap.java:485)
16-Jul-2026 17:23:01.464 SEVERE [main] org.apache.catalina.core.StandardContext.listenerStart Error configuring application listener of class [websocket.drawboard.DrawboardContextListener]
	java.lang.ClassNotFoundException: websocket.drawboard.DrawboardContextListener
		at org.apache.catalina.loader.WebappClassLoaderBase.loadClass(WebappClassLoaderBase.java:1441)
		at org.apache.catalina.loader.WebappClassLoaderBase.loadClass(WebappClassLoaderBase.java:1250)
		at org.apache.catalina.core.DefaultInstanceManager.loadClass(DefaultInstanceManager.java:535)
		at org.apache.catalina.core.DefaultInstanceManager.loadClassMaybePrivileged(DefaultInstanceManager.java:509)
		at org.apache.catalina.core.DefaultInstanceManager.newInstance(DefaultInstanceManager.java:177)
		at org.apache.catalina.core.StandardContext.listenerStart(StandardContext.java:4131)
		at org.apache.catalina.core.StandardContext.startInternal(StandardContext.java:4646)
		at org.apache.catalina.util.LifecycleBase.start(LifecycleBase.java:170)
		at org.apache.catalina.core.ContainerBase.addChildInternal(ContainerBase.java:616)
		at org.apache.catalina.core.ContainerBase.addChild(ContainerBase.java:588)
		at org.apache.catalina.core.StandardHost.addChild(StandardHost.java:622)
		at org.apache.catalina.startup.HostConfig.deployDirectory(HostConfig.java:1180)
		at org.apache.catalina.startup.HostConfig$DeployDirectory.run(HostConfig.java:1904)
		at java.base/java.util.concurrent.Executors$RunnableAdapter.call(Executors.java:539)
		at java.base/java.util.concurrent.FutureTask.run(FutureTask.java:264)
		at org.apache.tomcat.util.threads.InlineExecutorService.execute(InlineExecutorService.java:82)
		at java.base/java.util.concurrent.AbstractExecutorService.submit(AbstractExecutorService.java:123)
		at org.apache.catalina.startup.HostConfig.deployDirectories(HostConfig.java:1084)
		at org.apache.catalina.startup.HostConfig.deployApps(HostConfig.java:499)
		at org.apache.catalina.startup.HostConfig.start(HostConfig.java:1594)
		at org.apache.catalina.startup.HostConfig.lifecycleEvent(HostConfig.java:333)
		at org.apache.catalina.util.LifecycleBase.fireLifecycleEvent(LifecycleBase.java:115)
		at org.apache.catalina.util.LifecycleBase.setStateInternal(LifecycleBase.java:395)
		at org.apache.catalina.util.LifecycleBase.setState(LifecycleBase.java:342)
		at org.apache.catalina.core.ContainerBase.startInternal(ContainerBase.java:792)
		at org.apache.catalina.core.StandardHost.startInternal(StandardHost.java:740)
		at org.apache.catalina.util.LifecycleBase.start(LifecycleBase.java:170)
		at org.apache.catalina.core.ContainerBase$StartChild.call(ContainerBase.java:1243)
		at org.apache.catalina.core.ContainerBase$StartChild.call(ContainerBase.java:1233)
		at java.base/java.util.concurrent.FutureTask.run(FutureTask.java:264)
		at org.apache.tomcat.util.threads.InlineExecutorService.execute(InlineExecutorService.java:82)
		at java.base/java.util.concurrent.AbstractExecutorService.submit(AbstractExecutorService.java:145)
		at org.apache.catalina.core.ContainerBase.startInternal(ContainerBase.java:765)
		at org.apache.catalina.core.StandardEngine.startInternal(StandardEngine.java:209)
		at org.apache.catalina.util.LifecycleBase.start(LifecycleBase.java:170)
		at org.apache.catalina.core.StandardService.startInternal(StandardService.java:433)
		at org.apache.catalina.util.LifecycleBase.start(LifecycleBase.java:170)
		at org.apache.catalina.core.StandardServer.startInternal(StandardServer.java:879)
		at org.apache.catalina.util.LifecycleBase.start(LifecycleBase.java:170)
		at org.apache.catalina.startup.Catalina.start(Catalina.java:861)
		at java.base/jdk.internal.reflect.NativeMethodAccessorImpl.invoke0(Native Method)
		at java.base/jdk.internal.reflect.NativeMethodAccessorImpl.invoke(NativeMethodAccessorImpl.java:77)
		at java.base/jdk.internal.reflect.DelegatingMethodAccessorImpl.invoke(DelegatingMethodAccessorImpl.java:43)
		at java.base/java.lang.reflect.Method.invoke(Method.java:569)
		at org.apache.catalina.startup.Bootstrap.start(Bootstrap.java:348)
		at org.apache.catalina.startup.Bootstrap.main(Bootstrap.java:485)
16-Jul-2026 17:23:01.464 SEVERE [main] org.apache.catalina.core.StandardContext.listenerStart Skipped installing application listeners due to previous error(s)
16-Jul-2026 17:41:05.379 INFO [main] org.apache.catalina.core.ApplicationContext.log No Spring WebApplicationInitializer types detected on classpath
16-Jul-2026 17:41:05.516 INFO [main] org.apache.catalina.core.ApplicationContext.log Initializing Spring root WebApplicationContext
16-Jul-2026 17:41:15.816 INFO [main] org.apache.catalina.core.ApplicationContext.log Initializing Spring FrameworkServlet 'dispatcher'
16-Jul-2026 17:41:19.123 SEVERE [main] org.apache.catalina.core.StandardContext.listenerStart Error configuring application listener of class [listeners.ContextListener]
	java.lang.ClassNotFoundException: listeners.ContextListener
		at org.apache.catalina.loader.WebappClassLoaderBase.loadClass(WebappClassLoaderBase.java:1441)
		at org.apache.catalina.loader.WebappClassLoaderBase.loadClass(WebappClassLoaderBase.java:1250)
		at org.apache.catalina.core.DefaultInstanceManager.loadClass(DefaultInstanceManager.java:535)
		at org.apache.catalina.core.DefaultInstanceManager.loadClassMaybePrivileged(DefaultInstanceManager.java:509)
		at org.apache.catalina.core.DefaultInstanceManager.newInstance(DefaultInstanceManager.java:177)
		at org.apache.catalina.core.StandardContext.listenerStart(StandardContext.java:4131)
		at org.apache.catalina.core.StandardContext.startInternal(StandardContext.java:4646)
		at org.apache.catalina.util.LifecycleBase.start(LifecycleBase.java:170)
		at org.apache.catalina.core.ContainerBase.addChildInternal(ContainerBase.java:616)
		at org.apache.catalina.core.ContainerBase.addChild(ContainerBase.java:588)
		at org.apache.catalina.core.StandardHost.addChild(StandardHost.java:622)
		at org.apache.catalina.startup.HostConfig.deployDirectory(HostConfig.java:1180)
		at org.apache.catalina.startup.HostConfig$DeployDirectory.run(HostConfig.java:1904)
		at java.base/java.util.concurrent.Executors$RunnableAdapter.call(Executors.java:539)
		at java.base/java.util.concurrent.FutureTask.run(FutureTask.java:264)
		at org.apache.tomcat.util.threads.InlineExecutorService.execute(InlineExecutorService.java:82)
		at java.base/java.util.concurrent.AbstractExecutorService.submit(AbstractExecutorService.java:123)
		at org.apache.catalina.startup.HostConfig.deployDirectories(HostConfig.java:1084)
		at org.apache.catalina.startup.HostConfig.deployApps(HostConfig.java:499)
		at org.apache.catalina.startup.HostConfig.start(HostConfig.java:1594)
		at org.apache.catalina.startup.HostConfig.lifecycleEvent(HostConfig.java:333)
		at org.apache.catalina.util.LifecycleBase.fireLifecycleEvent(LifecycleBase.java:115)
		at org.apache.catalina.util.LifecycleBase.setStateInternal(LifecycleBase.java:395)
		at org.apache.catalina.util.LifecycleBase.setState(LifecycleBase.java:342)
		at org.apache.catalina.core.ContainerBase.startInternal(ContainerBase.java:792)
		at org.apache.catalina.core.StandardHost.startInternal(StandardHost.java:740)
		at org.apache.catalina.util.LifecycleBase.start(LifecycleBase.java:170)
		at org.apache.catalina.core.ContainerBase$StartChild.call(ContainerBase.java:1243)
		at org.apache.catalina.core.ContainerBase$StartChild.call(ContainerBase.java:1233)
		at java.base/java.util.concurrent.FutureTask.run(FutureTask.java:264)
		at org.apache.tomcat.util.threads.InlineExecutorService.execute(InlineExecutorService.java:82)
		at java.base/java.util.concurrent.AbstractExecutorService.submit(AbstractExecutorService.java:145)
		at org.apache.catalina.core.ContainerBase.startInternal(ContainerBase.java:765)
		at org.apache.catalina.core.StandardEngine.startInternal(StandardEngine.java:209)
		at org.apache.catalina.util.LifecycleBase.start(LifecycleBase.java:170)
		at org.apache.catalina.core.StandardService.startInternal(StandardService.java:433)
		at org.apache.catalina.util.LifecycleBase.start(LifecycleBase.java:170)
		at org.apache.catalina.core.StandardServer.startInternal(StandardServer.java:879)
		at org.apache.catalina.util.LifecycleBase.start(LifecycleBase.java:170)
		at org.apache.catalina.startup.Catalina.start(Catalina.java:861)
		at java.base/jdk.internal.reflect.NativeMethodAccessorImpl.invoke0(Native Method)
		at java.base/jdk.internal.reflect.NativeMethodAccessorImpl.invoke(NativeMethodAccessorImpl.java:77)
		at java.base/jdk.internal.reflect.DelegatingMethodAccessorImpl.invoke(DelegatingMethodAccessorImpl.java:43)
		at java.base/java.lang.reflect.Method.invoke(Method.java:569)
		at org.apache.catalina.startup.Bootstrap.start(Bootstrap.java:348)
		at org.apache.catalina.startup.Bootstrap.main(Bootstrap.java:485)
16-Jul-2026 17:41:19.131 SEVERE [main] org.apache.catalina.core.StandardContext.listenerStart Error configuring application listener of class [async.AsyncStockContextListener]
	java.lang.ClassNotFoundException: async.AsyncStockContextListener
		at org.apache.catalina.loader.WebappClassLoaderBase.loadClass(WebappClassLoaderBase.java:1441)
		at org.apache.catalina.loader.WebappClassLoaderBase.loadClass(WebappClassLoaderBase.java:1250)
		at org.apache.catalina.core.DefaultInstanceManager.loadClass(DefaultInstanceManager.java:535)
		at org.apache.catalina.core.DefaultInstanceManager.loadClassMaybePrivileged(DefaultInstanceManager.java:509)
		at org.apache.catalina.core.DefaultInstanceManager.newInstance(DefaultInstanceManager.java:177)
		at org.apache.catalina.core.StandardContext.listenerStart(StandardContext.java:4131)
		at org.apache.catalina.core.StandardContext.startInternal(StandardContext.java:4646)
		at org.apache.catalina.util.LifecycleBase.start(LifecycleBase.java:170)
		at org.apache.catalina.core.ContainerBase.addChildInternal(ContainerBase.java:616)
		at org.apache.catalina.core.ContainerBase.addChild(ContainerBase.java:588)
		at org.apache.catalina.core.StandardHost.addChild(StandardHost.java:622)
		at org.apache.catalina.startup.HostConfig.deployDirectory(HostConfig.java:1180)
		at org.apache.catalina.startup.HostConfig$DeployDirectory.run(HostConfig.java:1904)
		at java.base/java.util.concurrent.Executors$RunnableAdapter.call(Executors.java:539)
		at java.base/java.util.concurrent.FutureTask.run(FutureTask.java:264)
		at org.apache.tomcat.util.threads.InlineExecutorService.execute(InlineExecutorService.java:82)
		at java.base/java.util.concurrent.AbstractExecutorService.submit(AbstractExecutorService.java:123)
		at org.apache.catalina.startup.HostConfig.deployDirectories(HostConfig.java:1084)
		at org.apache.catalina.startup.HostConfig.deployApps(HostConfig.java:499)
		at org.apache.catalina.startup.HostConfig.start(HostConfig.java:1594)
		at org.apache.catalina.startup.HostConfig.lifecycleEvent(HostConfig.java:333)
		at org.apache.catalina.util.LifecycleBase.fireLifecycleEvent(LifecycleBase.java:115)
		at org.apache.catalina.util.LifecycleBase.setStateInternal(LifecycleBase.java:395)
		at org.apache.catalina.util.LifecycleBase.setState(LifecycleBase.java:342)
		at org.apache.catalina.core.ContainerBase.startInternal(ContainerBase.java:792)
		at org.apache.catalina.core.StandardHost.startInternal(StandardHost.java:740)
		at org.apache.catalina.util.LifecycleBase.start(LifecycleBase.java:170)
		at org.apache.catalina.core.ContainerBase$StartChild.call(ContainerBase.java:1243)
		at org.apache.catalina.core.ContainerBase$StartChild.call(ContainerBase.java:1233)
		at java.base/java.util.concurrent.FutureTask.run(FutureTask.java:264)
		at org.apache.tomcat.util.threads.InlineExecutorService.execute(InlineExecutorService.java:82)
		at java.base/java.util.concurrent.AbstractExecutorService.submit(AbstractExecutorService.java:145)
		at org.apache.catalina.core.ContainerBase.startInternal(ContainerBase.java:765)
		at org.apache.catalina.core.StandardEngine.startInternal(StandardEngine.java:209)
		at org.apache.catalina.util.LifecycleBase.start(LifecycleBase.java:170)
		at org.apache.catalina.core.StandardService.startInternal(StandardService.java:433)
		at org.apache.catalina.util.LifecycleBase.start(LifecycleBase.java:170)
		at org.apache.catalina.core.StandardServer.startInternal(StandardServer.java:879)
		at org.apache.catalina.util.LifecycleBase.start(LifecycleBase.java:170)
		at org.apache.catalina.startup.Catalina.start(Catalina.java:861)
		at java.base/jdk.internal.reflect.NativeMethodAccessorImpl.invoke0(Native Method)
		at java.base/jdk.internal.reflect.NativeMethodAccessorImpl.invoke(NativeMethodAccessorImpl.java:77)
		at java.base/jdk.internal.reflect.DelegatingMethodAccessorImpl.invoke(DelegatingMethodAccessorImpl.java:43)
		at java.base/java.lang.reflect.Method.invoke(Method.java:569)
		at org.apache.catalina.startup.Bootstrap.start(Bootstrap.java:348)
		at org.apache.catalina.startup.Bootstrap.main(Bootstrap.java:485)
16-Jul-2026 17:41:19.134 SEVERE [main] org.apache.catalina.core.StandardContext.listenerStart Error configuring application listener of class [websocket.drawboard.DrawboardContextListener]
	java.lang.ClassNotFoundException: websocket.drawboard.DrawboardContextListener
		at org.apache.catalina.loader.WebappClassLoaderBase.loadClass(WebappClassLoaderBase.java:1441)
		at org.apache.catalina.loader.WebappClassLoaderBase.loadClass(WebappClassLoaderBase.java:1250)
		at org.apache.catalina.core.DefaultInstanceManager.loadClass(DefaultInstanceManager.java:535)
		at org.apache.catalina.core.DefaultInstanceManager.loadClassMaybePrivileged(DefaultInstanceManager.java:509)
		at org.apache.catalina.core.DefaultInstanceManager.newInstance(DefaultInstanceManager.java:177)
		at org.apache.catalina.core.StandardContext.listenerStart(StandardContext.java:4131)
		at org.apache.catalina.core.StandardContext.startInternal(StandardContext.java:4646)
		at org.apache.catalina.util.LifecycleBase.start(LifecycleBase.java:170)
		at org.apache.catalina.core.ContainerBase.addChildInternal(ContainerBase.java:616)
		at org.apache.catalina.core.ContainerBase.addChild(ContainerBase.java:588)
		at org.apache.catalina.core.StandardHost.addChild(StandardHost.java:622)
		at org.apache.catalina.startup.HostConfig.deployDirectory(HostConfig.java:1180)
		at org.apache.catalina.startup.HostConfig$DeployDirectory.run(HostConfig.java:1904)
		at java.base/java.util.concurrent.Executors$RunnableAdapter.call(Executors.java:539)
		at java.base/java.util.concurrent.FutureTask.run(FutureTask.java:264)
		at org.apache.tomcat.util.threads.InlineExecutorService.execute(InlineExecutorService.java:82)
		at java.base/java.util.concurrent.AbstractExecutorService.submit(AbstractExecutorService.java:123)
		at org.apache.catalina.startup.HostConfig.deployDirectories(HostConfig.java:1084)
		at org.apache.catalina.startup.HostConfig.deployApps(HostConfig.java:499)
		at org.apache.catalina.startup.HostConfig.start(HostConfig.java:1594)
		at org.apache.catalina.startup.HostConfig.lifecycleEvent(HostConfig.java:333)
		at org.apache.catalina.util.LifecycleBase.fireLifecycleEvent(LifecycleBase.java:115)
		at org.apache.catalina.util.LifecycleBase.setStateInternal(LifecycleBase.java:395)
		at org.apache.catalina.util.LifecycleBase.setState(LifecycleBase.java:342)
		at org.apache.catalina.core.ContainerBase.startInternal(ContainerBase.java:792)
		at org.apache.catalina.core.StandardHost.startInternal(StandardHost.java:740)
		at org.apache.catalina.util.LifecycleBase.start(LifecycleBase.java:170)
		at org.apache.catalina.core.ContainerBase$StartChild.call(ContainerBase.java:1243)
		at org.apache.catalina.core.ContainerBase$StartChild.call(ContainerBase.java:1233)
		at java.base/java.util.concurrent.FutureTask.run(FutureTask.java:264)
		at org.apache.tomcat.util.threads.InlineExecutorService.execute(InlineExecutorService.java:82)
		at java.base/java.util.concurrent.AbstractExecutorService.submit(AbstractExecutorService.java:145)
		at org.apache.catalina.core.ContainerBase.startInternal(ContainerBase.java:765)
		at org.apache.catalina.core.StandardEngine.startInternal(StandardEngine.java:209)
		at org.apache.catalina.util.LifecycleBase.start(LifecycleBase.java:170)
		at org.apache.catalina.core.StandardService.startInternal(StandardService.java:433)
		at org.apache.catalina.util.LifecycleBase.start(LifecycleBase.java:170)
		at org.apache.catalina.core.StandardServer.startInternal(StandardServer.java:879)
		at org.apache.catalina.util.LifecycleBase.start(LifecycleBase.java:170)
		at org.apache.catalina.startup.Catalina.start(Catalina.java:861)
		at java.base/jdk.internal.reflect.NativeMethodAccessorImpl.invoke0(Native Method)
		at java.base/jdk.internal.reflect.NativeMethodAccessorImpl.invoke(NativeMethodAccessorImpl.java:77)
		at java.base/jdk.internal.reflect.DelegatingMethodAccessorImpl.invoke(DelegatingMethodAccessorImpl.java:43)
		at java.base/java.lang.reflect.Method.invoke(Method.java:569)
		at org.apache.catalina.startup.Bootstrap.start(Bootstrap.java:348)
		at org.apache.catalina.startup.Bootstrap.main(Bootstrap.java:485)
16-Jul-2026 17:41:19.135 SEVERE [main] org.apache.catalina.core.StandardContext.listenerStart Skipped installing application listeners due to previous error(s)
